agents,map_file,solver,solved,soc,soc_lb,makespan,makespan_lb,sum_of_loss,sum_of_loss_lb,comp_time,seed,Opti_Deadline,Bool_Opti,Scenario_File,N,opti_objective,functype
20,ht_chantry.map,planner,1,2027,2005,172,171,2027,2005,10594,0,0,False,ht_chantry-random-5.scen,20,True,
20,ht_chantry.map,planner,1,2027,2005,172,171,2027,2005,10588,0,0,True,ht_chantry-random-5.scen,20,True,opti
20,ht_chantry.map,planner,1,2025,2005,174,171,2025,2005,11056,0,1,True,ht_chantry-random-5.scen,20,True,opti
20,ht_chantry.map,planner,1,2025,2005,174,171,2025,2005,11034,0,4,True,ht_chantry-random-5.scen,20,True,opti
20,ht_chantry.map,planner,1,2025,2005,174,171,2025,2005,11087,0,16,True,ht_chantry-random-5.scen,20,True,opti
20,ht_chantry.map,planner,1,2025,2005,174,171,2025,2005,11042,0,64,True,ht_chantry-random-5.scen,20,True,opti
20,ht_chantry.map,planner,1,2025,2005,174,171,2025,2005,11011,0,256,True,ht_chantry-random-5.scen,20,True,opti
80,ht_chantry.map,planner,1,9590,8163,205,203,8610,8163,11440,0,0,False,ht_chantry-random-5.scen,80,True,
80,ht_chantry.map,planner,1,9590,8163,205,203,8610,8163,11367,0,0,True,ht_chantry-random-5.scen,80,True,opti
80,ht_chantry.map,planner,1,9272,8163,203,203,8550,8163,10951,0,1,True,ht_chantry-random-5.scen,80,True,opti
80,ht_chantry.map,planner,1,9272,8163,203,203,8550,8163,10898,0,4,True,ht_chantry-random-5.scen,80,True,opti
80,ht_chantry.map,planner,1,9272,8163,203,203,8550,8163,11041,0,16,True,ht_chantry-random-5.scen,80,True,opti
80,ht_chantry.map,planner,1,9272,8163,203,203,8550,8163,10924,0,64,True,ht_chantry-random-5.scen,80,True,opti
80,ht_chantry.map,planner,1,9272,8163,203,203,8550,8163,10910,0,256,True,ht_chantry-random-5.scen,80,True,opti
140,ht_chantry.map,planner,1,17453,14076,205,203,15163,14076,10245,0,0,False,ht_chantry-random-5.scen,140,True,
140,ht_chantry.map,planner,1,17453,14076,205,203,15163,14076,10201,0,0,True,ht_chantry-random-5.scen,140,True,opti
140,ht_chantry.map,planner,1,17405,14076,210,203,15139,14076,10687,0,1,True,ht_chantry-random-5.scen,140,True,opti
140,ht_chantry.map,planner,1,17238,14076,206,203,15183,14076,10682,0,4,True,ht_chantry-random-5.scen,140,True,opti
140,ht_chantry.map,planner,1,17177,14076,208,203,15215,14076,10905,0,16,True,ht_chantry-random-5.scen,140,True,opti
140,ht_chantry.map,planner,1,17177,14076,208,203,15215,14076,10947,0,64,True,ht_chantry-random-5.scen,140,True,opti
140,ht_chantry.map,planner,1,17177,14076,208,203,15215,14076,10896,0,256,True,ht_chantry-random-5.scen,140,True,opti
200,ht_chantry.map,planner,1,25022,19547,203,203,21567,19547,10393,0,0,False,ht_chantry-random-5.scen,200,True,
200,ht_chantry.map,planner,1,25022,19547,203,203,21567,19547,10358,0,0,True,ht_chantry-random-5.scen,200,True,opti
200,ht_chantry.map,planner,1,24697,19547,203,203,21376,19547,10724,0,1,True,ht_chantry-random-5.scen,200,True,opti
200,ht_chantry.map,planner,1,25039,19547,206,203,21415,19547,10081,0,4,True,ht_chantry-random-5.scen,200,True,opti
200,ht_chantry.map,planner,1,24853,19547,205,203,21358,19547,10464,0,16,True,ht_chantry-random-5.scen,200,True,opti
200,ht_chantry.map,planner,1,24548,19547,209,203,21252,19547,10293,0,64,True,ht_chantry-random-5.scen,200,True,opti
200,ht_chantry.map,planner,1,24683,19547,207,203,21292,19547,10094,0,256,True,ht_chantry-random-5.scen,200,True,opti
260,ht_chantry.map,planner,1,33429,25650,205,203,28719,25650,10532,0,0,False,ht_chantry-random-5.scen,260,True,
260,ht_chantry.map,planner,1,33910,25650,203,203,29113,25650,10552,0,0,True,ht_chantry-random-5.scen,260,True,opti
260,ht_chantry.map,planner,1,33397,25650,207,203,28492,25650,10641,0,1,True,ht_chantry-random-5.scen,260,True,opti
260,ht_chantry.map,planner,1,33238,25650,206,203,28360,25650,10423,0,4,True,ht_chantry-random-5.scen,260,True,opti
260,ht_chantry.map,planner,1,33842,25650,206,203,28607,25650,10599,0,16,True,ht_chantry-random-5.scen,260,True,opti
260,ht_chantry.map,planner,1,33196,25650,205,203,28385,25650,10503,0,64,True,ht_chantry-random-5.scen,260,True,opti
260,ht_chantry.map,planner,1,32874,25650,205,203,28304,25650,10282,0,256,True,ht_chantry-random-5.scen,260,True,opti
320,ht_chantry.map,planner,1,42455,30916,203,203,35763,30916,10080,0,0,False,ht_chantry-random-5.scen,320,True,
320,ht_chantry.map,planner,1,42210,30916,203,203,35759,30916,10427,0,0,True,ht_chantry-random-5.scen,320,True,opti
320,ht_chantry.map,planner,1,41744,30916,207,203,35237,30916,10351,0,1,True,ht_chantry-random-5.scen,320,True,opti
320,ht_chantry.map,planner,1,41628,30916,203,203,35256,30916,10452,0,4,True,ht_chantry-random-5.scen,320,True,opti
320,ht_chantry.map,planner,1,41878,30916,203,203,35495,30916,10383,0,16,True,ht_chantry-random-5.scen,320,True,opti
320,ht_chantry.map,planner,1,41547,30916,210,203,35337,30916,10399,0,64,True,ht_chantry-random-5.scen,320,True,opti
320,ht_chantry.map,planner,1,41847,30916,207,203,35177,30916,10050,0,256,True,ht_chantry-random-5.scen,320,True,opti
380,ht_chantry.map,planner,1,50712,36536,208,203,42905,36536,10347,0,0,False,ht_chantry-random-5.scen,380,True,
380,ht_chantry.map,planner,1,51105,36536,205,203,42842,36536,10049,0,0,True,ht_chantry-random-5.scen,380,True,opti
380,ht_chantry.map,planner,1,50519,36536,216,203,42743,36536,10315,0,1,True,ht_chantry-random-5.scen,380,True,opti
380,ht_chantry.map,planner,1,50647,36536,208,203,42735,36536,10359,0,4,True,ht_chantry-random-5.scen,380,True,opti
380,ht_chantry.map,planner,1,50368,36536,207,203,42597,36536,10155,0,16,True,ht_chantry-random-5.scen,380,True,opti
380,ht_chantry.map,planner,1,50618,36536,207,203,42439,36536,10091,0,64,True,ht_chantry-random-5.scen,380,True,opti
380,ht_chantry.map,planner,1,50424,36536,207,203,42228,36536,10024,0,256,True,ht_chantry-random-5.scen,380,True,opti
20,ht_chantry.map,planner,1,1732,1693,190,190,1700,1693,11001,0,0,False,ht_chantry-random-12.scen,20,True,
20,ht_chantry.map,planner,1,1732,1693,190,190,1700,1693,11012,0,0,True,ht_chantry-random-12.scen,20,True,opti
20,ht_chantry.map,planner,1,1732,1693,190,190,1700,1693,11000,0,1,True,ht_chantry-random-12.scen,20,True,opti
20,ht_chantry.map,planner,1,1732,1693,190,190,1700,1693,10986,0,4,True,ht_chantry-random-12.scen,20,True,opti
20,ht_chantry.map,planner,1,1732,1693,190,190,1700,1693,11020,0,16,True,ht_chantry-random-12.scen,20,True,opti
20,ht_chantry.map,planner,1,1732,1693,190,190,1700,1693,11004,0,64,True,ht_chantry-random-12.scen,20,True,opti
20,ht_chantry.map,planner,1,1732,1693,190,190,1700,1693,11003,0,256,True,ht_chantry-random-12.scen,20,True,opti
80,ht_chantry.map,planner,1,7903,6817,192,190,7190,6817,10370,0,0,False,ht_chantry-random-12.scen,80,True,
80,ht_chantry.map,planner,1,7903,6817,192,190,7190,6817,10448,0,0,True,ht_chantry-random-12.scen,80,True,opti
80,ht_chantry.map,planner,1,7962,6817,191,190,7175,6817,10317,0,1,True,ht_chantry-random-12.scen,80,True,opti
80,ht_chantry.map,planner,1,7962,6817,191,190,7175,6817,10295,0,4,True,ht_chantry-random-12.scen,80,True,opti
80,ht_chantry.map,planner,1,7962,6817,191,190,7175,6817,10347,0,16,True,ht_chantry-random-12.scen,80,True,opti
80,ht_chantry.map,planner,1,7962,6817,191,190,7175,6817,10340,0,64,True,ht_chantry-random-12.scen,80,True,opti
80,ht_chantry.map,planner,1,7962,6817,191,190,7175,6817,10322,0,256,True,ht_chantry-random-12.scen,80,True,opti
140,ht_chantry.map,planner,1,15428,12705,195,195,13645,12705,10947,0,0,False,ht_chantry-random-12.scen,140,True,
140,ht_chantry.map,planner,1,15428,12705,195,195,13645,12705,11033,0,0,True,ht_chantry-random-12.scen,140,True,opti
140,ht_chantry.map,planner,1,15315,12705,195,195,13684,12705,10274,0,1,True,ht_chantry-random-12.scen,140,True,opti
140,ht_chantry.map,planner,1,15275,12705,195,195,13648,12705,10395,0,4,True,ht_chantry-random-12.scen,140,True,opti
140,ht_chantry.map,planner,1,15275,12705,195,195,13648,12705,10397,0,16,True,ht_chantry-random-12.scen,140,True,opti
140,ht_chantry.map,planner,1,15275,12705,195,195,13648,12705,10429,0,64,True,ht_chantry-random-12.scen,140,True,opti
140,ht_chantry.map,planner,1,15275,12705,195,195,13648,12705,10387,0,256,True,ht_chantry-random-12.scen,140,True,opti
200,ht_chantry.map,planner,1,23414,18947,195,195,20868,18947,10729,0,0,False,ht_chantry-random-12.scen,200,True,
200,ht_chantry.map,planner,1,23414,18947,195,195,20868,18947,10763,0,0,True,ht_chantry-random-12.scen,200,True,opti
200,ht_chantry.map,planner,1,23508,18947,197,195,20769,18947,10753,0,1,True,ht_chantry-random-12.scen,200,True,opti
200,ht_chantry.map,planner,1,23278,18947,196,195,20832,18947,10724,0,4,True,ht_chantry-random-12.scen,200,True,opti
200,ht_chantry.map,planner,1,23456,18947,195,195,20853,18947,10686,0,16,True,ht_chantry-random-12.scen,200,True,opti
200,ht_chantry.map,planner,1,23662,18947,195,195,20813,18947,10305,0,64,True,ht_chantry-random-12.scen,200,True,opti
200,ht_chantry.map,planner,1,23442,18947,201,195,20913,18947,10294,0,256,True,ht_chantry-random-12.scen,200,True,opti
260,ht_chantry.map,planner,1,32374,24686,195,195,27889,24686,10622,0,0,False,ht_chantry-random-12.scen,260,True,
260,ht_chantry.map,planner,1,32374,24686,195,195,27889,24686,10606,0,0,True,ht_chantry-random-12.scen,260,True,opti
260,ht_chantry.map,planner,1,31947,24686,197,195,27610,24686,10549,0,1,True,ht_chantry-random-12.scen,260,True,opti
260,ht_chantry.map,planner,1,31298,24686,196,195,27708,24686,10572,0,4,True,ht_chantry-random-12.scen,260,True,opti
260,ht_chantry.map,planner,1,31529,24686,198,195,27399,24686,10469,0,16,True,ht_chantry-random-12.scen,260,True,opti
260,ht_chantry.map,planner,1,31618,24686,201,195,27501,24686,10432,0,64,True,ht_chantry-random-12.scen,260,True,opti
260,ht_chantry.map,planner,1,31164,24686,202,195,27474,24686,10196,0,256,True,ht_chantry-random-12.scen,260,True,opti
320,ht_chantry.map,planner,1,41474,30015,213,196,35120,30015,10452,0,0,False,ht_chantry-random-12.scen,320,True,
320,ht_chantry.map,planner,1,41474,30015,213,196,35120,30015,10411,0,0,True,ht_chantry-random-12.scen,320,True,opti
320,ht_chantry.map,planner,1,40521,30015,201,196,34427,30015,10483,0,1,True,ht_chantry-random-12.scen,320,True,opti
320,ht_chantry.map,planner,1,40609,30015,210,196,34675,30015,10242,0,4,True,ht_chantry-random-12.scen,320,True,opti
320,ht_chantry.map,planner,1,40620,30015,202,196,34724,30015,10411,0,16,True,ht_chantry-random-12.scen,320,True,opti
320,ht_chantry.map,planner,1,40496,30015,208,196,34437,30015,10050,0,64,True,ht_chantry-random-12.scen,320,True,opti
320,ht_chantry.map,planner,1,40707,30015,198,196,34608,30015,10099,0,256,True,ht_chantry-random-12.scen,320,True,opti
380,ht_chantry.map,planner,1,49457,35809,200,196,42472,35809,10305,0,0,False,ht_chantry-random-12.scen,380,True,
380,ht_chantry.map,planner,1,49457,35809,200,196,42472,35809,10318,0,0,True,ht_chantry-random-12.scen,380,True,opti
380,ht_chantry.map,planner,1,50527,35809,202,196,43006,35809,10036,0,1,True,ht_chantry-random-12.scen,380,True,opti
380,ht_chantry.map,planner,1,49526,35809,218,196,42520,35809,10036,0,4,True,ht_chantry-random-12.scen,380,True,opti
380,ht_chantry.map,planner,1,49857,35809,208,196,42408,35809,10076,0,16,True,ht_chantry-random-12.scen,380,True,opti
380,ht_chantry.map,planner,1,49858,35809,210,196,42421,35809,10129,0,64,True,ht_chantry-random-12.scen,380,True,opti
380,ht_chantry.map,planner,1,49306,35809,211,196,42448,35809,10128,0,256,True,ht_chantry-random-12.scen,380,True,opti
20,ht_chantry.map,planner,1,1538,1513,144,144,1528,1513,10847,0,0,False,ht_chantry-random-1.scen,20,True,
20,ht_chantry.map,planner,1,1538,1513,144,144,1528,1513,10833,0,0,True,ht_chantry-random-1.scen,20,True,opti
20,ht_chantry.map,planner,1,1538,1513,144,144,1528,1513,10408,0,1,True,ht_chantry-random-1.scen,20,True,opti
20,ht_chantry.map,planner,1,1538,1513,144,144,1528,1513,10314,0,4,True,ht_chantry-random-1.scen,20,True,opti
20,ht_chantry.map,planner,1,1538,1513,144,144,1528,1513,10378,0,16,True,ht_chantry-random-1.scen,20,True,opti
20,ht_chantry.map,planner,1,1538,1513,144,144,1528,1513,10284,0,64,True,ht_chantry-random-1.scen,20,True,opti
20,ht_chantry.map,planner,1,1538,1513,144,144,1528,1513,10497,0,256,True,ht_chantry-random-1.scen,20,True,opti
80,ht_chantry.map,planner,1,8071,6959,189,189,7334,6959,10181,0,0,False,ht_chantry-random-1.scen,80,True,
80,ht_chantry.map,planner,1,8071,6959,189,189,7334,6959,10175,0,0,True,ht_chantry-random-1.scen,80,True,opti
80,ht_chantry.map,planner,1,8107,6959,189,189,7391,6959,10391,0,1,True,ht_chantry-random-1.scen,80,True,opti
80,ht_chantry.map,planner,1,8107,6959,189,189,7391,6959,10427,0,4,True,ht_chantry-random-1.scen,80,True,opti
80,ht_chantry.map,planner,1,8107,6959,189,189,7391,6959,10397,0,16,True,ht_chantry-random-1.scen,80,True,opti
80,ht_chantry.map,planner,1,8107,6959,189,189,7391,6959,10408,0,64,True,ht_chantry-random-1.scen,80,True,opti
80,ht_chantry.map,planner,1,8107,6959,189,189,7391,6959,10433,0,256,True,ht_chantry-random-1.scen,80,True,opti
140,ht_chantry.map,planner,1,15140,12425,189,189,13469,12425,10963,0,0,False,ht_chantry-random-1.scen,140,True,
140,ht_chantry.map,planner,1,15140,12425,189,189,13469,12425,10976,0,0,True,ht_chantry-random-1.scen,140,True,opti
140,ht_chantry.map,planner,1,14672,12425,189,189,13419,12425,10882,0,1,True,ht_chantry-random-1.scen,140,True,opti
140,ht_chantry.map,planner,1,15147,12425,189,189,13363,12425,10897,0,4,True,ht_chantry-random-1.scen,140,True,opti
140,ht_chantry.map,planner,1,15257,12425,189,189,13440,12425,11032,0,16,True,ht_chantry-random-1.scen,140,True,opti
140,ht_chantry.map,planner,1,15257,12425,189,189,13440,12425,11064,0,64,True,ht_chantry-random-1.scen,140,True,opti
140,ht_chantry.map,planner,1,15257,12425,189,189,13440,12425,11053,0,256,True,ht_chantry-random-1.scen,140,True,opti
200,ht_chantry.map,planner,1,22280,17662,194,192,19476,17662,10710,0,0,False,ht_chantry-random-1.scen,200,True,
200,ht_chantry.map,planner,1,22280,17662,194,192,19476,17662,10705,0,0,True,ht_chantry-random-1.scen,200,True,opti
200,ht_chantry.map,planner,1,22306,17662,192,192,19417,17662,10707,0,1,True,ht_chantry-random-1.scen,200,True,opti
200,ht_chantry.map,planner,1,22188,17662,192,192,19368,17662,10675,0,4,True,ht_chantry-random-1.scen,200,True,opti
200,ht_chantry.map,planner,1,22212,17662,192,192,19342,17662,10665,0,16,True,ht_chantry-random-1.scen,200,True,opti
200,ht_chantry.map,planner,1,22385,17662,194,192,19210,17662,10724,0,64,True,ht_chantry-random-1.scen,200,True,opti
200,ht_chantry.map,planner,1,22286,17662,192,192,19439,17662,10222,0,256,True,ht_chantry-random-1.scen,200,True,opti
260,ht_chantry.map,planner,1,30276,22893,193,192,25724,22893,10621,0,0,False,ht_chantry-random-1.scen,260,True,
260,ht_chantry.map,planner,1,30276,22893,193,192,25724,22893,10609,0,0,True,ht_chantry-random-1.scen,260,True,opti
260,ht_chantry.map,planner,1,29736,22893,193,192,25464,22893,10549,0,1,True,ht_chantry-random-1.scen,260,True,opti
260,ht_chantry.map,planner,1,29848,22893,192,192,25547,22893,10404,0,4,True,ht_chantry-random-1.scen,260,True,opti
260,ht_chantry.map,planner,1,29785,22893,192,192,25572,22893,10538,0,16,True,ht_chantry-random-1.scen,260,True,opti
260,ht_chantry.map,planner,1,29763,22893,193,192,25425,22893,10447,0,64,True,ht_chantry-random-1.scen,260,True,opti
260,ht_chantry.map,planner,1,29624,22893,193,192,25505,22893,10256,0,256,True,ht_chantry-random-1.scen,260,True,opti
320,ht_chantry.map,planner,1,40250,28887,209,192,33598,28887,10481,0,0,False,ht_chantry-random-1.scen,320,True,
320,ht_chantry.map,planner,1,40232,28887,196,192,33532,28887,10042,0,0,True,ht_chantry-random-1.scen,320,True,opti
320,ht_chantry.map,planner,1,39843,28887,198,192,33220,28887,10445,0,1,True,ht_chantry-random-1.scen,320,True,opti
320,ht_chantry.map,planner,1,39152,28887,195,192,32990,28887,10418,0,4,True,ht_chantry-random-1.scen,320,True,opti
320,ht_chantry.map,planner,1,39676,28887,192,192,33154,28887,10422,0,16,True,ht_chantry-random-1.scen,320,True,opti
320,ht_chantry.map,planner,1,39680,28887,198,192,32943,28887,10239,0,64,True,ht_chantry-random-1.scen,320,True,opti
320,ht_chantry.map,planner,1,39399,28887,214,192,32964,28887,10079,0,256,True,ht_chantry-random-1.scen,320,True,opti
380,ht_chantry.map,planner,1,49155,34333,201,201,40526,34333,10302,0,0,False,ht_chantry-random-1.scen,380,True,
380,ht_chantry.map,planner,1,48677,34333,207,201,40603,34333,10261,0,0,True,ht_chantry-random-1.scen,380,True,opti
380,ht_chantry.map,planner,1,47968,34333,201,201,39814,34333,10301,0,1,True,ht_chantry-random-1.scen,380,True,opti
380,ht_chantry.map,planner,1,48717,34333,202,201,40542,34333,10040,0,4,True,ht_chantry-random-1.scen,380,True,opti
380,ht_chantry.map,planner,1,48862,34333,210,201,40154,34333,10335,0,16,True,ht_chantry-random-1.scen,380,True,opti
380,ht_chantry.map,planner,1,48225,34333,201,201,40002,34333,10070,0,64,True,ht_chantry-random-1.scen,380,True,opti
380,ht_chantry.map,planner,1,48381,34333,201,201,39969,34333,10073,0,256,True,ht_chantry-random-1.scen,380,True,opti
20,ht_chantry.map,planner,1,1938,1923,175,175,1938,1923,10212,0,0,False,ht_chantry-random-3.scen,20,True,
20,ht_chantry.map,planner,1,1938,1923,175,175,1938,1923,10215,0,0,True,ht_chantry-random-3.scen,20,True,opti
20,ht_chantry.map,planner,1,1938,1923,175,175,1938,1923,10229,0,1,True,ht_chantry-random-3.scen,20,True,opti
20,ht_chantry.map,planner,1,1938,1923,175,175,1938,1923,10206,0,4,True,ht_chantry-random-3.scen,20,True,opti
20,ht_chantry.map,planner,1,1938,1923,175,175,1938,1923,10208,0,16,True,ht_chantry-random-3.scen,20,True,opti
20,ht_chantry.map,planner,1,1938,1923,175,175,1938,1923,10212,0,64,True,ht_chantry-random-3.scen,20,True,opti
20,ht_chantry.map,planner,1,1938,1923,175,175,1938,1923,10208,0,256,True,ht_chantry-random-3.scen,20,True,opti
80,ht_chantry.map,planner,1,8443,7680,207,203,7993,7680,10377,0,0,False,ht_chantry-random-3.scen,80,True,
80,ht_chantry.map,planner,1,8443,7680,207,203,7993,7680,10481,0,0,True,ht_chantry-random-3.scen,80,True,opti
80,ht_chantry.map,planner,1,8445,7680,203,203,7984,7680,11437,0,1,True,ht_chantry-random-3.scen,80,True,opti
80,ht_chantry.map,planner,1,8445,7680,203,203,7984,7680,11403,0,4,True,ht_chantry-random-3.scen,80,True,opti
80,ht_chantry.map,planner,1,8445,7680,203,203,7984,7680,11499,0,16,True,ht_chantry-random-3.scen,80,True,opti
80,ht_chantry.map,planner,1,8445,7680,203,203,7984,7680,11422,0,64,True,ht_chantry-random-3.scen,80,True,opti
80,ht_chantry.map,planner,1,8445,7680,203,203,7984,7680,11536,0,256,True,ht_chantry-random-3.scen,80,True,opti
140,ht_chantry.map,planner,1,15286,12900,205,203,13808,12900,10911,0,0,False,ht_chantry-random-3.scen,140,True,
140,ht_chantry.map,planner,1,15286,12900,205,203,13808,12900,10971,0,0,True,ht_chantry-random-3.scen,140,True,opti
140,ht_chantry.map,planner,1,15393,12900,206,203,13813,12900,10289,0,1,True,ht_chantry-random-3.scen,140,True,opti
140,ht_chantry.map,planner,1,15350,12900,205,203,13823,12900,10579,0,4,True,ht_chantry-random-3.scen,140,True,opti
140,ht_chantry.map,planner,1,15350,12900,205,203,13823,12900,10245,0,16,True,ht_chantry-random-3.scen,140,True,opti
140,ht_chantry.map,planner,1,15387,12900,207,203,13805,12900,10303,0,64,True,ht_chantry-random-3.scen,140,True,opti
140,ht_chantry.map,planner,1,15387,12900,207,203,13805,12900,10277,0,256,True,ht_chantry-random-3.scen,140,True,opti
200,ht_chantry.map,planner,1,23311,18393,203,203,20323,18393,10652,0,0,False,ht_chantry-random-3.scen,200,True,
200,ht_chantry.map,planner,1,23311,18393,203,203,20323,18393,10646,0,0,True,ht_chantry-random-3.scen,200,True,opti
200,ht_chantry.map,planner,1,22732,18393,205,203,20121,18393,10686,0,1,True,ht_chantry-random-3.scen,200,True,opti
200,ht_chantry.map,planner,1,23264,18393,207,203,20166,18393,10447,0,4,True,ht_chantry-random-3.scen,200,True,opti
200,ht_chantry.map,planner,1,22790,18393,209,203,20152,18393,10474,0,16,True,ht_chantry-random-3.scen,200,True,opti
200,ht_chantry.map,planner,1,22846,18393,205,203,20131,18393,10696,0,64,True,ht_chantry-random-3.scen,200,True,opti
200,ht_chantry.map,planner,1,22724,18393,205,203,20148,18393,10229,0,256,True,ht_chantry-random-3.scen,200,True,opti
260,ht_chantry.map,planner,1,30967,23798,207,203,26855,23798,10463,0,0,False,ht_chantry-random-3.scen,260,True,
260,ht_chantry.map,planner,1,30967,23798,207,203,26855,23798,10530,0,0,True,ht_chantry-random-3.scen,260,True,opti
260,ht_chantry.map,planner,1,31004,23798,203,203,26833,23798,10302,0,1,True,ht_chantry-random-3.scen,260,True,opti
260,ht_chantry.map,planner,1,30800,23798,204,203,26622,23798,10515,0,4,True,ht_chantry-random-3.scen,260,True,opti
260,ht_chantry.map,planner,1,30629,23798,207,203,26541,23798,10546,0,16,True,ht_chantry-random-3.scen,260,True,opti
260,ht_chantry.map,planner,1,30155,23798,203,203,26365,23798,10528,0,64,True,ht_chantry-random-3.scen,260,True,opti
260,ht_chantry.map,planner,1,30713,23798,205,203,26636,23798,10185,0,256,True,ht_chantry-random-3.scen,260,True,opti
320,ht_chantry.map,planner,1,40536,29094,207,203,34008,29094,10474,0,0,False,ht_chantry-random-3.scen,320,True,
320,ht_chantry.map,planner,1,40536,29094,207,203,34008,29094,10490,0,0,True,ht_chantry-random-3.scen,320,True,opti
320,ht_chantry.map,planner,1,39653,29094,213,203,33545,29094,10400,0,1,True,ht_chantry-random-3.scen,320,True,opti
320,ht_chantry.map,planner,1,39575,29094,203,203,33409,29094,10361,0,4,True,ht_chantry-random-3.scen,320,True,opti
320,ht_chantry.map,planner,1,39447,29094,205,203,33484,29094,10440,0,16,True,ht_chantry-random-3.scen,320,True,opti
320,ht_chantry.map,planner,1,39372,29094,205,203,33431,29094,10378,0,64,True,ht_chantry-random-3.scen,320,True,opti
320,ht_chantry.map,planner,1,39093,29094,203,203,33323,29094,10168,0,256,True,ht_chantry-random-3.scen,320,True,opti
380,ht_chantry.map,planner,1,50141,35197,211,203,42306,35197,10306,0,0,False,ht_chantry-random-3.scen,380,True,
380,ht_chantry.map,planner,1,50141,35197,211,203,42306,35197,10307,0,0,True,ht_chantry-random-3.scen,380,True,opti
380,ht_chantry.map,planner,1,50309,35197,205,203,41935,35197,10351,0,1,True,ht_chantry-random-3.scen,380,True,opti
380,ht_chantry.map,planner,1,49612,35197,205,203,41406,35197,10290,0,4,True,ht_chantry-random-3.scen,380,True,opti
380,ht_chantry.map,planner,1,50180,35197,211,203,41669,35197,10267,0,16,True,ht_chantry-random-3.scen,380,True,opti
380,ht_chantry.map,planner,1,50294,35197,206,203,41803,35197,10278,0,64,True,ht_chantry-random-3.scen,380,True,opti
380,ht_chantry.map,planner,1,49364,35197,211,203,41615,35197,10019,0,256,True,ht_chantry-random-3.scen,380,True,opti
20,ht_chantry.map,planner,1,1649,1640,160,160,1648,1640,10660,0,0,False,ht_chantry-random-7.scen,20,True,
20,ht_chantry.map,planner,1,1649,1640,160,160,1648,1640,10655,0,0,True,ht_chantry-random-7.scen,20,True,opti
20,ht_chantry.map,planner,1,1649,1640,160,160,1648,1640,10674,0,1,True,ht_chantry-random-7.scen,20,True,opti
20,ht_chantry.map,planner,1,1649,1640,160,160,1648,1640,10499,0,4,True,ht_chantry-random-7.scen,20,True,opti
20,ht_chantry.map,planner,1,1649,1640,160,160,1648,1640,10647,0,16,True,ht_chantry-random-7.scen,20,True,opti
20,ht_chantry.map,planner,1,1649,1640,160,160,1648,1640,10458,0,64,True,ht_chantry-random-7.scen,20,True,opti
20,ht_chantry.map,planner,1,1649,1640,160,160,1648,1640,10678,0,256,True,ht_chantry-random-7.scen,20,True,opti
80,ht_chantry.map,planner,1,7938,7235,174,172,7603,7235,10248,0,0,False,ht_chantry-random-7.scen,80,True,
80,ht_chantry.map,planner,1,7938,7235,174,172,7603,7235,10230,0,0,True,ht_chantry-random-7.scen,80,True,opti
80,ht_chantry.map,planner,1,7958,7235,174,172,7600,7235,10346,0,1,True,ht_chantry-random-7.scen,80,True,opti
80,ht_chantry.map,planner,1,7958,7235,174,172,7600,7235,10350,0,4,True,ht_chantry-random-7.scen,80,True,opti
80,ht_chantry.map,planner,1,7958,7235,174,172,7600,7235,10359,0,16,True,ht_chantry-random-7.scen,80,True,opti
80,ht_chantry.map,planner,1,7958,7235,174,172,7600,7235,10351,0,64,True,ht_chantry-random-7.scen,80,True,opti
80,ht_chantry.map,planner,1,7958,7235,174,172,7600,7235,10348,0,256,True,ht_chantry-random-7.scen,80,True,opti
140,ht_chantry.map,planner,1,15615,13148,180,180,14362,13148,10101,0,0,False,ht_chantry-random-7.scen,140,True,
140,ht_chantry.map,planner,1,15615,13148,180,180,14362,13148,10125,0,0,True,ht_chantry-random-7.scen,140,True,opti
140,ht_chantry.map,planner,1,15429,13148,182,180,14169,13148,10086,0,1,True,ht_chantry-random-7.scen,140,True,opti
140,ht_chantry.map,planner,1,15429,13148,182,180,14169,13148,10086,0,4,True,ht_chantry-random-7.scen,140,True,opti
140,ht_chantry.map,planner,1,15429,13148,182,180,14169,13148,10089,0,16,True,ht_chantry-random-7.scen,140,True,opti
140,ht_chantry.map,planner,1,15429,13148,182,180,14169,13148,10134,0,64,True,ht_chantry-random-7.scen,140,True,opti
140,ht_chantry.map,planner,1,15429,13148,182,180,14169,13148,10116,0,256,True,ht_chantry-random-7.scen,140,True,opti
200,ht_chantry.map,planner,1,22612,18824,180,180,20802,18824,10686,0,0,False,ht_chantry-random-7.scen,200,True,
200,ht_chantry.map,planner,1,22799,18824,180,180,20884,18824,10046,0,0,True,ht_chantry-random-7.scen,200,True,opti
200,ht_chantry.map,planner,1,22956,18824,182,180,20710,18824,10734,0,1,True,ht_chantry-random-7.scen,200,True,opti
200,ht_chantry.map,planner,1,22595,18824,185,180,20691,18824,10734,0,4,True,ht_chantry-random-7.scen,200,True,opti
200,ht_chantry.map,planner,1,23025,18824,182,180,20769,18824,10695,0,16,True,ht_chantry-random-7.scen,200,True,opti
200,ht_chantry.map,planner,1,22518,18824,182,180,20644,18824,10688,0,64,True,ht_chantry-random-7.scen,200,True,opti
200,ht_chantry.map,planner,1,22523,18824,181,180,20655,18824,10058,0,256,True,ht_chantry-random-7.scen,200,True,opti
260,ht_chantry.map,planner,1,30817,24302,184,180,27304,24302,10164,0,0,False,ht_chantry-random-7.scen,260,True,
260,ht_chantry.map,planner,1,31038,24302,183,180,27399,24302,10431,0,0,True,ht_chantry-random-7.scen,260,True,opti
260,ht_chantry.map,planner,1,30669,24302,183,180,27288,24302,10201,0,1,True,ht_chantry-random-7.scen,260,True,opti
260,ht_chantry.map,planner,1,30235,24302,182,180,27150,24302,10273,0,4,True,ht_chantry-random-7.scen,260,True,opti
260,ht_chantry.map,planner,1,30975,24302,180,180,27221,24302,10542,0,16,True,ht_chantry-random-7.scen,260,True,opti
260,ht_chantry.map,planner,1,30398,24302,184,180,27011,24302,10041,0,64,True,ht_chantry-random-7.scen,260,True,opti
260,ht_chantry.map,planner,1,30312,24302,181,180,26980,24302,10316,0,256,True,ht_chantry-random-7.scen,260,True,opti
320,ht_chantry.map,planner,1,39287,29691,186,180,34216,29691,10371,0,0,False,ht_chantry-random-7.scen,320,True,
320,ht_chantry.map,planner,1,39287,29691,186,180,34216,29691,10382,0,0,True,ht_chantry-random-7.scen,320,True,opti
320,ht_chantry.map,planner,1,38979,29691,187,180,34062,29691,10440,0,1,True,ht_chantry-random-7.scen,320,True,opti
320,ht_chantry.map,planner,1,38777,29691,192,180,33904,29691,10078,0,4,True,ht_chantry-random-7.scen,320,True,opti
320,ht_chantry.map,planner,1,38955,29691,185,180,34054,29691,10323,0,16,True,ht_chantry-random-7.scen,320,True,opti
320,ht_chantry.map,planner,1,38271,29691,191,180,33608,29691,10061,0,64,True,ht_chantry-random-7.scen,320,True,opti
320,ht_chantry.map,planner,1,38925,29691,185,180,33868,29691,10066,0,256,True,ht_chantry-random-7.scen,320,True,opti
380,ht_chantry.map,planner,1,48505,35193,190,184,41602,35193,10211,0,0,False,ht_chantry-random-7.scen,380,True,
380,ht_chantry.map,planner,1,48395,35193,193,184,41418,35193,10381,0,0,True,ht_chantry-random-7.scen,380,True,opti
380,ht_chantry.map,planner,1,47855,35193,213,184,41076,35193,10047,0,1,True,ht_chantry-random-7.scen,380,True,opti
380,ht_chantry.map,planner,1,47202,35193,192,184,40725,35193,10350,0,4,True,ht_chantry-random-7.scen,380,True,opti
380,ht_chantry.map,planner,1,47343,35193,186,184,40868,35193,10293,0,16,True,ht_chantry-random-7.scen,380,True,opti
380,ht_chantry.map,planner,1,47257,35193,193,184,40960,35193,10256,0,64,True,ht_chantry-random-7.scen,380,True,opti
380,ht_chantry.map,planner,1,47430,35193,188,184,41010,35193,10123,0,256,True,ht_chantry-random-7.scen,380,True,opti
20,ht_chantry.map,planner,1,1924,1918,191,191,1924,1918,10989,0,0,False,ht_chantry-random-9.scen,20,True,
20,ht_chantry.map,planner,1,1924,1918,191,191,1924,1918,10992,0,0,True,ht_chantry-random-9.scen,20,True,opti
20,ht_chantry.map,planner,1,1927,1918,191,191,1927,1918,10627,0,1,True,ht_chantry-random-9.scen,20,True,opti
20,ht_chantry.map,planner,1,1927,1918,191,191,1927,1918,10622,0,4,True,ht_chantry-random-9.scen,20,True,opti
20,ht_chantry.map,planner,1,1927,1918,191,191,1927,1918,10655,0,16,True,ht_chantry-random-9.scen,20,True,opti
20,ht_chantry.map,planner,1,1927,1918,191,191,1927,1918,10648,0,64,True,ht_chantry-random-9.scen,20,True,opti
20,ht_chantry.map,planner,1,1927,1918,191,191,1927,1918,10607,0,256,True,ht_chantry-random-9.scen,20,True,opti
80,ht_chantry.map,planner,1,8506,7509,191,191,7855,7509,11235,0,0,False,ht_chantry-random-9.scen,80,True,
80,ht_chantry.map,planner,1,8506,7509,191,191,7855,7509,11191,0,0,True,ht_chantry-random-9.scen,80,True,opti
80,ht_chantry.map,planner,1,8511,7509,191,191,7837,7509,10436,0,1,True,ht_chantry-random-9.scen,80,True,opti
80,ht_chantry.map,planner,1,8511,7509,191,191,7837,7509,10464,0,4,True,ht_chantry-random-9.scen,80,True,opti
80,ht_chantry.map,planner,1,8511,7509,191,191,7837,7509,10470,0,16,True,ht_chantry-random-9.scen,80,True,opti
80,ht_chantry.map,planner,1,8511,7509,191,191,7837,7509,10445,0,64,True,ht_chantry-random-9.scen,80,True,opti
80,ht_chantry.map,planner,1,8511,7509,191,191,7837,7509,10423,0,256,True,ht_chantry-random-9.scen,80,True,opti
140,ht_chantry.map,planner,1,15635,13349,203,202,14278,13349,10489,0,0,False,ht_chantry-random-9.scen,140,True,
140,ht_chantry.map,planner,1,15635,13349,203,202,14278,13349,10469,0,0,True,ht_chantry-random-9.scen,140,True,opti
140,ht_chantry.map,planner,1,15913,13349,202,202,14248,13349,10781,0,1,True,ht_chantry-random-9.scen,140,True,opti
140,ht_chantry.map,planner,1,15913,13349,202,202,14248,13349,10747,0,4,True,ht_chantry-random-9.scen,140,True,opti
140,ht_chantry.map,planner,1,15913,13349,202,202,14248,13349,10731,0,16,True,ht_chantry-random-9.scen,140,True,opti
140,ht_chantry.map,planner,1,15913,13349,202,202,14248,13349,10753,0,64,True,ht_chantry-random-9.scen,140,True,opti
140,ht_chantry.map,planner,1,15913,13349,202,202,14248,13349,10729,0,256,True,ht_chantry-random-9.scen,140,True,opti
200,ht_chantry.map,planner,1,24132,19475,202,202,21330,19475,10165,0,0,False,ht_chantry-random-9.scen,200,True,
200,ht_chantry.map,planner,1,24132,19475,202,202,21330,19475,10170,0,0,True,ht_chantry-random-9.scen,200,True,opti
200,ht_chantry.map,planner,1,24392,19475,202,202,21398,19475,10154,0,1,True,ht_chantry-random-9.scen,200,True,opti
200,ht_chantry.map,planner,1,24050,19475,202,202,21256,19475,10754,0,4,True,ht_chantry-random-9.scen,200,True,opti
200,ht_chantry.map,planner,1,23804,19475,202,202,21212,19475,10487,0,16,True,ht_chantry-random-9.scen,200,True,opti
200,ht_chantry.map,planner,1,23804,19475,202,202,21212,19475,10455,0,64,True,ht_chantry-random-9.scen,200,True,opti
200,ht_chantry.map,planner,1,23804,19475,202,202,21212,19475,10461,0,256,True,ht_chantry-random-9.scen,200,True,opti
260,ht_chantry.map,planner,1,31417,24946,202,202,27609,24946,10543,0,0,False,ht_chantry-random-9.scen,260,True,
260,ht_chantry.map,planner,1,31417,24946,202,202,27609,24946,10543,0,0,True,ht_chantry-random-9.scen,260,True,opti
260,ht_chantry.map,planner,1,31435,24946,202,202,27612,24946,10153,0,1,True,ht_chantry-random-9.scen,260,True,opti
260,ht_chantry.map,planner,1,31346,24946,203,202,27409,24946,10391,0,4,True,ht_chantry-random-9.scen,260,True,opti
260,ht_chantry.map,planner,1,31534,24946,202,202,27586,24946,10283,0,16,True,ht_chantry-random-9.scen,260,True,opti
260,ht_chantry.map,planner,1,31170,24946,202,202,27504,24946,10185,0,64,True,ht_chantry-random-9.scen,260,True,opti
260,ht_chantry.map,planner,1,31329,24946,203,202,27574,24946,10306,0,256,True,ht_chantry-random-9.scen,260,True,opti
320,ht_chantry.map,planner,1,41104,30628,202,202,34844,30628,10390,0,0,False,ht_chantry-random-9.scen,320,True,
320,ht_chantry.map,planner,1,41104,30628,202,202,34844,30628,10409,0,0,True,ht_chantry-random-9.scen,320,True,opti
320,ht_chantry.map,planner,1,40094,30628,202,202,34447,30628,10398,0,1,True,ht_chantry-random-9.scen,320,True,opti
320,ht_chantry.map,planner,1,40345,30628,204,202,34490,30628,10322,0,4,True,ht_chantry-random-9.scen,320,True,opti
320,ht_chantry.map,planner,1,40425,30628,205,202,34542,30628,10380,0,16,True,ht_chantry-random-9.scen,320,True,opti
320,ht_chantry.map,planner,1,39705,30628,202,202,34218,30628,10261,0,64,True,ht_chantry-random-9.scen,320,True,opti
320,ht_chantry.map,planner,1,40358,30628,203,202,34439,30628,10033,0,256,True,ht_chantry-random-9.scen,320,True,opti
380,ht_chantry.map,planner,1,49543,36103,209,202,41971,36103,10317,0,0,False,ht_chantry-random-9.scen,380,True,
380,ht_chantry.map,planner,1,49543,36103,209,202,41971,36103,10352,0,0,True,ht_chantry-random-9.scen,380,True,opti
380,ht_chantry.map,planner,1,48588,36103,202,202,41414,36103,10089,0,1,True,ht_chantry-random-9.scen,380,True,opti
380,ht_chantry.map,planner,1,50137,36103,207,202,41958,36103,10138,0,4,True,ht_chantry-random-9.scen,380,True,opti
380,ht_chantry.map,planner,1,48946,36103,202,202,41526,36103,10356,0,16,True,ht_chantry-random-9.scen,380,True,opti
380,ht_chantry.map,planner,1,48748,36103,202,202,41675,36103,10152,0,64,True,ht_chantry-random-9.scen,380,True,opti
380,ht_chantry.map,planner,1,48881,36103,202,202,41648,36103,10047,0,256,True,ht_chantry-random-9.scen,380,True,opti
20,ht_chantry.map,planner,1,2146,2138,183,183,2146,2138,11291,0,0,False,ht_chantry-random-13.scen,20,True,
20,ht_chantry.map,planner,1,2146,2138,183,183,2146,2138,11215,0,0,True,ht_chantry-random-13.scen,20,True,opti
20,ht_chantry.map,planner,1,2146,2138,183,183,2146,2138,11218,0,1,True,ht_chantry-random-13.scen,20,True,opti
20,ht_chantry.map,planner,1,2146,2138,183,183,2146,2138,11020,0,4,True,ht_chantry-random-13.scen,20,True,opti
20,ht_chantry.map,planner,1,2146,2138,183,183,2146,2138,11214,0,16,True,ht_chantry-random-13.scen,20,True,opti
20,ht_chantry.map,planner,1,2146,2138,183,183,2146,2138,11141,0,64,True,ht_chantry-random-13.scen,20,True,opti
20,ht_chantry.map,planner,1,2146,2138,183,183,2146,2138,11246,0,256,True,ht_chantry-random-13.scen,20,True,opti
80,ht_chantry.map,planner,1,9247,8221,199,199,8840,8221,10213,0,0,False,ht_chantry-random-13.scen,80,True,
80,ht_chantry.map,planner,1,9247,8221,199,199,8840,8221,10211,0,0,True,ht_chantry-random-13.scen,80,True,opti
80,ht_chantry.map,planner,1,9114,8221,202,199,8741,8221,10391,0,1,True,ht_chantry-random-13.scen,80,True,opti
80,ht_chantry.map,planner,1,9114,8221,202,199,8741,8221,10224,0,4,True,ht_chantry-random-13.scen,80,True,opti
80,ht_chantry.map,planner,1,9114,8221,202,199,8741,8221,10424,0,16,True,ht_chantry-random-13.scen,80,True,opti
80,ht_chantry.map,planner,1,9114,8221,202,199,8741,8221,10401,0,64,True,ht_chantry-random-13.scen,80,True,opti
80,ht_chantry.map,planner,1,9114,8221,202,199,8741,8221,10401,0,256,True,ht_chantry-random-13.scen,80,True,opti
140,ht_chantry.map,planner,1,16677,13995,203,199,15535,13995,10861,0,0,False,ht_chantry-random-13.scen,140,True,
140,ht_chantry.map,planner,1,16677,13995,203,199,15535,13995,10887,0,0,True,ht_chantry-random-13.scen,140,True,opti
140,ht_chantry.map,planner,1,16865,13995,203,199,15442,13995,10607,0,1,True,ht_chantry-random-13.scen,140,True,opti
140,ht_chantry.map,planner,1,16865,13995,203,199,15442,13995,10975,0,4,True,ht_chantry-random-13.scen,140,True,opti
140,ht_chantry.map,planner,1,16865,13995,203,199,15442,13995,10948,0,16,True,ht_chantry-random-13.scen,140,True,opti
140,ht_chantry.map,planner,1,16865,13995,203,199,15442,13995,10957,0,64,True,ht_chantry-random-13.scen,140,True,opti
140,ht_chantry.map,planner,1,16865,13995,203,199,15442,13995,10940,0,256,True,ht_chantry-random-13.scen,140,True,opti
200,ht_chantry.map,planner,1,25601,20897,204,202,23586,20897,10497,0,0,False,ht_chantry-random-13.scen,200,True,
200,ht_chantry.map,planner,1,25601,20897,204,202,23586,20897,10495,0,0,True,ht_chantry-random-13.scen,200,True,opti
200,ht_chantry.map,planner,1,25509,20897,207,202,23345,20897,10547,0,1,True,ht_chantry-random-13.scen,200,True,opti
200,ht_chantry.map,planner,1,25339,20897,205,202,23340,20897,10689,0,4,True,ht_chantry-random-13.scen,200,True,opti
200,ht_chantry.map,planner,1,25514,20897,207,202,23354,20897,10649,0,16,True,ht_chantry-random-13.scen,200,True,opti
200,ht_chantry.map,planner,1,25293,20897,208,202,23374,20897,10729,0,64,True,ht_chantry-random-13.scen,200,True,opti
200,ht_chantry.map,planner,1,25343,20897,205,202,23406,20897,10198,0,256,True,ht_chantry-random-13.scen,200,True,opti
260,ht_chantry.map,planner,1,34459,26571,204,202,30762,26571,10560,0,0,False,ht_chantry-random-13.scen,260,True,
260,ht_chantry.map,planner,1,34459,26571,204,202,30762,26571,10587,0,0,True,ht_chantry-random-13.scen,260,True,opti
260,ht_chantry.map,planner,1,34080,26571,212,202,30512,26571,10627,0,1,True,ht_chantry-random-13.scen,260,True,opti
260,ht_chantry.map,planner,1,34039,26571,210,202,30330,26571,10527,0,4,True,ht_chantry-random-13.scen,260,True,opti
260,ht_chantry.map,planner,1,34201,26571,210,202,30535,26571,10352,0,16,True,ht_chantry-random-13.scen,260,True,opti
260,ht_chantry.map,planner,1,33756,26571,208,202,30314,26571,10454,0,64,True,ht_chantry-random-13.scen,260,True,opti
260,ht_chantry.map,planner,1,33539,26571,209,202,30358,26571,10145,0,256,True,ht_chantry-random-13.scen,260,True,opti
320,ht_chantry.map,planner,1,42861,32285,203,202,37958,32285,10051,0,0,False,ht_chantry-random-13.scen,320,True,
320,ht_chantry.map,planner,1,42861,32285,203,202,37958,32285,10056,0,0,True,ht_chantry-random-13.scen,320,True,opti
320,ht_chantry.map,planner,1,42981,32285,220,202,37662,32285,10383,0,1,True,ht_chantry-random-13.scen,320,True,opti
320,ht_chantry.map,planner,1,42602,32285,203,202,37675,32285,10265,0,4,True,ht_chantry-random-13.scen,320,True,opti
320,ht_chantry.map,planner,1,43055,32285,204,202,37584,32285,10432,0,16,True,ht_chantry-random-13.scen,320,True,opti
320,ht_chantry.map,planner,1,42962,32285,212,202,37419,32285,10354,0,64,True,ht_chantry-random-13.scen,320,True,opti
320,ht_chantry.map,planner,1,43607,32285,208,202,37630,32285,10028,0,256,True,ht_chantry-random-13.scen,320,True,opti
380,ht_chantry.map,planner,1,52403,37999,209,202,45461,37999,10201,0,0,False,ht_chantry-random-13.scen,380,True,
380,ht_chantry.map,planner,1,52236,37999,218,202,45504,37999,10273,0,0,True,ht_chantry-random-13.scen,380,True,opti
380,ht_chantry.map,planner,1,52436,37999,204,202,45442,37999,10087,0,1,True,ht_chantry-random-13.scen,380,True,opti
380,ht_chantry.map,planner,1,52104,37999,206,202,44788,37999,10331,0,4,True,ht_chantry-random-13.scen,380,True,opti
380,ht_chantry.map,planner,1,51804,37999,207,202,44849,37999,10309,0,16,True,ht_chantry-random-13.scen,380,True,opti
380,ht_chantry.map,planner,1,51671,37999,207,202,44715,37999,10215,0,64,True,ht_chantry-random-13.scen,380,True,opti
380,ht_chantry.map,planner,1,51064,37999,206,202,44496,37999,10032,0,256,True,ht_chantry-random-13.scen,380,True,opti
20,ht_chantry.map,planner,1,1906,1883,164,163,1906,1883,10851,0,0,False,ht_chantry-random-21.scen,20,True,
20,ht_chantry.map,planner,1,1906,1883,164,163,1906,1883,10872,0,0,True,ht_chantry-random-21.scen,20,True,opti
20,ht_chantry.map,planner,1,1904,1883,166,163,1904,1883,10889,0,1,True,ht_chantry-random-21.scen,20,True,opti
20,ht_chantry.map,planner,1,1904,1883,166,163,1904,1883,10982,0,4,True,ht_chantry-random-21.scen,20,True,opti
20,ht_chantry.map,planner,1,1904,1883,166,163,1904,1883,10965,0,16,True,ht_chantry-random-21.scen,20,True,opti
20,ht_chantry.map,planner,1,1904,1883,166,163,1904,1883,10941,0,64,True,ht_chantry-random-21.scen,20,True,opti
20,ht_chantry.map,planner,1,1904,1883,166,163,1904,1883,10945,0,256,True,ht_chantry-random-21.scen,20,True,opti
80,ht_chantry.map,planner,1,8538,7463,179,179,7766,7463,11258,0,0,False,ht_chantry-random-21.scen,80,True,
80,ht_chantry.map,planner,1,8538,7463,179,179,7766,7463,11214,0,0,True,ht_chantry-random-21.scen,80,True,opti
80,ht_chantry.map,planner,1,8265,7463,179,179,7762,7463,10250,0,1,True,ht_chantry-random-21.scen,80,True,opti
80,ht_chantry.map,planner,1,8265,7463,179,179,7762,7463,10267,0,4,True,ht_chantry-random-21.scen,80,True,opti
80,ht_chantry.map,planner,1,8265,7463,179,179,7762,7463,10263,0,16,True,ht_chantry-random-21.scen,80,True,opti
80,ht_chantry.map,planner,1,8265,7463,179,179,7762,7463,10254,0,64,True,ht_chantry-random-21.scen,80,True,opti
80,ht_chantry.map,planner,1,8265,7463,179,179,7762,7463,10271,0,256,True,ht_chantry-random-21.scen,80,True,opti
140,ht_chantry.map,planner,1,14981,12788,187,187,13617,12788,10128,0,0,False,ht_chantry-random-21.scen,140,True,
140,ht_chantry.map,planner,1,14981,12788,187,187,13617,12788,10132,0,0,True,ht_chantry-random-21.scen,140,True,opti
140,ht_chantry.map,planner,1,14764,12788,187,187,13541,12788,10488,0,1,True,ht_chantry-random-21.scen,140,True,opti
140,ht_chantry.map,planner,1,14764,12788,187,187,13541,12788,10512,0,4,True,ht_chantry-random-21.scen,140,True,opti
140,ht_chantry.map,planner,1,14764,12788,187,187,13541,12788,10494,0,16,True,ht_chantry-random-21.scen,140,True,opti
140,ht_chantry.map,planner,1,14764,12788,187,187,13541,12788,10494,0,64,True,ht_chantry-random-21.scen,140,True,opti
140,ht_chantry.map,planner,1,14764,12788,187,187,13541,12788,10493,0,256,True,ht_chantry-random-21.scen,140,True,opti
200,ht_chantry.map,planner,1,22218,18100,188,187,20020,18100,10649,0,0,False,ht_chantry-random-21.scen,200,True,
200,ht_chantry.map,planner,1,22218,18100,188,187,20020,18100,10685,0,0,True,ht_chantry-random-21.scen,200,True,opti
200,ht_chantry.map,planner,1,22256,18100,195,187,19899,18100,10104,0,1,True,ht_chantry-random-21.scen,200,True,opti
200,ht_chantry.map,planner,1,22376,18100,203,187,20011,18100,10243,0,4,True,ht_chantry-random-21.scen,200,True,opti
200,ht_chantry.map,planner,1,22446,18100,189,187,19930,18100,10585,0,16,True,ht_chantry-random-21.scen,200,True,opti
200,ht_chantry.map,planner,1,22207,18100,191,187,19925,18100,10276,0,64,True,ht_chantry-random-21.scen,200,True,opti
200,ht_chantry.map,planner,1,22439,18100,192,187,19956,18100,10592,0,256,True,ht_chantry-random-21.scen,200,True,opti
260,ht_chantry.map,planner,1,30591,23513,192,187,26460,23513,10575,0,0,False,ht_chantry-random-21.scen,260,True,
260,ht_chantry.map,planner,1,30591,23513,192,187,26460,23513,10607,0,0,True,ht_chantry-random-21.scen,260,True,opti
260,ht_chantry.map,planner,1,30865,23513,190,187,26629,23513,10054,0,1,True,ht_chantry-random-21.scen,260,True,opti
260,ht_chantry.map,planner,1,30639,23513,194,187,26471,23513,10278,0,4,True,ht_chantry-random-21.scen,260,True,opti
260,ht_chantry.map,planner,1,30027,23513,190,187,26381,23513,10236,0,16,True,ht_chantry-random-21.scen,260,True,opti
260,ht_chantry.map,planner,1,30777,23513,187,187,26522,23513,10396,0,64,True,ht_chantry-random-21.scen,260,True,opti
260,ht_chantry.map,planner,1,30374,23513,193,187,26277,23513,10054,0,256,True,ht_chantry-random-21.scen,260,True,opti
320,ht_chantry.map,planner,1,39092,28979,192,192,33411,28979,10412,0,0,False,ht_chantry-random-21.scen,320,True,
320,ht_chantry.map,planner,1,39092,28979,192,192,33411,28979,10425,0,0,True,ht_chantry-random-21.scen,320,True,opti
320,ht_chantry.map,planner,1,39756,28979,194,192,33565,28979,10414,0,1,True,ht_chantry-random-21.scen,320,True,opti
320,ht_chantry.map,planner,1,39106,28979,192,192,33249,28979,10292,0,4,True,ht_chantry-random-21.scen,320,True,opti
320,ht_chantry.map,planner,1,39207,28979,196,192,33171,28979,10405,0,16,True,ht_chantry-random-21.scen,320,True,opti
320,ht_chantry.map,planner,1,39539,28979,200,192,33382,28979,10092,0,64,True,ht_chantry-random-21.scen,320,True,opti
320,ht_chantry.map,planner,1,39297,28979,200,192,33129,28979,10100,0,256,True,ht_chantry-random-21.scen,320,True,opti
380,ht_chantry.map,planner,1,48556,34526,193,193,41164,34526,10309,0,0,False,ht_chantry-random-21.scen,380,True,
380,ht_chantry.map,planner,1,49168,34526,201,193,41281,34526,10074,0,0,True,ht_chantry-random-21.scen,380,True,opti
380,ht_chantry.map,planner,1,48538,34526,200,193,40913,34526,10348,0,1,True,ht_chantry-random-21.scen,380,True,opti
380,ht_chantry.map,planner,1,47857,34526,199,193,40897,34526,10363,0,4,True,ht_chantry-random-21.scen,380,True,opti
380,ht_chantry.map,planner,1,47381,34526,199,193,40486,34526,10062,0,16,True,ht_chantry-random-21.scen,380,True,opti
380,ht_chantry.map,planner,1,47684,34526,197,193,40700,34526,10093,0,64,True,ht_chantry-random-21.scen,380,True,opti
380,ht_chantry.map,planner,1,48244,34526,197,193,40806,34526,10113,0,256,True,ht_chantry-random-21.scen,380,True,opti
20,ht_chantry.map,planner,1,1823,1806,185,183,1823,1806,10754,0,0,False,ht_chantry-random-16.scen,20,True,
20,ht_chantry.map,planner,1,1823,1806,185,183,1823,1806,10694,0,0,True,ht_chantry-random-16.scen,20,True,opti
20,ht_chantry.map,planner,1,1821,1806,185,183,1821,1806,10839,0,1,True,ht_chantry-random-16.scen,20,True,opti
20,ht_chantry.map,planner,1,1821,1806,185,183,1821,1806,10841,0,4,True,ht_chantry-random-16.scen,20,True,opti
20,ht_chantry.map,planner,1,1821,1806,185,183,1821,1806,10841,0,16,True,ht_chantry-random-16.scen,20,True,opti
20,ht_chantry.map,planner,1,1821,1806,185,183,1821,1806,10837,0,64,True,ht_chantry-random-16.scen,20,True,opti
20,ht_chantry.map,planner,1,1821,1806,185,183,1821,1806,10837,0,256,True,ht_chantry-random-16.scen,20,True,opti
80,ht_chantry.map,planner,1,9024,7723,185,183,8118,7723,10954,0,0,False,ht_chantry-random-16.scen,80,True,
80,ht_chantry.map,planner,1,9024,7723,185,183,8118,7723,10912,0,0,True,ht_chantry-random-16.scen,80,True,opti
80,ht_chantry.map,planner,1,8841,7723,185,183,8108,7723,11319,0,1,True,ht_chantry-random-16.scen,80,True,opti
80,ht_chantry.map,planner,1,8841,7723,185,183,8108,7723,11451,0,4,True,ht_chantry-random-16.scen,80,True,opti
80,ht_chantry.map,planner,1,8841,7723,185,183,8108,7723,11321,0,16,True,ht_chantry-random-16.scen,80,True,opti
80,ht_chantry.map,planner,1,8841,7723,185,183,8108,7723,11325,0,64,True,ht_chantry-random-16.scen,80,True,opti
80,ht_chantry.map,planner,1,8841,7723,185,183,8108,7723,11298,0,256,True,ht_chantry-random-16.scen,80,True,opti
140,ht_chantry.map,planner,1,15327,12853,183,183,13837,12853,10995,0,0,False,ht_chantry-random-16.scen,140,True,
140,ht_chantry.map,planner,1,15327,12853,183,183,13837,12853,10986,0,0,True,ht_chantry-random-16.scen,140,True,opti
140,ht_chantry.map,planner,1,15498,12853,184,183,13843,12853,10814,0,1,True,ht_chantry-random-16.scen,140,True,opti
140,ht_chantry.map,planner,1,15328,12853,183,183,13876,12853,10549,0,4,True,ht_chantry-random-16.scen,140,True,opti
140,ht_chantry.map,planner,1,15328,12853,183,183,13876,12853,10542,0,16,True,ht_chantry-random-16.scen,140,True,opti
140,ht_chantry.map,planner,1,15328,12853,183,183,13876,12853,10482,0,64,True,ht_chantry-random-16.scen,140,True,opti
140,ht_chantry.map,planner,1,15328,12853,183,183,13876,12853,10478,0,256,True,ht_chantry-random-16.scen,140,True,opti
200,ht_chantry.map,planner,1,22712,17910,187,187,19780,17910,10684,0,0,False,ht_chantry-random-16.scen,200,True,
200,ht_chantry.map,planner,1,22712,17910,187,187,19780,17910,10648,0,0,True,ht_chantry-random-16.scen,200,True,opti
200,ht_chantry.map,planner,1,22550,17910,191,187,19600,17910,10778,0,1,True,ht_chantry-random-16.scen,200,True,opti
200,ht_chantry.map,planner,1,22617,17910,191,187,19587,17910,10692,0,4,True,ht_chantry-random-16.scen,200,True,opti
200,ht_chantry.map,planner,1,22675,17910,187,187,19600,17910,10688,0,16,True,ht_chantry-random-16.scen,200,True,opti
200,ht_chantry.map,planner,1,23248,17910,187,187,19700,17910,10671,0,64,True,ht_chantry-random-16.scen,200,True,opti
200,ht_chantry.map,planner,1,22443,17910,187,187,19552,17910,10638,0,256,True,ht_chantry-random-16.scen,200,True,opti
260,ht_chantry.map,planner,1,31510,23406,187,187,26654,23406,10128,0,0,False,ht_chantry-random-16.scen,260,True,
260,ht_chantry.map,planner,1,31510,23406,187,187,26654,23406,10133,0,0,True,ht_chantry-random-16.scen,260,True,opti
260,ht_chantry.map,planner,1,30941,23406,187,187,26607,23406,10129,0,1,True,ht_chantry-random-16.scen,260,True,opti
260,ht_chantry.map,planner,1,31027,23406,187,187,26302,23406,10571,0,4,True,ht_chantry-random-16.scen,260,True,opti
260,ht_chantry.map,planner,1,30755,23406,187,187,26285,23406,10126,0,16,True,ht_chantry-random-16.scen,260,True,opti
260,ht_chantry.map,planner,1,31222,23406,194,187,26421,23406,10052,0,64,True,ht_chantry-random-16.scen,260,True,opti
260,ht_chantry.map,planner,1,31112,23406,191,187,26482,23406,10093,0,256,True,ht_chantry-random-16.scen,260,True,opti
320,ht_chantry.map,planner,1,38923,28504,187,187,32848,28504,10281,0,0,False,ht_chantry-random-16.scen,320,True,
320,ht_chantry.map,planner,1,38923,28504,187,187,32848,28504,10279,0,0,True,ht_chantry-random-16.scen,320,True,opti
320,ht_chantry.map,planner,1,39111,28504,191,187,33096,28504,10090,0,1,True,ht_chantry-random-16.scen,320,True,opti
320,ht_chantry.map,planner,1,38750,28504,190,187,32507,28504,10159,0,4,True,ht_chantry-random-16.scen,320,True,opti
320,ht_chantry.map,planner,1,38246,28504,192,187,32508,28504,10077,0,16,True,ht_chantry-random-16.scen,320,True,opti
320,ht_chantry.map,planner,1,38374,28504,187,187,32453,28504,10311,0,64,True,ht_chantry-random-16.scen,320,True,opti
320,ht_chantry.map,planner,1,38069,28504,189,187,32245,28504,10022,0,256,True,ht_chantry-random-16.scen,320,True,opti
380,ht_chantry.map,planner,1,47825,34202,191,189,40441,34202,10291,0,0,False,ht_chantry-random-16.scen,380,True,
380,ht_chantry.map,planner,1,47825,34202,191,189,40441,34202,10321,0,0,True,ht_chantry-random-16.scen,380,True,opti
380,ht_chantry.map,planner,1,47543,34202,191,189,40002,34202,10325,0,1,True,ht_chantry-random-16.scen,380,True,opti
380,ht_chantry.map,planner,1,48240,34202,189,189,39894,34202,10134,0,4,True,ht_chantry-random-16.scen,380,True,opti
380,ht_chantry.map,planner,1,47832,34202,189,189,40388,34202,10096,0,16,True,ht_chantry-random-16.scen,380,True,opti
380,ht_chantry.map,planner,1,47860,34202,197,189,40174,34202,10266,0,64,True,ht_chantry-random-16.scen,380,True,opti
380,ht_chantry.map,planner,1,48015,34202,205,189,40052,34202,10009,0,256,True,ht_chantry-random-16.scen,380,True,opti
20,ht_chantry.map,planner,1,1577,1568,181,180,1571,1568,10734,0,0,False,ht_chantry-random-2.scen,20,True,
20,ht_chantry.map,planner,1,1577,1568,181,180,1571,1568,10781,0,0,True,ht_chantry-random-2.scen,20,True,opti
20,ht_chantry.map,planner,1,1577,1568,181,180,1571,1568,10767,0,1,True,ht_chantry-random-2.scen,20,True,opti
20,ht_chantry.map,planner,1,1577,1568,181,180,1571,1568,10756,0,4,True,ht_chantry-random-2.scen,20,True,opti
20,ht_chantry.map,planner,1,1577,1568,181,180,1571,1568,10726,0,16,True,ht_chantry-random-2.scen,20,True,opti
20,ht_chantry.map,planner,1,1577,1568,181,180,1571,1568,10773,0,64,True,ht_chantry-random-2.scen,20,True,opti
20,ht_chantry.map,planner,1,1577,1568,181,180,1571,1568,10763,0,256,True,ht_chantry-random-2.scen,20,True,opti
80,ht_chantry.map,planner,1,8350,7216,181,181,7519,7216,10565,0,0,False,ht_chantry-random-2.scen,80,True,
80,ht_chantry.map,planner,1,8350,7216,181,181,7519,7216,10558,0,0,True,ht_chantry-random-2.scen,80,True,opti
80,ht_chantry.map,planner,1,8402,7216,181,181,7533,7216,10232,0,1,True,ht_chantry-random-2.scen,80,True,opti
80,ht_chantry.map,planner,1,8297,7216,182,181,7525,7216,10265,0,4,True,ht_chantry-random-2.scen,80,True,opti
80,ht_chantry.map,planner,1,8402,7216,181,181,7533,7216,10256,0,16,True,ht_chantry-random-2.scen,80,True,opti
80,ht_chantry.map,planner,1,8402,7216,181,181,7533,7216,10242,0,64,True,ht_chantry-random-2.scen,80,True,opti
80,ht_chantry.map,planner,1,8402,7216,181,181,7533,7216,10264,0,256,True,ht_chantry-random-2.scen,80,True,opti
140,ht_chantry.map,planner,1,15146,12572,181,181,13385,12572,10088,0,0,False,ht_chantry-random-2.scen,140,True,
140,ht_chantry.map,planner,1,15146,12572,181,181,13385,12572,10097,0,0,True,ht_chantry-random-2.scen,140,True,opti
140,ht_chantry.map,planner,1,14944,12572,183,181,13342,12572,10228,0,1,True,ht_chantry-random-2.scen,140,True,opti
140,ht_chantry.map,planner,1,14944,12572,183,181,13342,12572,10225,0,4,True,ht_chantry-random-2.scen,140,True,opti
140,ht_chantry.map,planner,1,14944,12572,183,181,13342,12572,10221,0,16,True,ht_chantry-random-2.scen,140,True,opti
140,ht_chantry.map,planner,1,14944,12572,183,181,13342,12572,10231,0,64,True,ht_chantry-random-2.scen,140,True,opti
140,ht_chantry.map,planner,1,14944,12572,183,181,13342,12572,10226,0,256,True,ht_chantry-random-2.scen,140,True,opti
200,ht_chantry.map,planner,1,22445,18144,199,196,19793,18144,10331,0,0,False,ht_chantry-random-2.scen,200,True,
200,ht_chantry.map,planner,1,22585,18144,196,196,19940,18144,10755,0,0,True,ht_chantry-random-2.scen,200,True,opti
200,ht_chantry.map,planner,1,22554,18144,196,196,19727,18144,10736,0,1,True,ht_chantry-random-2.scen,200,True,opti
200,ht_chantry.map,planner,1,22554,18144,196,196,19727,18144,10648,0,4,True,ht_chantry-random-2.scen,200,True,opti
200,ht_chantry.map,planner,1,22554,18144,196,196,19727,18144,10671,0,16,True,ht_chantry-random-2.scen,200,True,opti
200,ht_chantry.map,planner,1,22554,18144,196,196,19727,18144,10664,0,64,True,ht_chantry-random-2.scen,200,True,opti
200,ht_chantry.map,planner,1,22554,18144,196,196,19727,18144,10686,0,256,True,ht_chantry-random-2.scen,200,True,opti
260,ht_chantry.map,planner,1,30389,23745,196,196,26372,23745,10552,0,0,False,ht_chantry-random-2.scen,260,True,
260,ht_chantry.map,planner,1,30389,23745,196,196,26372,23745,10537,0,0,True,ht_chantry-random-2.scen,260,True,opti
260,ht_chantry.map,planner,1,30077,23745,202,196,26335,23745,10557,0,1,True,ht_chantry-random-2.scen,260,True,opti
260,ht_chantry.map,planner,1,29584,23745,196,196,26099,23745,10539,0,4,True,ht_chantry-random-2.scen,260,True,opti
260,ht_chantry.map,planner,1,29614,23745,211,196,26012,23745,10512,0,16,True,ht_chantry-random-2.scen,260,True,opti
260,ht_chantry.map,planner,1,30570,23745,201,196,26198,23745,10193,0,64,True,ht_chantry-random-2.scen,260,True,opti
260,ht_chantry.map,planner,1,29486,23745,205,196,26155,23745,10289,0,256,True,ht_chantry-random-2.scen,260,True,opti
320,ht_chantry.map,planner,1,39460,29739,205,205,33751,29739,10272,0,0,False,ht_chantry-random-2.scen,320,True,
320,ht_chantry.map,planner,1,39460,29739,205,205,33751,29739,10249,0,0,True,ht_chantry-random-2.scen,320,True,opti
320,ht_chantry.map,planner,1,39174,29739,211,205,33627,29739,10281,0,1,True,ht_chantry-random-2.scen,320,True,opti
320,ht_chantry.map,planner,1,38861,29739,207,205,33764,29739,10453,0,4,True,ht_chantry-random-2.scen,320,True,opti
320,ht_chantry.map,planner,1,39172,29739,213,205,33599,29739,10341,0,16,True,ht_chantry-random-2.scen,320,True,opti
320,ht_chantry.map,planner,1,38630,29739,208,205,33489,29739,10339,0,64,True,ht_chantry-random-2.scen,320,True,opti
320,ht_chantry.map,planner,1,38667,29739,210,205,33440,29739,10180,0,256,True,ht_chantry-random-2.scen,320,True,opti
380,ht_chantry.map,planner,1,49098,35782,206,205,41600,35782,10304,0,0,False,ht_chantry-random-2.scen,380,True,
380,ht_chantry.map,planner,1,48424,35782,206,205,41482,35782,10337,0,0,True,ht_chantry-random-2.scen,380,True,opti
380,ht_chantry.map,planner,1,48449,35782,205,205,41421,35782,10375,0,1,True,ht_chantry-random-2.scen,380,True,opti
380,ht_chantry.map,planner,1,49502,35782,208,205,41256,35782,10351,0,4,True,ht_chantry-random-2.scen,380,True,opti
380,ht_chantry.map,planner,1,48638,35782,208,205,41254,35782,10166,0,16,True,ht_chantry-random-2.scen,380,True,opti
380,ht_chantry.map,planner,1,48204,35782,207,205,41448,35782,10290,0,64,True,ht_chantry-random-2.scen,380,True,opti
380,ht_chantry.map,planner,1,49282,35782,210,205,41502,35782,10077,0,256,True,ht_chantry-random-2.scen,380,True,opti
20,ht_chantry.map,planner,1,2293,2243,188,186,2267,2243,10425,0,0,False,ht_chantry-random-19.scen,20,True,
20,ht_chantry.map,planner,1,2293,2243,188,186,2267,2243,10422,0,0,True,ht_chantry-random-19.scen,20,True,opti
20,ht_chantry.map,planner,1,2260,2243,188,186,2260,2243,11014,0,1,True,ht_chantry-random-19.scen,20,True,opti
20,ht_chantry.map,planner,1,2260,2243,188,186,2260,2243,11078,0,4,True,ht_chantry-random-19.scen,20,True,opti
20,ht_chantry.map,planner,1,2260,2243,188,186,2260,2243,11091,0,16,True,ht_chantry-random-19.scen,20,True,opti
20,ht_chantry.map,planner,1,2260,2243,188,186,2260,2243,11078,0,64,True,ht_chantry-random-19.scen,20,True,opti
20,ht_chantry.map,planner,1,2260,2243,188,186,2260,2243,11076,0,256,True,ht_chantry-random-19.scen,20,True,opti
80,ht_chantry.map,planner,1,8491,7302,199,197,7671,7302,10956,0,0,False,ht_chantry-random-19.scen,80,True,
80,ht_chantry.map,planner,1,8491,7302,199,197,7671,7302,10837,0,0,True,ht_chantry-random-19.scen,80,True,opti
80,ht_chantry.map,planner,1,8477,7302,205,197,7664,7302,10215,0,1,True,ht_chantry-random-19.scen,80,True,opti
80,ht_chantry.map,planner,1,8477,7302,205,197,7664,7302,10208,0,4,True,ht_chantry-random-19.scen,80,True,opti
80,ht_chantry.map,planner,1,8477,7302,205,197,7664,7302,10211,0,16,True,ht_chantry-random-19.scen,80,True,opti
80,ht_chantry.map,planner,1,8477,7302,205,197,7664,7302,10206,0,64,True,ht_chantry-random-19.scen,80,True,opti
80,ht_chantry.map,planner,1,8477,7302,205,197,7664,7302,10189,0,256,True,ht_chantry-random-19.scen,80,True,opti
140,ht_chantry.map,planner,1,15964,13060,199,197,14123,13060,10591,0,0,False,ht_chantry-random-19.scen,140,True,
140,ht_chantry.map,planner,1,15964,13060,199,197,14123,13060,10608,0,0,True,ht_chantry-random-19.scen,140,True,opti
140,ht_chantry.map,planner,1,15466,13060,205,197,13992,13060,11038,0,1,True,ht_chantry-random-19.scen,140,True,opti
140,ht_chantry.map,planner,1,15466,13060,205,197,13992,13060,11026,0,4,True,ht_chantry-random-19.scen,140,True,opti
140,ht_chantry.map,planner,1,15466,13060,205,197,13992,13060,10991,0,16,True,ht_chantry-random-19.scen,140,True,opti
140,ht_chantry.map,planner,1,15466,13060,205,197,13992,13060,10894,0,64,True,ht_chantry-random-19.scen,140,True,opti
140,ht_chantry.map,planner,1,15466,13060,205,197,13992,13060,10906,0,256,True,ht_chantry-random-19.scen,140,True,opti
200,ht_chantry.map,planner,1,23514,18912,198,197,20723,18912,10644,0,0,False,ht_chantry-random-19.scen,200,True,
200,ht_chantry.map,planner,1,23514,18912,198,197,20723,18912,10704,0,0,True,ht_chantry-random-19.scen,200,True,opti
200,ht_chantry.map,planner,1,23105,18912,206,197,20728,18912,10719,0,1,True,ht_chantry-random-19.scen,200,True,opti
200,ht_chantry.map,planner,1,23668,18912,209,197,20672,18912,10785,0,4,True,ht_chantry-random-19.scen,200,True,opti
200,ht_chantry.map,planner,1,23437,18912,201,197,20738,18912,10252,0,16,True,ht_chantry-random-19.scen,200,True,opti
200,ht_chantry.map,planner,1,23468,18912,202,197,20783,18912,10765,0,64,True,ht_chantry-random-19.scen,200,True,opti
200,ht_chantry.map,planner,1,23225,18912,202,197,20627,18912,10252,0,256,True,ht_chantry-random-19.scen,200,True,opti
260,ht_chantry.map,planner,1,32102,24453,202,197,27672,24453,10392,0,0,False,ht_chantry-random-19.scen,260,True,
260,ht_chantry.map,planner,1,32102,24453,202,197,27672,24453,10431,0,0,True,ht_chantry-random-19.scen,260,True,opti
260,ht_chantry.map,planner,1,31073,24453,203,197,27351,24453,10357,0,1,True,ht_chantry-random-19.scen,260,True,opti
260,ht_chantry.map,planner,1,31094,24453,206,197,27290,24453,10571,0,4,True,ht_chantry-random-19.scen,260,True,opti
260,ht_chantry.map,planner,1,31498,24453,202,197,27494,24453,10548,0,16,True,ht_chantry-random-19.scen,260,True,opti
260,ht_chantry.map,planner,1,30861,24453,205,197,27281,24453,10453,0,64,True,ht_chantry-random-19.scen,260,True,opti
260,ht_chantry.map,planner,1,31745,24453,200,197,27347,24453,10248,0,256,True,ht_chantry-random-19.scen,260,True,opti
320,ht_chantry.map,planner,1,41509,30634,197,197,35496,30634,10434,0,0,False,ht_chantry-random-19.scen,320,True,
320,ht_chantry.map,planner,1,41509,30634,197,197,35496,30634,10470,0,0,True,ht_chantry-random-19.scen,320,True,opti
320,ht_chantry.map,planner,1,40074,30634,200,197,35186,30634,10432,0,1,True,ht_chantry-random-19.scen,320,True,opti
320,ht_chantry.map,planner,1,40489,30634,203,197,35022,30634,10069,0,4,True,ht_chantry-random-19.scen,320,True,opti
320,ht_chantry.map,planner,1,40073,30634,207,197,34859,30634,10407,0,16,True,ht_chantry-random-19.scen,320,True,opti
320,ht_chantry.map,planner,1,40405,30634,209,197,35118,30634,10272,0,64,True,ht_chantry-random-19.scen,320,True,opti
320,ht_chantry.map,planner,1,40007,30634,221,197,35088,30634,10038,0,256,True,ht_chantry-random-19.scen,320,True,opti
380,ht_chantry.map,planner,1,50047,36629,199,197,43317,36629,10290,0,0,False,ht_chantry-random-19.scen,380,True,
380,ht_chantry.map,planner,1,50047,36629,199,197,43317,36629,10299,0,0,True,ht_chantry-random-19.scen,380,True,opti
380,ht_chantry.map,planner,1,50791,36629,201,197,43296,36629,10285,0,1,True,ht_chantry-random-19.scen,380,True,opti
380,ht_chantry.map,planner,1,50127,36629,202,197,43197,36629,10377,0,4,True,ht_chantry-random-19.scen,380,True,opti
380,ht_chantry.map,planner,1,49664,36629,202,197,42893,36629,10313,0,16,True,ht_chantry-random-19.scen,380,True,opti
380,ht_chantry.map,planner,1,50412,36629,211,197,43242,36629,10220,0,64,True,ht_chantry-random-19.scen,380,True,opti
380,ht_chantry.map,planner,1,50690,36629,199,197,43390,36629,10023,0,256,True,ht_chantry-random-19.scen,380,True,opti
20,ht_chantry.map,planner,1,1773,1761,153,151,1773,1761,10980,0,0,False,ht_chantry-random-4.scen,20,True,
20,ht_chantry.map,planner,1,1773,1761,153,151,1773,1761,10927,0,0,True,ht_chantry-random-4.scen,20,True,opti
20,ht_chantry.map,planner,1,1773,1761,153,151,1773,1761,10949,0,1,True,ht_chantry-random-4.scen,20,True,opti
20,ht_chantry.map,planner,1,1773,1761,153,151,1773,1761,10956,0,4,True,ht_chantry-random-4.scen,20,True,opti
20,ht_chantry.map,planner,1,1773,1761,153,151,1773,1761,10960,0,16,True,ht_chantry-random-4.scen,20,True,opti
20,ht_chantry.map,planner,1,1773,1761,153,151,1773,1761,10959,0,64,True,ht_chantry-random-4.scen,20,True,opti
20,ht_chantry.map,planner,1,1773,1761,153,151,1773,1761,10955,0,256,True,ht_chantry-random-4.scen,20,True,opti
80,ht_chantry.map,planner,1,8247,7349,195,195,7776,7349,10842,0,0,False,ht_chantry-random-4.scen,80,True,
80,ht_chantry.map,planner,1,8247,7349,195,195,7776,7349,10799,0,0,True,ht_chantry-random-4.scen,80,True,opti
80,ht_chantry.map,planner,1,7958,7349,195,195,7694,7349,10722,0,1,True,ht_chantry-random-4.scen,80,True,opti
80,ht_chantry.map,planner,1,7958,7349,195,195,7694,7349,10720,0,4,True,ht_chantry-random-4.scen,80,True,opti
80,ht_chantry.map,planner,1,7958,7349,195,195,7694,7349,10702,0,16,True,ht_chantry-random-4.scen,80,True,opti
80,ht_chantry.map,planner,1,7958,7349,195,195,7694,7349,10732,0,64,True,ht_chantry-random-4.scen,80,True,opti
80,ht_chantry.map,planner,1,7958,7349,195,195,7694,7349,10717,0,256,True,ht_chantry-random-4.scen,80,True,opti
140,ht_chantry.map,planner,1,15756,13012,197,195,14230,13012,10644,0,0,False,ht_chantry-random-4.scen,140,True,
140,ht_chantry.map,planner,1,15756,13012,197,195,14230,13012,10626,0,0,True,ht_chantry-random-4.scen,140,True,opti
140,ht_chantry.map,planner,1,15780,13012,195,195,14199,13012,10816,0,1,True,ht_chantry-random-4.scen,140,True,opti
140,ht_chantry.map,planner,1,15654,13012,195,195,14183,13012,11035,0,4,True,ht_chantry-random-4.scen,140,True,opti
140,ht_chantry.map,planner,1,15353,13012,197,195,14091,13012,11094,0,16,True,ht_chantry-random-4.scen,140,True,opti
140,ht_chantry.map,planner,1,15353,13012,197,195,14091,13012,11086,0,64,True,ht_chantry-random-4.scen,140,True,opti
140,ht_chantry.map,planner,1,15353,13012,197,195,14091,13012,11072,0,256,True,ht_chantry-random-4.scen,140,True,opti
200,ht_chantry.map,planner,1,23784,18610,195,195,20759,18610,10740,0,0,False,ht_chantry-random-4.scen,200,True,
200,ht_chantry.map,planner,1,23784,18610,195,195,20759,18610,10771,0,0,True,ht_chantry-random-4.scen,200,True,opti
200,ht_chantry.map,planner,1,23136,18610,195,195,20555,18610,10390,0,1,True,ht_chantry-random-4.scen,200,True,opti
200,ht_chantry.map,planner,1,23147,18610,195,195,20604,18610,10804,0,4,True,ht_chantry-random-4.scen,200,True,opti
200,ht_chantry.map,planner,1,23301,18610,195,195,20597,18610,10721,0,16,True,ht_chantry-random-4.scen,200,True,opti
200,ht_chantry.map,planner,1,23510,18610,195,195,20611,18610,10362,0,64,True,ht_chantry-random-4.scen,200,True,opti
200,ht_chantry.map,planner,1,23513,18610,196,195,20510,18610,10526,0,256,True,ht_chantry-random-4.scen,200,True,opti
260,ht_chantry.map,planner,1,32736,25059,195,195,28943,25059,10571,0,0,False,ht_chantry-random-4.scen,260,True,
260,ht_chantry.map,planner,1,32509,25059,196,195,28784,25059,10059,0,0,True,ht_chantry-random-4.scen,260,True,opti
260,ht_chantry.map,planner,1,32314,25059,207,195,28444,25059,10559,0,1,True,ht_chantry-random-4.scen,260,True,opti
260,ht_chantry.map,planner,1,32536,25059,195,195,28610,25059,10298,0,4,True,ht_chantry-random-4.scen,260,True,opti
260,ht_chantry.map,planner,1,31895,25059,196,195,28296,25059,10565,0,16,True,ht_chantry-random-4.scen,260,True,opti
260,ht_chantry.map,planner,1,32379,25059,195,195,28408,25059,10538,0,64,True,ht_chantry-random-4.scen,260,True,opti
260,ht_chantry.map,planner,1,32339,25059,197,195,28437,25059,10334,0,256,True,ht_chantry-random-4.scen,260,True,opti
320,ht_chantry.map,planner,1,40905,30464,196,195,35525,30464,10430,0,0,False,ht_chantry-random-4.scen,320,True,
320,ht_chantry.map,planner,1,40905,30464,196,195,35525,30464,10444,0,0,True,ht_chantry-random-4.scen,320,True,opti
320,ht_chantry.map,planner,1,39991,30464,198,195,35258,30464,10159,0,1,True,ht_chantry-random-4.scen,320,True,opti
320,ht_chantry.map,planner,1,40115,30464,195,195,35209,30464,10384,0,4,True,ht_chantry-random-4.scen,320,True,opti
320,ht_chantry.map,planner,1,40352,30464,198,195,35324,30464,10413,0,16,True,ht_chantry-random-4.scen,320,True,opti
320,ht_chantry.map,planner,1,39989,30464,197,195,34816,30464,10160,0,64,True,ht_chantry-random-4.scen,320,True,opti
320,ht_chantry.map,planner,1,40078,30464,197,195,35063,30464,10024,0,256,True,ht_chantry-random-4.scen,320,True,opti
380,ht_chantry.map,planner,1,49857,35833,200,195,42615,35833,10353,0,0,False,ht_chantry-random-4.scen,380,True,
380,ht_chantry.map,planner,1,49989,35833,195,195,42721,35833,10362,0,0,True,ht_chantry-random-4.scen,380,True,opti
380,ht_chantry.map,planner,1,49245,35833,195,195,42154,35833,10332,0,1,True,ht_chantry-random-4.scen,380,True,opti
380,ht_chantry.map,planner,1,48533,35833,196,195,42099,35833,10290,0,4,True,ht_chantry-random-4.scen,380,True,opti
380,ht_chantry.map,planner,1,49009,35833,196,195,42057,35833,10053,0,16,True,ht_chantry-random-4.scen,380,True,opti
380,ht_chantry.map,planner,1,49328,35833,201,195,42477,35833,10244,0,64,True,ht_chantry-random-4.scen,380,True,opti
380,ht_chantry.map,planner,1,49355,35833,197,195,41943,35833,10023,0,256,True,ht_chantry-random-4.scen,380,True,opti
20,ht_chantry.map,planner,1,1405,1390,149,149,1405,1390,10897,0,0,False,ht_chantry-random-24.scen,20,True,
20,ht_chantry.map,planner,1,1405,1390,149,149,1405,1390,10882,0,0,True,ht_chantry-random-24.scen,20,True,opti
20,ht_chantry.map,planner,1,1405,1390,149,149,1405,1390,10887,0,1,True,ht_chantry-random-24.scen,20,True,opti
20,ht_chantry.map,planner,1,1405,1390,149,149,1405,1390,10882,0,4,True,ht_chantry-random-24.scen,20,True,opti
20,ht_chantry.map,planner,1,1405,1390,149,149,1405,1390,10901,0,16,True,ht_chantry-random-24.scen,20,True,opti
20,ht_chantry.map,planner,1,1405,1390,149,149,1405,1390,10892,0,64,True,ht_chantry-random-24.scen,20,True,opti
20,ht_chantry.map,planner,1,1405,1390,149,149,1405,1390,10899,0,256,True,ht_chantry-random-24.scen,20,True,opti
80,ht_chantry.map,planner,1,7998,6840,176,175,7204,6840,10564,0,0,False,ht_chantry-random-24.scen,80,True,
80,ht_chantry.map,planner,1,7998,6840,176,175,7204,6840,10656,0,0,True,ht_chantry-random-24.scen,80,True,opti
80,ht_chantry.map,planner,1,8086,6840,175,175,7184,6840,10637,0,1,True,ht_chantry-random-24.scen,80,True,opti
80,ht_chantry.map,planner,1,8086,6840,175,175,7184,6840,10627,0,4,True,ht_chantry-random-24.scen,80,True,opti
80,ht_chantry.map,planner,1,8086,6840,175,175,7184,6840,10646,0,16,True,ht_chantry-random-24.scen,80,True,opti
80,ht_chantry.map,planner,1,8086,6840,175,175,7184,6840,10619,0,64,True,ht_chantry-random-24.scen,80,True,opti
80,ht_chantry.map,planner,1,8086,6840,175,175,7184,6840,10671,0,256,True,ht_chantry-random-24.scen,80,True,opti
140,ht_chantry.map,planner,1,14795,12151,188,187,13256,12151,10157,0,0,False,ht_chantry-random-24.scen,140,True,
140,ht_chantry.map,planner,1,14795,12151,188,187,13256,12151,10150,0,0,True,ht_chantry-random-24.scen,140,True,opti
140,ht_chantry.map,planner,1,14843,12151,196,187,13118,12151,10624,0,1,True,ht_chantry-random-24.scen,140,True,opti
140,ht_chantry.map,planner,1,14491,12151,193,187,13048,12151,10967,0,4,True,ht_chantry-random-24.scen,140,True,opti
140,ht_chantry.map,planner,1,14491,12151,193,187,13048,12151,10949,0,16,True,ht_chantry-random-24.scen,140,True,opti
140,ht_chantry.map,planner,1,14491,12151,193,187,13048,12151,10956,0,64,True,ht_chantry-random-24.scen,140,True,opti
140,ht_chantry.map,planner,1,14491,12151,193,187,13048,12151,10960,0,256,True,ht_chantry-random-24.scen,140,True,opti
200,ht_chantry.map,planner,1,21554,17290,199,199,19123,17290,10361,0,0,False,ht_chantry-random-24.scen,200,True,
200,ht_chantry.map,planner,1,21554,17290,199,199,19123,17290,10384,0,0,True,ht_chantry-random-24.scen,200,True,opti
200,ht_chantry.map,planner,1,22253,17290,200,199,18879,17290,10748,0,1,True,ht_chantry-random-24.scen,200,True,opti
200,ht_chantry.map,planner,1,21878,17290,201,199,18898,17290,10752,0,4,True,ht_chantry-random-24.scen,200,True,opti
200,ht_chantry.map,planner,1,21632,17290,201,199,18740,17290,10697,0,16,True,ht_chantry-random-24.scen,200,True,opti
200,ht_chantry.map,planner,1,21558,17290,199,199,18776,17290,10683,0,64,True,ht_chantry-random-24.scen,200,True,opti
200,ht_chantry.map,planner,1,21916,17290,199,199,18795,17290,10575,0,256,True,ht_chantry-random-24.scen,200,True,opti
260,ht_chantry.map,planner,1,31373,23327,200,199,26059,23327,10568,0,0,False,ht_chantry-random-24.scen,260,True,
260,ht_chantry.map,planner,1,31373,23327,200,199,26059,23327,10559,0,0,True,ht_chantry-random-24.scen,260,True,opti
260,ht_chantry.map,planner,1,31217,23327,205,199,26118,23327,10509,0,1,True,ht_chantry-random-24.scen,260,True,opti
260,ht_chantry.map,planner,1,31005,23327,201,199,26117,23327,10557,0,4,True,ht_chantry-random-24.scen,260,True,opti
260,ht_chantry.map,planner,1,31379,23327,199,199,26117,23327,10551,0,16,True,ht_chantry-random-24.scen,260,True,opti
260,ht_chantry.map,planner,1,31285,23327,199,199,26088,23327,10497,0,64,True,ht_chantry-random-24.scen,260,True,opti
260,ht_chantry.map,planner,1,31498,23327,199,199,26012,23327,10077,0,256,True,ht_chantry-random-24.scen,260,True,opti
320,ht_chantry.map,planner,1,40676,28899,199,199,33530,28899,10385,0,0,False,ht_chantry-random-24.scen,320,True,
320,ht_chantry.map,planner,1,40676,28899,199,199,33530,28899,10437,0,0,True,ht_chantry-random-24.scen,320,True,opti
320,ht_chantry.map,planner,1,40424,28899,203,199,33388,28899,10050,0,1,True,ht_chantry-random-24.scen,320,True,opti
320,ht_chantry.map,planner,1,40036,28899,201,199,33192,28899,10373,0,4,True,ht_chantry-random-24.scen,320,True,opti
320,ht_chantry.map,planner,1,39951,28899,200,199,32988,28899,10366,0,16,True,ht_chantry-random-24.scen,320,True,opti
320,ht_chantry.map,planner,1,40293,28899,201,199,33248,28899,10308,0,64,True,ht_chantry-random-24.scen,320,True,opti
320,ht_chantry.map,planner,1,40130,28899,199,199,33243,28899,10101,0,256,True,ht_chantry-random-24.scen,320,True,opti
380,ht_chantry.map,planner,1,50802,35168,199,199,41727,35168,10156,0,0,False,ht_chantry-random-24.scen,380,True,
380,ht_chantry.map,planner,1,50802,35168,199,199,41727,35168,10170,0,0,True,ht_chantry-random-24.scen,380,True,opti
380,ht_chantry.map,planner,1,50067,35168,201,199,41206,35168,10329,0,1,True,ht_chantry-random-24.scen,380,True,opti
380,ht_chantry.map,planner,1,50759,35168,199,199,41736,35168,10357,0,4,True,ht_chantry-random-24.scen,380,True,opti
380,ht_chantry.map,planner,1,50195,35168,202,199,41337,35168,10313,0,16,True,ht_chantry-random-24.scen,380,True,opti
380,ht_chantry.map,planner,1,51014,35168,201,199,41776,35168,10060,0,64,True,ht_chantry-random-24.scen,380,True,opti
380,ht_chantry.map,planner,1,50439,35168,201,199,41638,35168,10101,0,256,True,ht_chantry-random-24.scen,380,True,opti
20,ht_chantry.map,planner,1,2260,2248,162,161,2260,2248,10562,0,0,False,ht_chantry-random-18.scen,20,True,
20,ht_chantry.map,planner,1,2260,2248,162,161,2260,2248,10559,0,0,True,ht_chantry-random-18.scen,20,True,opti
20,ht_chantry.map,planner,1,2260,2248,162,161,2260,2248,10561,0,1,True,ht_chantry-random-18.scen,20,True,opti
20,ht_chantry.map,planner,1,2260,2248,162,161,2260,2248,10561,0,4,True,ht_chantry-random-18.scen,20,True,opti
20,ht_chantry.map,planner,1,2260,2248,162,161,2260,2248,10567,0,16,True,ht_chantry-random-18.scen,20,True,opti
20,ht_chantry.map,planner,1,2260,2248,162,161,2260,2248,10560,0,64,True,ht_chantry-random-18.scen,20,True,opti
20,ht_chantry.map,planner,1,2260,2248,162,161,2260,2248,10562,0,256,True,ht_chantry-random-18.scen,20,True,opti
80,ht_chantry.map,planner,1,8577,7817,188,188,8183,7817,10196,0,0,False,ht_chantry-random-18.scen,80,True,
80,ht_chantry.map,planner,1,8660,7817,188,188,8158,7817,10631,0,0,True,ht_chantry-random-18.scen,80,True,opti
80,ht_chantry.map,planner,1,8499,7817,188,188,8159,7817,11330,0,1,True,ht_chantry-random-18.scen,80,True,opti
80,ht_chantry.map,planner,1,8499,7817,188,188,8159,7817,11390,0,4,True,ht_chantry-random-18.scen,80,True,opti
80,ht_chantry.map,planner,1,8499,7817,188,188,8159,7817,11324,0,16,True,ht_chantry-random-18.scen,80,True,opti
80,ht_chantry.map,planner,1,8499,7817,188,188,8159,7817,11294,0,64,True,ht_chantry-random-18.scen,80,True,opti
80,ht_chantry.map,planner,1,8499,7817,188,188,8159,7817,11329,0,256,True,ht_chantry-random-18.scen,80,True,opti
140,ht_chantry.map,planner,1,16041,13756,188,188,14940,13756,10994,0,0,False,ht_chantry-random-18.scen,140,True,
140,ht_chantry.map,planner,1,16041,13756,188,188,14940,13756,10988,0,0,True,ht_chantry-random-18.scen,140,True,opti
140,ht_chantry.map,planner,1,15934,13756,190,188,14713,13756,10821,0,1,True,ht_chantry-random-18.scen,140,True,opti
140,ht_chantry.map,planner,1,16312,13756,192,188,14806,13756,10568,0,4,True,ht_chantry-random-18.scen,140,True,opti
140,ht_chantry.map,planner,1,16013,13756,193,188,14810,13756,10106,0,16,True,ht_chantry-random-18.scen,140,True,opti
140,ht_chantry.map,planner,1,16181,13756,190,188,14766,13756,10937,0,64,True,ht_chantry-random-18.scen,140,True,opti
140,ht_chantry.map,planner,1,16321,13756,188,188,14796,13756,10644,0,256,True,ht_chantry-random-18.scen,140,True,opti
200,ht_chantry.map,planner,1,23651,19472,192,188,21326,19472,10681,0,0,False,ht_chantry-random-18.scen,200,True,
200,ht_chantry.map,planner,1,23651,19472,192,188,21326,19472,10707,0,0,True,ht_chantry-random-18.scen,200,True,opti
200,ht_chantry.map,planner,1,23579,19472,188,188,21281,19472,10771,0,1,True,ht_chantry-random-18.scen,200,True,opti
200,ht_chantry.map,planner,1,23456,19472,194,188,21219,19472,10556,0,4,True,ht_chantry-random-18.scen,200,True,opti
200,ht_chantry.map,planner,1,23052,19472,192,188,20934,19472,10705,0,16,True,ht_chantry-random-18.scen,200,True,opti
200,ht_chantry.map,planner,1,23446,19472,192,188,21195,19472,10604,0,64,True,ht_chantry-random-18.scen,200,True,opti
200,ht_chantry.map,planner,1,23213,19472,188,188,21148,19472,10697,0,256,True,ht_chantry-random-18.scen,200,True,opti
260,ht_chantry.map,planner,1,31739,24786,197,197,27858,24786,10459,0,0,False,ht_chantry-random-18.scen,260,True,
260,ht_chantry.map,planner,1,30843,24786,199,197,27634,24786,10402,0,0,True,ht_chantry-random-18.scen,260,True,opti
260,ht_chantry.map,planner,1,31244,24786,199,197,27480,24786,10404,0,1,True,ht_chantry-random-18.scen,260,True,opti
260,ht_chantry.map,planner,1,30737,24786,199,197,27345,24786,10559,0,4,True,ht_chantry-random-18.scen,260,True,opti
260,ht_chantry.map,planner,1,31144,24786,199,197,27463,24786,10400,0,16,True,ht_chantry-random-18.scen,260,True,opti
260,ht_chantry.map,planner,1,31209,24786,199,197,27289,24786,10473,0,64,True,ht_chantry-random-18.scen,260,True,opti
260,ht_chantry.map,planner,1,30846,24786,199,197,27303,24786,10196,0,256,True,ht_chantry-random-18.scen,260,True,opti
320,ht_chantry.map,planner,1,40958,30809,204,197,35626,30809,10476,0,0,False,ht_chantry-random-18.scen,320,True,
320,ht_chantry.map,planner,1,40371,30809,204,197,35156,30809,10246,0,0,True,ht_chantry-random-18.scen,320,True,opti
320,ht_chantry.map,planner,1,40243,30809,199,197,35121,30809,10299,0,1,True,ht_chantry-random-18.scen,320,True,opti
320,ht_chantry.map,planner,1,40949,30809,206,197,35219,30809,10400,0,4,True,ht_chantry-random-18.scen,320,True,opti
320,ht_chantry.map,planner,1,41148,30809,203,197,35082,30809,10445,0,16,True,ht_chantry-random-18.scen,320,True,opti
320,ht_chantry.map,planner,1,40828,30809,201,197,35071,30809,10044,0,64,True,ht_chantry-random-18.scen,320,True,opti
320,ht_chantry.map,planner,1,40474,30809,199,197,34868,30809,10062,0,256,True,ht_chantry-random-18.scen,320,True,opti
380,ht_chantry.map,planner,1,50494,36956,207,197,43347,36956,10258,0,0,False,ht_chantry-random-18.scen,380,True,
380,ht_chantry.map,planner,1,50889,36956,209,197,43621,36956,10382,0,0,True,ht_chantry-random-18.scen,380,True,opti
380,ht_chantry.map,planner,1,50761,36956,203,197,43361,36956,10347,0,1,True,ht_chantry-random-18.scen,380,True,opti
380,ht_chantry.map,planner,1,50636,36956,212,197,43226,36956,10191,0,4,True,ht_chantry-random-18.scen,380,True,opti
380,ht_chantry.map,planner,1,50350,36956,197,197,43036,36956,10308,0,16,True,ht_chantry-random-18.scen,380,True,opti
380,ht_chantry.map,planner,1,50524,36956,201,197,43070,36956,10125,0,64,True,ht_chantry-random-18.scen,380,True,opti
380,ht_chantry.map,planner,1,50833,36956,211,197,43416,36956,10040,0,256,True,ht_chantry-random-18.scen,380,True,opti
20,ht_chantry.map,planner,1,1839,1824,152,151,1839,1824,10724,0,0,False,ht_chantry-random-11.scen,20,True,
20,ht_chantry.map,planner,1,1839,1824,152,151,1839,1824,10716,0,0,True,ht_chantry-random-11.scen,20,True,opti
20,ht_chantry.map,planner,1,1841,1824,153,151,1841,1824,11059,0,1,True,ht_chantry-random-11.scen,20,True,opti
20,ht_chantry.map,planner,1,1841,1824,153,151,1841,1824,11033,0,4,True,ht_chantry-random-11.scen,20,True,opti
20,ht_chantry.map,planner,1,1841,1824,153,151,1841,1824,11042,0,16,True,ht_chantry-random-11.scen,20,True,opti
20,ht_chantry.map,planner,1,1841,1824,153,151,1841,1824,11078,0,64,True,ht_chantry-random-11.scen,20,True,opti
20,ht_chantry.map,planner,1,1841,1824,153,151,1841,1824,11046,0,256,True,ht_chantry-random-11.scen,20,True,opti
80,ht_chantry.map,planner,1,8178,6879,164,164,7287,6879,11372,0,0,False,ht_chantry-random-11.scen,80,True,
80,ht_chantry.map,planner,1,8178,6879,164,164,7287,6879,11108,0,0,True,ht_chantry-random-11.scen,80,True,opti
80,ht_chantry.map,planner,1,8347,6879,164,164,7317,6879,10150,0,1,True,ht_chantry-random-11.scen,80,True,opti
80,ht_chantry.map,planner,1,8347,6879,164,164,7317,6879,10140,0,4,True,ht_chantry-random-11.scen,80,True,opti
80,ht_chantry.map,planner,1,8347,6879,164,164,7317,6879,10153,0,16,True,ht_chantry-random-11.scen,80,True,opti
80,ht_chantry.map,planner,1,8347,6879,164,164,7317,6879,10148,0,64,True,ht_chantry-random-11.scen,80,True,opti
80,ht_chantry.map,planner,1,8347,6879,164,164,7317,6879,10139,0,256,True,ht_chantry-random-11.scen,80,True,opti
140,ht_chantry.map,planner,1,14645,11807,183,181,12885,11807,10131,0,0,False,ht_chantry-random-11.scen,140,True,
140,ht_chantry.map,planner,1,14645,11807,183,181,12885,11807,10148,0,0,True,ht_chantry-random-11.scen,140,True,opti
140,ht_chantry.map,planner,1,14525,11807,181,181,12809,11807,10264,0,1,True,ht_chantry-random-11.scen,140,True,opti
140,ht_chantry.map,planner,1,14627,11807,183,181,12790,11807,10112,0,4,True,ht_chantry-random-11.scen,140,True,opti
140,ht_chantry.map,planner,1,14627,11807,183,181,12790,11807,10116,0,16,True,ht_chantry-random-11.scen,140,True,opti
140,ht_chantry.map,planner,1,14627,11807,183,181,12790,11807,10118,0,64,True,ht_chantry-random-11.scen,140,True,opti
140,ht_chantry.map,planner,1,14627,11807,183,181,12790,11807,10112,0,256,True,ht_chantry-random-11.scen,140,True,opti
200,ht_chantry.map,planner,1,22126,17194,181,181,18914,17194,10767,0,0,False,ht_chantry-random-11.scen,200,True,
200,ht_chantry.map,planner,1,22126,17194,181,181,18914,17194,10737,0,0,True,ht_chantry-random-11.scen,200,True,opti
200,ht_chantry.map,planner,1,22087,17194,185,181,18819,17194,10684,0,1,True,ht_chantry-random-11.scen,200,True,opti
200,ht_chantry.map,planner,1,22282,17194,182,181,18845,17194,10398,0,4,True,ht_chantry-random-11.scen,200,True,opti
200,ht_chantry.map,planner,1,22258,17194,184,181,18912,17194,10445,0,16,True,ht_chantry-random-11.scen,200,True,opti
200,ht_chantry.map,planner,1,22085,17194,184,181,18902,17194,10763,0,64,True,ht_chantry-random-11.scen,200,True,opti
200,ht_chantry.map,planner,1,22464,17194,184,181,18865,17194,10131,0,256,True,ht_chantry-random-11.scen,200,True,opti
260,ht_chantry.map,planner,1,31035,23014,182,181,25891,23014,10508,0,0,False,ht_chantry-random-11.scen,260,True,
260,ht_chantry.map,planner,1,31035,23014,182,181,25891,23014,10533,0,0,True,ht_chantry-random-11.scen,260,True,opti
260,ht_chantry.map,planner,1,30941,23014,183,181,25688,23014,10564,0,1,True,ht_chantry-random-11.scen,260,True,opti
260,ht_chantry.map,planner,1,30575,23014,182,181,25600,23014,10525,0,4,True,ht_chantry-random-11.scen,260,True,opti
260,ht_chantry.map,planner,1,30989,23014,181,181,25667,23014,10552,0,16,True,ht_chantry-random-11.scen,260,True,opti
260,ht_chantry.map,planner,1,30736,23014,182,181,25536,23014,10509,0,64,True,ht_chantry-random-11.scen,260,True,opti
260,ht_chantry.map,planner,1,30731,23014,189,181,25566,23014,10342,0,256,True,ht_chantry-random-11.scen,260,True,opti
320,ht_chantry.map,planner,1,39970,28818,184,181,33125,28818,10416,0,0,False,ht_chantry-random-11.scen,320,True,
320,ht_chantry.map,planner,1,39970,28818,184,181,33125,28818,10448,0,0,True,ht_chantry-random-11.scen,320,True,opti
320,ht_chantry.map,planner,1,39944,28818,188,181,32992,28818,10130,0,1,True,ht_chantry-random-11.scen,320,True,opti
320,ht_chantry.map,planner,1,39507,28818,184,181,32896,28818,10416,0,4,True,ht_chantry-random-11.scen,320,True,opti
320,ht_chantry.map,planner,1,40325,28818,192,181,32984,28818,10382,0,16,True,ht_chantry-random-11.scen,320,True,opti
320,ht_chantry.map,planner,1,39721,28818,190,181,32950,28818,10357,0,64,True,ht_chantry-random-11.scen,320,True,opti
320,ht_chantry.map,planner,1,40129,28818,187,181,32901,28818,10110,0,256,True,ht_chantry-random-11.scen,320,True,opti
380,ht_chantry.map,planner,1,50553,35049,215,203,41435,35049,10277,0,0,False,ht_chantry-random-11.scen,380,True,
380,ht_chantry.map,planner,1,50553,35049,215,203,41435,35049,10299,0,0,True,ht_chantry-random-11.scen,380,True,opti
380,ht_chantry.map,planner,1,49339,35049,205,203,41155,35049,10336,0,1,True,ht_chantry-random-11.scen,380,True,opti
380,ht_chantry.map,planner,1,50348,35049,203,203,41280,35049,10051,0,4,True,ht_chantry-random-11.scen,380,True,opti
380,ht_chantry.map,planner,1,49748,35049,209,203,41167,35049,10031,0,16,True,ht_chantry-random-11.scen,380,True,opti
380,ht_chantry.map,planner,1,50022,35049,233,203,41137,35049,10122,0,64,True,ht_chantry-random-11.scen,380,True,opti
380,ht_chantry.map,planner,1,50104,35049,205,203,41133,35049,10023,0,256,True,ht_chantry-random-11.scen,380,True,opti
20,ht_chantry.map,planner,1,2038,1984,159,159,2008,1984,10903,0,0,False,ht_chantry-random-23.scen,20,True,
20,ht_chantry.map,planner,1,2038,1984,159,159,2008,1984,10914,0,0,True,ht_chantry-random-23.scen,20,True,opti
20,ht_chantry.map,planner,1,2038,1984,159,159,2008,1984,10306,0,1,True,ht_chantry-random-23.scen,20,True,opti
20,ht_chantry.map,planner,1,2038,1984,159,159,2008,1984,10294,0,4,True,ht_chantry-random-23.scen,20,True,opti
20,ht_chantry.map,planner,1,2038,1984,159,159,2008,1984,10302,0,16,True,ht_chantry-random-23.scen,20,True,opti
20,ht_chantry.map,planner,1,2038,1984,159,159,2008,1984,10303,0,64,True,ht_chantry-random-23.scen,20,True,opti
20,ht_chantry.map,planner,1,2038,1984,159,159,2008,1984,10296,0,256,True,ht_chantry-random-23.scen,20,True,opti
80,ht_chantry.map,planner,1,8883,8010,182,180,8351,8010,10535,0,0,False,ht_chantry-random-23.scen,80,True,
80,ht_chantry.map,planner,1,8883,8010,182,180,8351,8010,10501,0,0,True,ht_chantry-random-23.scen,80,True,opti
80,ht_chantry.map,planner,1,8830,8010,182,180,8352,8010,10851,0,1,True,ht_chantry-random-23.scen,80,True,opti
80,ht_chantry.map,planner,1,8830,8010,182,180,8352,8010,10802,0,4,True,ht_chantry-random-23.scen,80,True,opti
80,ht_chantry.map,planner,1,8830,8010,182,180,8352,8010,10890,0,16,True,ht_chantry-random-23.scen,80,True,opti
80,ht_chantry.map,planner,1,8830,8010,182,180,8352,8010,10921,0,64,True,ht_chantry-random-23.scen,80,True,opti
80,ht_chantry.map,planner,1,8830,8010,182,180,8352,8010,10761,0,256,True,ht_chantry-random-23.scen,80,True,opti
140,ht_chantry.map,planner,1,15585,13427,190,190,14385,13427,10244,0,0,False,ht_chantry-random-23.scen,140,True,
140,ht_chantry.map,planner,1,15585,13427,190,190,14385,13427,10258,0,0,True,ht_chantry-random-23.scen,140,True,opti
140,ht_chantry.map,planner,1,15608,13427,192,190,14244,13427,10551,0,1,True,ht_chantry-random-23.scen,140,True,opti
140,ht_chantry.map,planner,1,15755,13427,190,190,14374,13427,10601,0,4,True,ht_chantry-random-23.scen,140,True,opti
140,ht_chantry.map,planner,1,15755,13427,190,190,14374,13427,10582,0,16,True,ht_chantry-random-23.scen,140,True,opti
140,ht_chantry.map,planner,1,15755,13427,190,190,14374,13427,10601,0,64,True,ht_chantry-random-23.scen,140,True,opti
140,ht_chantry.map,planner,1,15755,13427,190,190,14374,13427,10616,0,256,True,ht_chantry-random-23.scen,140,True,opti
200,ht_chantry.map,planner,1,23315,18479,190,190,20350,18479,10638,0,0,False,ht_chantry-random-23.scen,200,True,
200,ht_chantry.map,planner,1,23315,18479,190,190,20350,18479,10653,0,0,True,ht_chantry-random-23.scen,200,True,opti
200,ht_chantry.map,planner,1,22969,18479,190,190,20254,18479,10094,0,1,True,ht_chantry-random-23.scen,200,True,opti
200,ht_chantry.map,planner,1,22290,18479,191,190,20169,18479,10705,0,4,True,ht_chantry-random-23.scen,200,True,opti
200,ht_chantry.map,planner,1,22520,18479,205,190,20220,18479,10462,0,16,True,ht_chantry-random-23.scen,200,True,opti
200,ht_chantry.map,planner,1,22654,18479,190,190,20250,18479,10260,0,64,True,ht_chantry-random-23.scen,200,True,opti
200,ht_chantry.map,planner,1,22836,18479,191,190,20039,18479,10407,0,256,True,ht_chantry-random-23.scen,200,True,opti
260,ht_chantry.map,planner,1,30448,23688,190,190,26536,23688,10553,0,0,False,ht_chantry-random-23.scen,260,True,
260,ht_chantry.map,planner,1,30448,23688,190,190,26536,23688,10635,0,0,True,ht_chantry-random-23.scen,260,True,opti
260,ht_chantry.map,planner,1,30318,23688,190,190,26537,23688,10556,0,1,True,ht_chantry-random-23.scen,260,True,opti
260,ht_chantry.map,planner,1,30544,23688,191,190,26424,23688,10421,0,4,True,ht_chantry-random-23.scen,260,True,opti
260,ht_chantry.map,planner,1,30578,23688,190,190,26621,23688,10553,0,16,True,ht_chantry-random-23.scen,260,True,opti
260,ht_chantry.map,planner,1,30096,23688,190,190,26431,23688,10363,0,64,True,ht_chantry-random-23.scen,260,True,opti
260,ht_chantry.map,planner,1,30132,23688,190,190,26509,23688,10375,0,256,True,ht_chantry-random-23.scen,260,True,opti
320,ht_chantry.map,planner,1,38728,28953,190,190,33293,28953,10383,0,0,False,ht_chantry-random-23.scen,320,True,
320,ht_chantry.map,planner,1,38728,28953,190,190,33293,28953,10419,0,0,True,ht_chantry-random-23.scen,320,True,opti
320,ht_chantry.map,planner,1,37892,28953,192,190,32979,28953,10446,0,1,True,ht_chantry-random-23.scen,320,True,opti
320,ht_chantry.map,planner,1,37713,28953,191,190,33139,28953,10452,0,4,True,ht_chantry-random-23.scen,320,True,opti
320,ht_chantry.map,planner,1,37919,28953,191,190,33228,28953,10214,0,16,True,ht_chantry-random-23.scen,320,True,opti
320,ht_chantry.map,planner,1,37513,28953,190,190,32938,28953,10374,0,64,True,ht_chantry-random-23.scen,320,True,opti
320,ht_chantry.map,planner,1,38035,28953,190,190,33134,28953,10106,0,256,True,ht_chantry-random-23.scen,320,True,opti
380,ht_chantry.map,planner,1,47296,34421,204,190,40999,34421,10340,0,0,False,ht_chantry-random-23.scen,380,True,
380,ht_chantry.map,planner,1,47296,34421,204,190,40999,34421,10348,0,0,True,ht_chantry-random-23.scen,380,True,opti
380,ht_chantry.map,planner,1,47273,34421,192,190,40302,34421,10070,0,1,True,ht_chantry-random-23.scen,380,True,opti
380,ht_chantry.map,planner,1,47342,34421,190,190,40557,34421,10053,0,4,True,ht_chantry-random-23.scen,380,True,opti
380,ht_chantry.map,planner,1,47080,34421,192,190,40062,34421,10328,0,16,True,ht_chantry-random-23.scen,380,True,opti
380,ht_chantry.map,planner,1,47296,34421,201,190,40399,34421,10035,0,64,True,ht_chantry-random-23.scen,380,True,opti
380,ht_chantry.map,planner,1,46931,34421,190,190,39961,34421,10027,0,256,True,ht_chantry-random-23.scen,380,True,opti
20,ht_chantry.map,planner,1,1452,1448,148,148,1452,1448,10646,0,0,False,ht_chantry-random-8.scen,20,True,
20,ht_chantry.map,planner,1,1452,1448,148,148,1452,1448,10644,0,0,True,ht_chantry-random-8.scen,20,True,opti
20,ht_chantry.map,planner,1,1453,1448,149,148,1453,1448,10655,0,1,True,ht_chantry-random-8.scen,20,True,opti
20,ht_chantry.map,planner,1,1453,1448,149,148,1453,1448,10644,0,4,True,ht_chantry-random-8.scen,20,True,opti
20,ht_chantry.map,planner,1,1453,1448,149,148,1453,1448,10665,0,16,True,ht_chantry-random-8.scen,20,True,opti
20,ht_chantry.map,planner,1,1453,1448,149,148,1453,1448,10647,0,64,True,ht_chantry-random-8.scen,20,True,opti
20,ht_chantry.map,planner,1,1453,1448,149,148,1453,1448,10643,0,256,True,ht_chantry-random-8.scen,20,True,opti
80,ht_chantry.map,planner,1,7590,6718,190,189,7052,6718,10116,0,0,False,ht_chantry-random-8.scen,80,True,
80,ht_chantry.map,planner,1,7661,6718,191,189,7058,6718,10120,0,0,True,ht_chantry-random-8.scen,80,True,opti
80,ht_chantry.map,planner,1,7534,6718,189,189,7036,6718,10825,0,1,True,ht_chantry-random-8.scen,80,True,opti
80,ht_chantry.map,planner,1,7534,6718,189,189,7036,6718,10878,0,4,True,ht_chantry-random-8.scen,80,True,opti
80,ht_chantry.map,planner,1,7534,6718,189,189,7036,6718,10845,0,16,True,ht_chantry-random-8.scen,80,True,opti
80,ht_chantry.map,planner,1,7534,6718,189,189,7036,6718,10809,0,64,True,ht_chantry-random-8.scen,80,True,opti
80,ht_chantry.map,planner,1,7534,6718,189,189,7036,6718,10955,0,256,True,ht_chantry-random-8.scen,80,True,opti
140,ht_chantry.map,planner,1,14680,12503,189,189,13409,12503,10630,0,0,False,ht_chantry-random-8.scen,140,True,
140,ht_chantry.map,planner,1,14680,12503,189,189,13409,12503,10678,0,0,True,ht_chantry-random-8.scen,140,True,opti
140,ht_chantry.map,planner,1,14533,12503,189,189,13320,12503,10768,0,1,True,ht_chantry-random-8.scen,140,True,opti
140,ht_chantry.map,planner,1,14561,12503,191,189,13357,12503,10382,0,4,True,ht_chantry-random-8.scen,140,True,opti
140,ht_chantry.map,planner,1,14561,12503,191,189,13357,12503,10336,0,16,True,ht_chantry-random-8.scen,140,True,opti
140,ht_chantry.map,planner,1,14561,12503,191,189,13357,12503,10367,0,64,True,ht_chantry-random-8.scen,140,True,opti
140,ht_chantry.map,planner,1,14561,12503,191,189,13357,12503,10337,0,256,True,ht_chantry-random-8.scen,140,True,opti
200,ht_chantry.map,planner,1,22319,18212,189,189,19932,18212,10412,0,0,False,ht_chantry-random-8.scen,200,True,
200,ht_chantry.map,planner,1,22319,18212,189,189,19932,18212,10375,0,0,True,ht_chantry-random-8.scen,200,True,opti
200,ht_chantry.map,planner,1,21816,18212,193,189,19939,18212,10077,0,1,True,ht_chantry-random-8.scen,200,True,opti
200,ht_chantry.map,planner,1,22098,18212,196,189,19799,18212,10685,0,4,True,ht_chantry-random-8.scen,200,True,opti
200,ht_chantry.map,planner,1,21865,18212,194,189,19838,18212,10744,0,16,True,ht_chantry-random-8.scen,200,True,opti
200,ht_chantry.map,planner,1,21710,18212,194,189,19891,18212,10406,0,64,True,ht_chantry-random-8.scen,200,True,opti
200,ht_chantry.map,planner,1,21742,18212,200,189,19864,18212,10656,0,256,True,ht_chantry-random-8.scen,200,True,opti
260,ht_chantry.map,planner,1,30104,23584,190,189,26351,23584,10523,0,0,False,ht_chantry-random-8.scen,260,True,
260,ht_chantry.map,planner,1,30104,23584,190,189,26351,23584,10534,0,0,True,ht_chantry-random-8.scen,260,True,opti
260,ht_chantry.map,planner,1,29665,23584,191,189,26153,23584,10626,0,1,True,ht_chantry-random-8.scen,260,True,opti
260,ht_chantry.map,planner,1,29934,23584,192,189,26271,23584,10118,0,4,True,ht_chantry-random-8.scen,260,True,opti
260,ht_chantry.map,planner,1,29708,23584,189,189,26095,23584,10544,0,16,True,ht_chantry-random-8.scen,260,True,opti
260,ht_chantry.map,planner,1,29629,23584,194,189,26043,23584,10463,0,64,True,ht_chantry-random-8.scen,260,True,opti
260,ht_chantry.map,planner,1,29420,23584,193,189,26102,23584,10343,0,256,True,ht_chantry-random-8.scen,260,True,opti
320,ht_chantry.map,planner,1,39699,30063,203,189,34589,30063,10452,0,0,False,ht_chantry-random-8.scen,320,True,
320,ht_chantry.map,planner,1,39699,30063,203,189,34589,30063,10440,0,0,True,ht_chantry-random-8.scen,320,True,opti
320,ht_chantry.map,planner,1,39840,30063,194,189,34620,30063,10046,0,1,True,ht_chantry-random-8.scen,320,True,opti
320,ht_chantry.map,planner,1,38749,30063,191,189,33914,30063,10345,0,4,True,ht_chantry-random-8.scen,320,True,opti
320,ht_chantry.map,planner,1,38561,30063,191,189,34077,30063,10034,0,16,True,ht_chantry-random-8.scen,320,True,opti
320,ht_chantry.map,planner,1,39125,30063,210,189,34376,30063,10126,0,64,True,ht_chantry-random-8.scen,320,True,opti
320,ht_chantry.map,planner,1,39465,30063,191,189,34353,30063,10124,0,256,True,ht_chantry-random-8.scen,320,True,opti
380,ht_chantry.map,planner,1,48799,35435,200,195,41826,35435,10330,0,0,False,ht_chantry-random-8.scen,380,True,
380,ht_chantry.map,planner,1,48799,35435,200,195,41826,35435,10338,0,0,True,ht_chantry-random-8.scen,380,True,opti
380,ht_chantry.map,planner,1,48532,35435,198,195,41432,35435,10378,0,1,True,ht_chantry-random-8.scen,380,True,opti
380,ht_chantry.map,planner,1,48440,35435,203,195,41415,35435,10347,0,4,True,ht_chantry-random-8.scen,380,True,opti
380,ht_chantry.map,planner,1,48306,35435,199,195,41277,35435,10206,0,16,True,ht_chantry-random-8.scen,380,True,opti
380,ht_chantry.map,planner,1,48817,35435,203,195,41406,35435,10257,0,64,True,ht_chantry-random-8.scen,380,True,opti
380,ht_chantry.map,planner,1,48357,35435,198,195,41375,35435,10038,0,256,True,ht_chantry-random-8.scen,380,True,opti
20,ht_chantry.map,planner,1,2004,1972,163,163,2004,1972,10524,0,0,False,ht_chantry-random-10.scen,20,True,
20,ht_chantry.map,planner,1,2004,1972,163,163,2004,1972,10522,0,0,True,ht_chantry-random-10.scen,20,True,opti
20,ht_chantry.map,planner,1,1998,1972,163,163,1998,1972,10693,0,1,True,ht_chantry-random-10.scen,20,True,opti
20,ht_chantry.map,planner,1,1998,1972,163,163,1998,1972,10733,0,4,True,ht_chantry-random-10.scen,20,True,opti
20,ht_chantry.map,planner,1,1998,1972,163,163,1998,1972,10695,0,16,True,ht_chantry-random-10.scen,20,True,opti
20,ht_chantry.map,planner,1,1998,1972,163,163,1998,1972,10698,0,64,True,ht_chantry-random-10.scen,20,True,opti
20,ht_chantry.map,planner,1,1998,1972,163,163,1998,1972,10685,0,256,True,ht_chantry-random-10.scen,20,True,opti
80,ht_chantry.map,planner,1,7606,7074,174,174,7388,7074,10159,0,0,False,ht_chantry-random-10.scen,80,True,
80,ht_chantry.map,planner,1,7606,7074,174,174,7388,7074,10162,0,0,True,ht_chantry-random-10.scen,80,True,opti
80,ht_chantry.map,planner,1,7699,7074,174,174,7408,7074,11490,0,1,True,ht_chantry-random-10.scen,80,True,opti
80,ht_chantry.map,planner,1,7699,7074,174,174,7408,7074,11483,0,4,True,ht_chantry-random-10.scen,80,True,opti
80,ht_chantry.map,planner,1,7699,7074,174,174,7408,7074,11491,0,16,True,ht_chantry-random-10.scen,80,True,opti
80,ht_chantry.map,planner,1,7699,7074,174,174,7408,7074,11502,0,64,True,ht_chantry-random-10.scen,80,True,opti
80,ht_chantry.map,planner,1,7699,7074,174,174,7408,7074,11489,0,256,True,ht_chantry-random-10.scen,80,True,opti
140,ht_chantry.map,planner,1,15293,12708,199,199,13623,12708,10871,0,0,False,ht_chantry-random-10.scen,140,True,
140,ht_chantry.map,planner,1,15293,12708,199,199,13623,12708,10844,0,0,True,ht_chantry-random-10.scen,140,True,opti
140,ht_chantry.map,planner,1,14877,12708,200,199,13503,12708,10941,0,1,True,ht_chantry-random-10.scen,140,True,opti
140,ht_chantry.map,planner,1,15107,12708,199,199,13457,12708,11053,0,4,True,ht_chantry-random-10.scen,140,True,opti
140,ht_chantry.map,planner,1,15107,12708,199,199,13457,12708,10951,0,16,True,ht_chantry-random-10.scen,140,True,opti
140,ht_chantry.map,planner,1,15107,12708,199,199,13457,12708,10807,0,64,True,ht_chantry-random-10.scen,140,True,opti
140,ht_chantry.map,planner,1,15107,12708,199,199,13457,12708,10823,0,256,True,ht_chantry-random-10.scen,140,True,opti
200,ht_chantry.map,planner,1,22481,18495,199,199,20301,18495,10740,0,0,False,ht_chantry-random-10.scen,200,True,
200,ht_chantry.map,planner,1,22481,18495,199,199,20301,18495,10732,0,0,True,ht_chantry-random-10.scen,200,True,opti
200,ht_chantry.map,planner,1,22555,18495,202,199,20175,18495,10587,0,1,True,ht_chantry-random-10.scen,200,True,opti
200,ht_chantry.map,planner,1,22697,18495,201,199,20180,18495,10753,0,4,True,ht_chantry-random-10.scen,200,True,opti
200,ht_chantry.map,planner,1,22885,18495,201,199,20250,18495,10714,0,16,True,ht_chantry-random-10.scen,200,True,opti
200,ht_chantry.map,planner,1,22430,18495,202,199,20231,18495,10183,0,64,True,ht_chantry-random-10.scen,200,True,opti
200,ht_chantry.map,planner,1,22528,18495,199,199,20262,18495,10149,0,256,True,ht_chantry-random-10.scen,200,True,opti
260,ht_chantry.map,planner,1,31270,24122,199,199,27235,24122,10511,0,0,False,ht_chantry-random-10.scen,260,True,
260,ht_chantry.map,planner,1,31270,24122,199,199,27235,24122,10375,0,0,True,ht_chantry-random-10.scen,260,True,opti
260,ht_chantry.map,planner,1,31280,24122,199,199,27106,24122,10169,0,1,True,ht_chantry-random-10.scen,260,True,opti
260,ht_chantry.map,planner,1,30930,24122,202,199,26961,24122,10559,0,4,True,ht_chantry-random-10.scen,260,True,opti
260,ht_chantry.map,planner,1,30712,24122,201,199,27008,24122,10569,0,16,True,ht_chantry-random-10.scen,260,True,opti
260,ht_chantry.map,planner,1,31221,24122,202,199,27001,24122,10390,0,64,True,ht_chantry-random-10.scen,260,True,opti
260,ht_chantry.map,planner,1,30519,24122,200,199,26941,24122,10097,0,256,True,ht_chantry-random-10.scen,260,True,opti
320,ht_chantry.map,planner,1,40801,30287,200,199,34956,30287,10404,0,0,False,ht_chantry-random-10.scen,320,True,
320,ht_chantry.map,planner,1,40801,30287,200,199,34956,30287,10449,0,0,True,ht_chantry-random-10.scen,320,True,opti
320,ht_chantry.map,planner,1,40459,30287,208,199,34865,30287,10441,0,1,True,ht_chantry-random-10.scen,320,True,opti
320,ht_chantry.map,planner,1,41094,30287,211,199,35027,30287,10202,0,4,True,ht_chantry-random-10.scen,320,True,opti
320,ht_chantry.map,planner,1,39966,30287,199,199,34744,30287,10404,0,16,True,ht_chantry-random-10.scen,320,True,opti
320,ht_chantry.map,planner,1,40698,30287,204,199,34971,30287,10100,0,64,True,ht_chantry-random-10.scen,320,True,opti
320,ht_chantry.map,planner,1,39937,30287,200,199,34395,30287,10066,0,256,True,ht_chantry-random-10.scen,320,True,opti
380,ht_chantry.map,planner,1,51051,35928,213,199,42650,35928,10110,0,0,False,ht_chantry-random-10.scen,380,True,
380,ht_chantry.map,planner,1,51051,35928,213,199,42650,35928,10120,0,0,True,ht_chantry-random-10.scen,380,True,opti
380,ht_chantry.map,planner,1,50634,35928,210,199,42547,35928,10345,0,1,True,ht_chantry-random-10.scen,380,True,opti
380,ht_chantry.map,planner,1,51044,35928,205,199,42553,35928,10222,0,4,True,ht_chantry-random-10.scen,380,True,opti
380,ht_chantry.map,planner,1,50653,35928,203,199,42243,35928,10306,0,16,True,ht_chantry-random-10.scen,380,True,opti
380,ht_chantry.map,planner,1,49799,35928,203,199,42082,35928,10136,0,64,True,ht_chantry-random-10.scen,380,True,opti
380,ht_chantry.map,planner,1,49853,35928,208,199,41967,35928,10106,0,256,True,ht_chantry-random-10.scen,380,True,opti
20,ht_chantry.map,planner,1,1967,1897,190,188,1936,1897,11061,0,0,False,ht_chantry-random-25.scen,20,True,
20,ht_chantry.map,planner,1,1967,1897,190,188,1936,1897,11045,0,0,True,ht_chantry-random-25.scen,20,True,opti
20,ht_chantry.map,planner,1,1967,1897,190,188,1936,1897,11031,0,1,True,ht_chantry-random-25.scen,20,True,opti
20,ht_chantry.map,planner,1,1967,1897,190,188,1936,1897,11044,0,4,True,ht_chantry-random-25.scen,20,True,opti
20,ht_chantry.map,planner,1,1967,1897,190,188,1936,1897,11053,0,16,True,ht_chantry-random-25.scen,20,True,opti
20,ht_chantry.map,planner,1,1967,1897,190,188,1936,1897,11058,0,64,True,ht_chantry-random-25.scen,20,True,opti
20,ht_chantry.map,planner,1,1967,1897,190,188,1936,1897,11046,0,256,True,ht_chantry-random-25.scen,20,True,opti
80,ht_chantry.map,planner,1,8627,7868,197,197,8325,7868,11443,0,0,False,ht_chantry-random-25.scen,80,True,
80,ht_chantry.map,planner,1,8627,7868,197,197,8325,7868,11208,0,0,True,ht_chantry-random-25.scen,80,True,opti
80,ht_chantry.map,planner,1,8636,7868,199,197,8259,7868,11011,0,1,True,ht_chantry-random-25.scen,80,True,opti
80,ht_chantry.map,planner,1,8636,7868,199,197,8259,7868,10901,0,4,True,ht_chantry-random-25.scen,80,True,opti
80,ht_chantry.map,planner,1,8636,7868,199,197,8259,7868,10900,0,16,True,ht_chantry-random-25.scen,80,True,opti
80,ht_chantry.map,planner,1,8636,7868,199,197,8259,7868,10883,0,64,True,ht_chantry-random-25.scen,80,True,opti
80,ht_chantry.map,planner,1,8636,7868,199,197,8259,7868,10903,0,256,True,ht_chantry-random-25.scen,80,True,opti
140,ht_chantry.map,planner,1,15501,12929,197,197,14057,12929,10949,0,0,False,ht_chantry-random-25.scen,140,True,
140,ht_chantry.map,planner,1,15501,12929,197,197,14057,12929,10940,0,0,True,ht_chantry-random-25.scen,140,True,opti
140,ht_chantry.map,planner,1,15241,12929,197,197,14012,12929,10986,0,1,True,ht_chantry-random-25.scen,140,True,opti
140,ht_chantry.map,planner,1,15172,12929,202,197,13906,12929,10896,0,4,True,ht_chantry-random-25.scen,140,True,opti
140,ht_chantry.map,planner,1,15518,12929,197,197,14111,12929,10469,0,16,True,ht_chantry-random-25.scen,140,True,opti
140,ht_chantry.map,planner,1,15362,12929,202,197,13963,12929,10482,0,64,True,ht_chantry-random-25.scen,140,True,opti
140,ht_chantry.map,planner,1,15362,12929,202,197,13963,12929,10456,0,256,True,ht_chantry-random-25.scen,140,True,opti
200,ht_chantry.map,planner,1,23905,18753,197,197,20948,18753,10721,0,0,False,ht_chantry-random-25.scen,200,True,
200,ht_chantry.map,planner,1,23905,18753,197,197,20948,18753,10719,0,0,True,ht_chantry-random-25.scen,200,True,opti
200,ht_chantry.map,planner,1,23425,18753,199,197,20810,18753,10722,0,1,True,ht_chantry-random-25.scen,200,True,opti
200,ht_chantry.map,planner,1,23395,18753,198,197,20715,18753,10614,0,4,True,ht_chantry-random-25.scen,200,True,opti
200,ht_chantry.map,planner,1,23342,18753,197,197,20712,18753,10726,0,16,True,ht_chantry-random-25.scen,200,True,opti
200,ht_chantry.map,planner,1,23789,18753,198,197,20749,18753,10635,0,64,True,ht_chantry-random-25.scen,200,True,opti
200,ht_chantry.map,planner,1,23709,18753,201,197,20663,18753,10056,0,256,True,ht_chantry-random-25.scen,200,True,opti
260,ht_chantry.map,planner,1,31769,24289,197,197,27733,24289,10567,0,0,False,ht_chantry-random-25.scen,260,True,
260,ht_chantry.map,planner,1,31769,24289,197,197,27733,24289,10561,0,0,True,ht_chantry-random-25.scen,260,True,opti
260,ht_chantry.map,planner,1,31445,24289,201,197,27533,24289,10466,0,1,True,ht_chantry-random-25.scen,260,True,opti
260,ht_chantry.map,planner,1,31330,24289,197,197,27471,24289,10565,0,4,True,ht_chantry-random-25.scen,260,True,opti
260,ht_chantry.map,planner,1,31335,24289,197,197,27386,24289,10531,0,16,True,ht_chantry-random-25.scen,260,True,opti
260,ht_chantry.map,planner,1,31406,24289,197,197,27491,24289,10422,0,64,True,ht_chantry-random-25.scen,260,True,opti
260,ht_chantry.map,planner,1,31689,24289,197,197,27485,24289,10340,0,256,True,ht_chantry-random-25.scen,260,True,opti
320,ht_chantry.map,planner,1,41797,30126,200,198,35084,30126,10368,0,0,False,ht_chantry-random-25.scen,320,True,
320,ht_chantry.map,planner,1,41797,30126,200,198,35084,30126,10386,0,0,True,ht_chantry-random-25.scen,320,True,opti
320,ht_chantry.map,planner,1,41161,30126,200,198,35056,30126,10392,0,1,True,ht_chantry-random-25.scen,320,True,opti
320,ht_chantry.map,planner,1,41813,30126,205,198,34980,30126,10336,0,4,True,ht_chantry-random-25.scen,320,True,opti
320,ht_chantry.map,planner,1,41329,30126,207,198,34745,30126,10398,0,16,True,ht_chantry-random-25.scen,320,True,opti
320,ht_chantry.map,planner,1,40641,30126,199,198,34861,30126,10299,0,64,True,ht_chantry-random-25.scen,320,True,opti
320,ht_chantry.map,planner,1,41029,30126,202,198,34897,30126,10127,0,256,True,ht_chantry-random-25.scen,320,True,opti
380,ht_chantry.map,planner,1,51489,35795,202,198,42847,35795,10321,0,0,False,ht_chantry-random-25.scen,380,True,
380,ht_chantry.map,planner,1,50739,35795,201,198,42791,35795,10096,0,0,True,ht_chantry-random-25.scen,380,True,opti
380,ht_chantry.map,planner,1,50558,35795,201,198,42442,35795,10356,0,1,True,ht_chantry-random-25.scen,380,True,opti
380,ht_chantry.map,planner,1,49806,35795,207,198,42186,35795,10326,0,4,True,ht_chantry-random-25.scen,380,True,opti
380,ht_chantry.map,planner,1,49727,35795,202,198,42199,35795,10335,0,16,True,ht_chantry-random-25.scen,380,True,opti
380,ht_chantry.map,planner,1,50324,35795,199,198,42260,35795,10253,0,64,True,ht_chantry-random-25.scen,380,True,opti
380,ht_chantry.map,planner,1,50057,35795,200,198,42261,35795,10042,0,256,True,ht_chantry-random-25.scen,380,True,opti
20,ht_chantry.map,planner,1,1788,1671,181,180,1706,1671,10878,0,0,False,ht_chantry-random-6.scen,20,True,
20,ht_chantry.map,planner,1,1788,1671,181,180,1706,1671,10886,0,0,True,ht_chantry-random-6.scen,20,True,opti
20,ht_chantry.map,planner,1,1821,1671,183,180,1711,1671,10950,0,1,True,ht_chantry-random-6.scen,20,True,opti
20,ht_chantry.map,planner,1,1821,1671,183,180,1711,1671,10959,0,4,True,ht_chantry-random-6.scen,20,True,opti
20,ht_chantry.map,planner,1,1821,1671,183,180,1711,1671,10949,0,16,True,ht_chantry-random-6.scen,20,True,opti
20,ht_chantry.map,planner,1,1821,1671,183,180,1711,1671,10951,0,64,True,ht_chantry-random-6.scen,20,True,opti
20,ht_chantry.map,planner,1,1821,1671,183,180,1711,1671,10951,0,256,True,ht_chantry-random-6.scen,20,True,opti
80,ht_chantry.map,planner,1,8445,7503,189,189,7924,7503,10317,0,0,False,ht_chantry-random-6.scen,80,True,
80,ht_chantry.map,planner,1,8445,7503,189,189,7924,7503,10341,0,0,True,ht_chantry-random-6.scen,80,True,opti
80,ht_chantry.map,planner,1,8404,7503,189,189,7923,7503,11438,0,1,True,ht_chantry-random-6.scen,80,True,opti
80,ht_chantry.map,planner,1,8404,7503,189,189,7923,7503,11434,0,4,True,ht_chantry-random-6.scen,80,True,opti
80,ht_chantry.map,planner,1,8404,7503,189,189,7923,7503,11512,0,16,True,ht_chantry-random-6.scen,80,True,opti
80,ht_chantry.map,planner,1,8404,7503,189,189,7923,7503,11467,0,64,True,ht_chantry-random-6.scen,80,True,opti
80,ht_chantry.map,planner,1,8404,7503,189,189,7923,7503,11435,0,256,True,ht_chantry-random-6.scen,80,True,opti
140,ht_chantry.map,planner,1,16235,13293,192,189,14364,13293,10293,0,0,False,ht_chantry-random-6.scen,140,True,
140,ht_chantry.map,planner,1,16235,13293,192,189,14364,13293,10273,0,0,True,ht_chantry-random-6.scen,140,True,opti
140,ht_chantry.map,planner,1,16164,13293,189,189,14344,13293,10942,0,1,True,ht_chantry-random-6.scen,140,True,opti
140,ht_chantry.map,planner,1,16180,13293,191,189,14337,13293,10856,0,4,True,ht_chantry-random-6.scen,140,True,opti
140,ht_chantry.map,planner,1,15920,13293,189,189,14300,13293,11002,0,16,True,ht_chantry-random-6.scen,140,True,opti
140,ht_chantry.map,planner,1,15920,13293,189,189,14300,13293,11005,0,64,True,ht_chantry-random-6.scen,140,True,opti
140,ht_chantry.map,planner,1,15920,13293,189,189,14300,13293,11005,0,256,True,ht_chantry-random-6.scen,140,True,opti
200,ht_chantry.map,planner,1,24190,19580,189,189,21490,19580,10384,0,0,False,ht_chantry-random-6.scen,200,True,
200,ht_chantry.map,planner,1,24190,19580,189,189,21490,19580,10431,0,0,True,ht_chantry-random-6.scen,200,True,opti
200,ht_chantry.map,planner,1,23880,19580,196,189,21324,19580,10744,0,1,True,ht_chantry-random-6.scen,200,True,opti
200,ht_chantry.map,planner,1,23987,19580,192,189,21365,19580,10364,0,4,True,ht_chantry-random-6.scen,200,True,opti
200,ht_chantry.map,planner,1,23878,19580,189,189,21306,19580,10616,0,16,True,ht_chantry-random-6.scen,200,True,opti
200,ht_chantry.map,planner,1,23951,19580,189,189,21284,19580,10728,0,64,True,ht_chantry-random-6.scen,200,True,opti
200,ht_chantry.map,planner,1,24097,19580,190,189,21363,19580,10100,0,256,True,ht_chantry-random-6.scen,200,True,opti
260,ht_chantry.map,planner,1,32802,25595,208,189,28662,25595,10591,0,0,False,ht_chantry-random-6.scen,260,True,
260,ht_chantry.map,planner,1,32802,25595,208,189,28662,25595,10509,0,0,True,ht_chantry-random-6.scen,260,True,opti
260,ht_chantry.map,planner,1,32180,25595,199,189,28543,25595,10337,0,1,True,ht_chantry-random-6.scen,260,True,opti
260,ht_chantry.map,planner,1,32402,25595,190,189,28511,25595,10458,0,4,True,ht_chantry-random-6.scen,260,True,opti
260,ht_chantry.map,planner,1,32185,25595,195,189,28547,25595,10362,0,16,True,ht_chantry-random-6.scen,260,True,opti
260,ht_chantry.map,planner,1,32310,25595,194,189,28591,25595,10451,0,64,True,ht_chantry-random-6.scen,260,True,opti
260,ht_chantry.map,planner,1,32337,25595,189,189,28499,25595,10331,0,256,True,ht_chantry-random-6.scen,260,True,opti
320,ht_chantry.map,planner,1,41683,31083,198,195,36299,31083,10099,0,0,False,ht_chantry-random-6.scen,320,True,
320,ht_chantry.map,planner,1,41683,31083,198,195,36299,31083,10093,0,0,True,ht_chantry-random-6.scen,320,True,opti
320,ht_chantry.map,planner,1,40566,31083,195,195,35801,31083,10372,0,1,True,ht_chantry-random-6.scen,320,True,opti
320,ht_chantry.map,planner,1,40690,31083,195,195,35705,31083,10432,0,4,True,ht_chantry-random-6.scen,320,True,opti
320,ht_chantry.map,planner,1,40409,31083,195,195,35561,31083,10455,0,16,True,ht_chantry-random-6.scen,320,True,opti
320,ht_chantry.map,planner,1,40289,31083,195,195,35434,31083,10323,0,64,True,ht_chantry-random-6.scen,320,True,opti
320,ht_chantry.map,planner,1,40848,31083,198,195,35866,31083,10054,0,256,True,ht_chantry-random-6.scen,320,True,opti
380,ht_chantry.map,planner,1,51042,37136,201,201,43768,37136,10401,0,0,False,ht_chantry-random-6.scen,380,True,
380,ht_chantry.map,planner,1,51042,37136,201,201,43768,37136,10368,0,0,True,ht_chantry-random-6.scen,380,True,opti
380,ht_chantry.map,planner,1,50528,37136,202,201,44101,37136,10305,0,1,True,ht_chantry-random-6.scen,380,True,opti
380,ht_chantry.map,planner,1,51495,37136,205,201,44067,37136,10341,0,4,True,ht_chantry-random-6.scen,380,True,opti
380,ht_chantry.map,planner,1,50259,37136,207,201,43798,37136,10110,0,16,True,ht_chantry-random-6.scen,380,True,opti
380,ht_chantry.map,planner,1,49971,37136,205,201,43719,37136,10206,0,64,True,ht_chantry-random-6.scen,380,True,opti
380,ht_chantry.map,planner,1,50574,37136,202,201,43486,37136,10034,0,256,True,ht_chantry-random-6.scen,380,True,opti
20,ht_chantry.map,planner,1,2520,2437,174,173,2502,2437,10849,0,0,False,ht_chantry-random-14.scen,20,True,
20,ht_chantry.map,planner,1,2520,2437,174,173,2502,2437,10855,0,0,True,ht_chantry-random-14.scen,20,True,opti
20,ht_chantry.map,planner,1,2519,2437,173,173,2497,2437,10626,0,1,True,ht_chantry-random-14.scen,20,True,opti
20,ht_chantry.map,planner,1,2519,2437,173,173,2497,2437,10537,0,4,True,ht_chantry-random-14.scen,20,True,opti
20,ht_chantry.map,planner,1,2519,2437,173,173,2497,2437,10583,0,16,True,ht_chantry-random-14.scen,20,True,opti
20,ht_chantry.map,planner,1,2519,2437,173,173,2497,2437,10621,0,64,True,ht_chantry-random-14.scen,20,True,opti
20,ht_chantry.map,planner,1,2519,2437,173,173,2497,2437,10630,0,256,True,ht_chantry-random-14.scen,20,True,opti
80,ht_chantry.map,planner,1,8905,7986,185,185,8374,7986,11605,0,0,False,ht_chantry-random-14.scen,80,True,
80,ht_chantry.map,planner,1,8905,7986,185,185,8374,7986,11578,0,0,True,ht_chantry-random-14.scen,80,True,opti
80,ht_chantry.map,planner,1,8947,7986,189,185,8393,7986,11518,0,1,True,ht_chantry-random-14.scen,80,True,opti
80,ht_chantry.map,planner,1,8947,7986,189,185,8393,7986,11538,0,4,True,ht_chantry-random-14.scen,80,True,opti
80,ht_chantry.map,planner,1,8947,7986,189,185,8393,7986,11555,0,16,True,ht_chantry-random-14.scen,80,True,opti
80,ht_chantry.map,planner,1,8947,7986,189,185,8393,7986,11504,0,64,True,ht_chantry-random-14.scen,80,True,opti
80,ht_chantry.map,planner,1,8947,7986,189,185,8393,7986,11532,0,256,True,ht_chantry-random-14.scen,80,True,opti
140,ht_chantry.map,planner,1,16113,13718,191,185,14877,13718,10841,0,0,False,ht_chantry-random-14.scen,140,True,
140,ht_chantry.map,planner,1,16113,13718,191,185,14877,13718,10796,0,0,True,ht_chantry-random-14.scen,140,True,opti
140,ht_chantry.map,planner,1,16213,13718,187,185,14750,13718,10142,0,1,True,ht_chantry-random-14.scen,140,True,opti
140,ht_chantry.map,planner,1,16116,13718,195,185,14767,13718,10926,0,4,True,ht_chantry-random-14.scen,140,True,opti
140,ht_chantry.map,planner,1,16105,13718,187,185,14745,13718,10967,0,16,True,ht_chantry-random-14.scen,140,True,opti
140,ht_chantry.map,planner,1,16000,13718,187,185,14812,13718,10904,0,64,True,ht_chantry-random-14.scen,140,True,opti
140,ht_chantry.map,planner,1,16000,13718,187,185,14812,13718,10868,0,256,True,ht_chantry-random-14.scen,140,True,opti
200,ht_chantry.map,planner,1,23821,19311,191,185,21323,19311,10705,0,0,False,ht_chantry-random-14.scen,200,True,
200,ht_chantry.map,planner,1,23821,19311,191,185,21323,19311,10816,0,0,True,ht_chantry-random-14.scen,200,True,opti
200,ht_chantry.map,planner,1,24044,19311,187,185,21346,19311,10660,0,1,True,ht_chantry-random-14.scen,200,True,opti
200,ht_chantry.map,planner,1,23730,19311,196,185,21252,19311,10312,0,4,True,ht_chantry-random-14.scen,200,True,opti
200,ht_chantry.map,planner,1,23765,19311,187,185,21257,19311,10067,0,16,True,ht_chantry-random-14.scen,200,True,opti
200,ht_chantry.map,planner,1,23479,19311,192,185,21109,19311,10182,0,64,True,ht_chantry-random-14.scen,200,True,opti
200,ht_chantry.map,planner,1,23546,19311,187,185,21168,19311,10330,0,256,True,ht_chantry-random-14.scen,200,True,opti
260,ht_chantry.map,planner,1,32755,25360,187,185,28710,25360,10528,0,0,False,ht_chantry-random-14.scen,260,True,
260,ht_chantry.map,planner,1,32755,25360,187,185,28710,25360,10518,0,0,True,ht_chantry-random-14.scen,260,True,opti
260,ht_chantry.map,planner,1,31564,25360,187,185,28134,25360,10553,0,1,True,ht_chantry-random-14.scen,260,True,opti
260,ht_chantry.map,planner,1,32362,25360,193,185,28393,25360,10552,0,4,True,ht_chantry-random-14.scen,260,True,opti
260,ht_chantry.map,planner,1,32380,25360,189,185,28520,25360,10294,0,16,True,ht_chantry-random-14.scen,260,True,opti
260,ht_chantry.map,planner,1,33090,25360,195,185,28620,25360,10468,0,64,True,ht_chantry-random-14.scen,260,True,opti
260,ht_chantry.map,planner,1,32106,25360,187,185,28224,25360,10146,0,256,True,ht_chantry-random-14.scen,260,True,opti
320,ht_chantry.map,planner,1,40006,30090,196,194,34579,30090,10353,0,0,False,ht_chantry-random-14.scen,320,True,
320,ht_chantry.map,planner,1,40006,30090,196,194,34579,30090,10378,0,0,True,ht_chantry-random-14.scen,320,True,opti
320,ht_chantry.map,planner,1,39343,30090,198,194,34112,30090,10456,0,1,True,ht_chantry-random-14.scen,320,True,opti
320,ht_chantry.map,planner,1,40523,30090,194,194,34415,30090,10180,0,4,True,ht_chantry-random-14.scen,320,True,opti
320,ht_chantry.map,planner,1,39965,30090,195,194,34288,30090,10218,0,16,True,ht_chantry-random-14.scen,320,True,opti
320,ht_chantry.map,planner,1,39491,30090,194,194,34104,30090,10049,0,64,True,ht_chantry-random-14.scen,320,True,opti
320,ht_chantry.map,planner,1,39842,30090,195,194,34213,30090,10111,0,256,True,ht_chantry-random-14.scen,320,True,opti
380,ht_chantry.map,planner,1,49044,35383,198,194,41396,35383,10312,0,0,False,ht_chantry-random-14.scen,380,True,
380,ht_chantry.map,planner,1,49044,35383,198,194,41396,35383,10336,0,0,True,ht_chantry-random-14.scen,380,True,opti
380,ht_chantry.map,planner,1,48912,35383,201,194,41382,35383,10305,0,1,True,ht_chantry-random-14.scen,380,True,opti
380,ht_chantry.map,planner,1,48925,35383,198,194,41038,35383,10347,0,4,True,ht_chantry-random-14.scen,380,True,opti
380,ht_chantry.map,planner,1,49279,35383,200,194,41295,35383,10265,0,16,True,ht_chantry-random-14.scen,380,True,opti
380,ht_chantry.map,planner,1,49110,35383,198,194,41763,35383,10207,0,64,True,ht_chantry-random-14.scen,380,True,opti
380,ht_chantry.map,planner,1,49453,35383,199,194,41408,35383,10014,0,256,True,ht_chantry-random-14.scen,380,True,opti
20,ht_chantry.map,planner,1,2259,2247,181,181,2259,2247,10698,0,0,False,ht_chantry-random-17.scen,20,True,
20,ht_chantry.map,planner,1,2259,2247,181,181,2259,2247,10709,0,0,True,ht_chantry-random-17.scen,20,True,opti
20,ht_chantry.map,planner,1,2254,2247,181,181,2254,2247,11093,0,1,True,ht_chantry-random-17.scen,20,True,opti
20,ht_chantry.map,planner,1,2254,2247,181,181,2254,2247,11101,0,4,True,ht_chantry-random-17.scen,20,True,opti
20,ht_chantry.map,planner,1,2254,2247,181,181,2254,2247,11077,0,16,True,ht_chantry-random-17.scen,20,True,opti
20,ht_chantry.map,planner,1,2254,2247,181,181,2254,2247,11073,0,64,True,ht_chantry-random-17.scen,20,True,opti
20,ht_chantry.map,planner,1,2254,2247,181,181,2254,2247,10989,0,256,True,ht_chantry-random-17.scen,20,True,opti
80,ht_chantry.map,planner,1,8872,7859,183,181,8274,7859,11121,0,0,False,ht_chantry-random-17.scen,80,True,
80,ht_chantry.map,planner,1,8872,7859,183,181,8274,7859,11131,0,0,True,ht_chantry-random-17.scen,80,True,opti
80,ht_chantry.map,planner,1,8819,7859,181,181,8242,7859,10592,0,1,True,ht_chantry-random-17.scen,80,True,opti
80,ht_chantry.map,planner,1,8819,7859,181,181,8242,7859,10584,0,4,True,ht_chantry-random-17.scen,80,True,opti
80,ht_chantry.map,planner,1,8819,7859,181,181,8242,7859,10558,0,16,True,ht_chantry-random-17.scen,80,True,opti
80,ht_chantry.map,planner,1,8819,7859,181,181,8242,7859,10575,0,64,True,ht_chantry-random-17.scen,80,True,opti
80,ht_chantry.map,planner,1,8819,7859,181,181,8242,7859,10518,0,256,True,ht_chantry-random-17.scen,80,True,opti
140,ht_chantry.map,planner,1,15659,13401,181,181,14440,13401,10535,0,0,False,ht_chantry-random-17.scen,140,True,
140,ht_chantry.map,planner,1,15659,13401,181,181,14440,13401,10578,0,0,True,ht_chantry-random-17.scen,140,True,opti
140,ht_chantry.map,planner,1,15494,13401,186,181,14341,13401,10948,0,1,True,ht_chantry-random-17.scen,140,True,opti
140,ht_chantry.map,planner,1,15494,13401,186,181,14341,13401,10953,0,4,True,ht_chantry-random-17.scen,140,True,opti
140,ht_chantry.map,planner,1,15494,13401,186,181,14341,13401,10954,0,16,True,ht_chantry-random-17.scen,140,True,opti
140,ht_chantry.map,planner,1,15494,13401,186,181,14341,13401,10956,0,64,True,ht_chantry-random-17.scen,140,True,opti
140,ht_chantry.map,planner,1,15494,13401,186,181,14341,13401,10952,0,256,True,ht_chantry-random-17.scen,140,True,opti
200,ht_chantry.map,planner,1,23443,19279,187,181,21320,19279,10699,0,0,False,ht_chantry-random-17.scen,200,True,
200,ht_chantry.map,planner,1,23443,19279,187,181,21320,19279,10728,0,0,True,ht_chantry-random-17.scen,200,True,opti
200,ht_chantry.map,planner,1,23283,19279,207,181,21112,19279,10733,0,1,True,ht_chantry-random-17.scen,200,True,opti
200,ht_chantry.map,planner,1,23344,19279,183,181,21075,19279,10407,0,4,True,ht_chantry-random-17.scen,200,True,opti
200,ht_chantry.map,planner,1,23929,19279,186,181,21053,19279,10055,0,16,True,ht_chantry-random-17.scen,200,True,opti
200,ht_chantry.map,planner,1,23952,19279,187,181,21007,19279,10673,0,64,True,ht_chantry-random-17.scen,200,True,opti
200,ht_chantry.map,planner,1,23581,19279,184,181,21049,19279,10043,0,256,True,ht_chantry-random-17.scen,200,True,opti
260,ht_chantry.map,planner,1,32124,24894,194,192,27777,24894,10059,0,0,False,ht_chantry-random-17.scen,260,True,
260,ht_chantry.map,planner,1,32579,24894,202,192,27956,24894,10570,0,0,True,ht_chantry-random-17.scen,260,True,opti
260,ht_chantry.map,planner,1,31788,24894,194,192,27588,24894,10216,0,1,True,ht_chantry-random-17.scen,260,True,opti
260,ht_chantry.map,planner,1,31735,24894,192,192,27687,24894,10574,0,4,True,ht_chantry-random-17.scen,260,True,opti
260,ht_chantry.map,planner,1,31390,24894,192,192,27578,24894,10304,0,16,True,ht_chantry-random-17.scen,260,True,opti
260,ht_chantry.map,planner,1,32265,24894,194,192,27663,24894,10485,0,64,True,ht_chantry-random-17.scen,260,True,opti
260,ht_chantry.map,planner,1,31775,24894,192,192,27373,24894,10055,0,256,True,ht_chantry-random-17.scen,260,True,opti
320,ht_chantry.map,planner,1,40089,31212,198,198,35591,31212,10389,0,0,False,ht_chantry-random-17.scen,320,True,
320,ht_chantry.map,planner,1,40089,31212,198,198,35591,31212,10406,0,0,True,ht_chantry-random-17.scen,320,True,opti
320,ht_chantry.map,planner,1,40582,31212,198,198,35375,31212,10360,0,1,True,ht_chantry-random-17.scen,320,True,opti
320,ht_chantry.map,planner,1,40484,31212,204,198,35173,31212,10440,0,4,True,ht_chantry-random-17.scen,320,True,opti
320,ht_chantry.map,planner,1,40912,31212,204,198,35214,31212,10386,0,16,True,ht_chantry-random-17.scen,320,True,opti
320,ht_chantry.map,planner,1,40289,31212,208,198,35327,31212,10355,0,64,True,ht_chantry-random-17.scen,320,True,opti
320,ht_chantry.map,planner,1,40362,31212,198,198,35038,31212,10062,0,256,True,ht_chantry-random-17.scen,320,True,opti
380,ht_chantry.map,planner,1,50907,37019,198,198,43043,37019,10171,0,0,False,ht_chantry-random-17.scen,380,True,
380,ht_chantry.map,planner,1,50992,37019,205,198,43122,37019,10345,0,0,True,ht_chantry-random-17.scen,380,True,opti
380,ht_chantry.map,planner,1,50815,37019,198,198,42977,37019,10323,0,1,True,ht_chantry-random-17.scen,380,True,opti
380,ht_chantry.map,planner,1,50183,37019,200,198,42938,37019,10109,0,4,True,ht_chantry-random-17.scen,380,True,opti
380,ht_chantry.map,planner,1,50291,37019,198,198,43131,37019,10126,0,16,True,ht_chantry-random-17.scen,380,True,opti
380,ht_chantry.map,planner,1,50002,37019,212,198,42790,37019,10262,0,64,True,ht_chantry-random-17.scen,380,True,opti
380,ht_chantry.map,planner,1,50594,37019,205,198,42734,37019,10028,0,256,True,ht_chantry-random-17.scen,380,True,opti
20,ht_chantry.map,planner,1,1840,1744,189,186,1758,1744,10893,0,0,False,ht_chantry-random-20.scen,20,True,
20,ht_chantry.map,planner,1,1840,1744,189,186,1758,1744,10879,0,0,True,ht_chantry-random-20.scen,20,True,opti
20,ht_chantry.map,planner,1,1837,1744,186,186,1755,1744,10894,0,1,True,ht_chantry-random-20.scen,20,True,opti
20,ht_chantry.map,planner,1,1837,1744,186,186,1755,1744,10880,0,4,True,ht_chantry-random-20.scen,20,True,opti
20,ht_chantry.map,planner,1,1837,1744,186,186,1755,1744,10886,0,16,True,ht_chantry-random-20.scen,20,True,opti
20,ht_chantry.map,planner,1,1837,1744,186,186,1755,1744,10901,0,64,True,ht_chantry-random-20.scen,20,True,opti
20,ht_chantry.map,planner,1,1837,1744,186,186,1755,1744,10892,0,256,True,ht_chantry-random-20.scen,20,True,opti
80,ht_chantry.map,planner,1,7728,6919,186,186,7205,6919,10563,0,0,False,ht_chantry-random-20.scen,80,True,
80,ht_chantry.map,planner,1,7728,6919,186,186,7205,6919,10538,0,0,True,ht_chantry-random-20.scen,80,True,opti
80,ht_chantry.map,planner,1,7850,6919,187,186,7195,6919,10573,0,1,True,ht_chantry-random-20.scen,80,True,opti
80,ht_chantry.map,planner,1,7850,6919,187,186,7195,6919,10552,0,4,True,ht_chantry-random-20.scen,80,True,opti
80,ht_chantry.map,planner,1,7850,6919,187,186,7195,6919,10534,0,16,True,ht_chantry-random-20.scen,80,True,opti
80,ht_chantry.map,planner,1,7850,6919,187,186,7195,6919,10555,0,64,True,ht_chantry-random-20.scen,80,True,opti
80,ht_chantry.map,planner,1,7850,6919,187,186,7195,6919,10594,0,256,True,ht_chantry-random-20.scen,80,True,opti
140,ht_chantry.map,planner,1,15517,12797,186,186,13766,12797,10574,0,0,False,ht_chantry-random-20.scen,140,True,
140,ht_chantry.map,planner,1,15517,12797,186,186,13766,12797,10570,0,0,True,ht_chantry-random-20.scen,140,True,opti
140,ht_chantry.map,planner,1,15334,12797,187,186,13709,12797,10188,0,1,True,ht_chantry-random-20.scen,140,True,opti
140,ht_chantry.map,planner,1,15178,12797,186,186,13745,12797,10069,0,4,True,ht_chantry-random-20.scen,140,True,opti
140,ht_chantry.map,planner,1,15368,12797,186,186,13638,12797,11054,0,16,True,ht_chantry-random-20.scen,140,True,opti
140,ht_chantry.map,planner,1,15368,12797,186,186,13638,12797,11041,0,64,True,ht_chantry-random-20.scen,140,True,opti
140,ht_chantry.map,planner,1,15368,12797,186,186,13638,12797,11065,0,256,True,ht_chantry-random-20.scen,140,True,opti
200,ht_chantry.map,planner,1,22864,18400,186,186,20285,18400,10258,0,0,False,ht_chantry-random-20.scen,200,True,
200,ht_chantry.map,planner,1,22864,18400,186,186,20285,18400,10263,0,0,True,ht_chantry-random-20.scen,200,True,opti
200,ht_chantry.map,planner,1,23038,18400,190,186,20110,18400,10500,0,1,True,ht_chantry-random-20.scen,200,True,opti
200,ht_chantry.map,planner,1,22674,18400,186,186,20159,18400,10504,0,4,True,ht_chantry-random-20.scen,200,True,opti
200,ht_chantry.map,planner,1,23000,18400,191,186,20121,18400,10591,0,16,True,ht_chantry-random-20.scen,200,True,opti
200,ht_chantry.map,planner,1,23171,18400,186,186,20164,18400,10494,0,64,True,ht_chantry-random-20.scen,200,True,opti
200,ht_chantry.map,planner,1,22744,18400,187,186,20120,18400,10588,0,256,True,ht_chantry-random-20.scen,200,True,opti
260,ht_chantry.map,planner,1,31471,23789,196,190,27136,23789,10561,0,0,False,ht_chantry-random-20.scen,260,True,
260,ht_chantry.map,planner,1,31471,23789,196,190,27136,23789,10548,0,0,True,ht_chantry-random-20.scen,260,True,opti
260,ht_chantry.map,planner,1,31576,23789,191,190,26743,23789,10303,0,1,True,ht_chantry-random-20.scen,260,True,opti
260,ht_chantry.map,planner,1,31542,23789,194,190,26830,23789,10558,0,4,True,ht_chantry-random-20.scen,260,True,opti
260,ht_chantry.map,planner,1,31085,23789,192,190,26732,23789,10554,0,16,True,ht_chantry-random-20.scen,260,True,opti
260,ht_chantry.map,planner,1,31293,23789,191,190,26708,23789,10483,0,64,True,ht_chantry-random-20.scen,260,True,opti
260,ht_chantry.map,planner,1,31179,23789,196,190,26547,23789,10124,0,256,True,ht_chantry-random-20.scen,260,True,opti
320,ht_chantry.map,planner,1,39712,29453,208,190,33813,29453,10424,0,0,False,ht_chantry-random-20.scen,320,True,
320,ht_chantry.map,planner,1,40230,29453,208,190,33845,29453,10419,0,0,True,ht_chantry-random-20.scen,320,True,opti
320,ht_chantry.map,planner,1,40013,29453,193,190,33716,29453,10401,0,1,True,ht_chantry-random-20.scen,320,True,opti
320,ht_chantry.map,planner,1,39221,29453,190,190,33529,29453,10447,0,4,True,ht_chantry-random-20.scen,320,True,opti
320,ht_chantry.map,planner,1,39260,29453,192,190,33556,29453,10398,0,16,True,ht_chantry-random-20.scen,320,True,opti
320,ht_chantry.map,planner,1,39899,29453,194,190,33704,29453,10035,0,64,True,ht_chantry-random-20.scen,320,True,opti
320,ht_chantry.map,planner,1,39573,29453,194,190,33707,29453,10151,0,256,True,ht_chantry-random-20.scen,320,True,opti
380,ht_chantry.map,planner,1,49199,34782,201,198,41113,34782,10297,0,0,False,ht_chantry-random-20.scen,380,True,
380,ht_chantry.map,planner,1,49248,34782,198,198,41273,34782,10356,0,0,True,ht_chantry-random-20.scen,380,True,opti
380,ht_chantry.map,planner,1,48321,34782,198,198,40844,34782,10057,0,1,True,ht_chantry-random-20.scen,380,True,opti
380,ht_chantry.map,planner,1,48666,34782,202,198,40813,34782,10083,0,4,True,ht_chantry-random-20.scen,380,True,opti
380,ht_chantry.map,planner,1,48937,34782,201,198,40848,34782,10321,0,16,True,ht_chantry-random-20.scen,380,True,opti
380,ht_chantry.map,planner,1,49505,34782,205,198,40727,34782,10050,0,64,True,ht_chantry-random-20.scen,380,True,opti
380,ht_chantry.map,planner,1,48672,34782,198,198,40694,34782,10070,0,256,True,ht_chantry-random-20.scen,380,True,opti
20,ht_chantry.map,planner,1,1791,1745,177,177,1751,1745,10601,0,0,False,ht_chantry-random-15.scen,20,True,
20,ht_chantry.map,planner,1,1791,1745,177,177,1751,1745,10586,0,0,True,ht_chantry-random-15.scen,20,True,opti
20,ht_chantry.map,planner,1,1791,1745,177,177,1751,1745,10585,0,1,True,ht_chantry-random-15.scen,20,True,opti
20,ht_chantry.map,planner,1,1791,1745,177,177,1751,1745,10583,0,4,True,ht_chantry-random-15.scen,20,True,opti
20,ht_chantry.map,planner,1,1791,1745,177,177,1751,1745,10583,0,16,True,ht_chantry-random-15.scen,20,True,opti
20,ht_chantry.map,planner,1,1791,1745,177,177,1751,1745,10578,0,64,True,ht_chantry-random-15.scen,20,True,opti
20,ht_chantry.map,planner,1,1791,1745,177,177,1751,1745,10588,0,256,True,ht_chantry-random-15.scen,20,True,opti
80,ht_chantry.map,planner,1,8337,7253,182,182,7531,7253,11372,0,0,False,ht_chantry-random-15.scen,80,True,
80,ht_chantry.map,planner,1,8337,7253,182,182,7531,7253,11392,0,0,True,ht_chantry-random-15.scen,80,True,opti
80,ht_chantry.map,planner,1,8138,7253,192,182,7527,7253,11001,0,1,True,ht_chantry-random-15.scen,80,True,opti
80,ht_chantry.map,planner,1,8138,7253,192,182,7527,7253,10994,0,4,True,ht_chantry-random-15.scen,80,True,opti
80,ht_chantry.map,planner,1,8138,7253,192,182,7527,7253,11005,0,16,True,ht_chantry-random-15.scen,80,True,opti
80,ht_chantry.map,planner,1,8138,7253,192,182,7527,7253,11052,0,64,True,ht_chantry-random-15.scen,80,True,opti
80,ht_chantry.map,planner,1,8138,7253,192,182,7527,7253,11088,0,256,True,ht_chantry-random-15.scen,80,True,opti
140,ht_chantry.map,planner,1,16061,13247,185,185,14187,13247,10741,0,0,False,ht_chantry-random-15.scen,140,True,
140,ht_chantry.map,planner,1,16061,13247,185,185,14187,13247,10675,0,0,True,ht_chantry-random-15.scen,140,True,opti
140,ht_chantry.map,planner,1,16002,13247,187,185,14149,13247,10631,0,1,True,ht_chantry-random-15.scen,140,True,opti
140,ht_chantry.map,planner,1,16037,13247,188,185,14149,13247,10713,0,4,True,ht_chantry-random-15.scen,140,True,opti
140,ht_chantry.map,planner,1,16037,13247,188,185,14149,13247,10647,0,16,True,ht_chantry-random-15.scen,140,True,opti
140,ht_chantry.map,planner,1,16037,13247,188,185,14149,13247,10667,0,64,True,ht_chantry-random-15.scen,140,True,opti
140,ht_chantry.map,planner,1,16037,13247,188,185,14149,13247,10689,0,256,True,ht_chantry-random-15.scen,140,True,opti
200,ht_chantry.map,planner,1,24140,19150,190,189,21087,19150,10663,0,0,False,ht_chantry-random-15.scen,200,True,
200,ht_chantry.map,planner,1,24140,19150,190,189,21087,19150,10702,0,0,True,ht_chantry-random-15.scen,200,True,opti
200,ht_chantry.map,planner,1,24376,19150,189,189,20973,19150,10603,0,1,True,ht_chantry-random-15.scen,200,True,opti
200,ht_chantry.map,planner,1,24139,19150,191,189,20869,19150,10740,0,4,True,ht_chantry-random-15.scen,200,True,opti
200,ht_chantry.map,planner,1,24149,19150,189,189,20944,19150,10750,0,16,True,ht_chantry-random-15.scen,200,True,opti
200,ht_chantry.map,planner,1,24358,19150,194,189,20980,19150,10272,0,64,True,ht_chantry-random-15.scen,200,True,opti
200,ht_chantry.map,planner,1,24370,19150,191,189,20928,19150,10714,0,256,True,ht_chantry-random-15.scen,200,True,opti
260,ht_chantry.map,planner,1,32213,24599,217,189,27570,24599,10410,0,0,False,ht_chantry-random-15.scen,260,True,
260,ht_chantry.map,planner,1,32213,24599,217,189,27570,24599,10433,0,0,True,ht_chantry-random-15.scen,260,True,opti
260,ht_chantry.map,planner,1,31961,24599,193,189,27335,24599,10546,0,1,True,ht_chantry-random-15.scen,260,True,opti
260,ht_chantry.map,planner,1,32350,24599,198,189,27407,24599,10341,0,4,True,ht_chantry-random-15.scen,260,True,opti
260,ht_chantry.map,planner,1,32052,24599,191,189,27217,24599,10041,0,16,True,ht_chantry-random-15.scen,260,True,opti
260,ht_chantry.map,planner,1,31378,24599,195,189,27189,24599,10494,0,64,True,ht_chantry-random-15.scen,260,True,opti
260,ht_chantry.map,planner,1,32052,24599,203,189,27103,24599,10454,0,256,True,ht_chantry-random-15.scen,260,True,opti
320,ht_chantry.map,planner,1,41151,30275,191,189,34760,30275,10410,0,0,False,ht_chantry-random-15.scen,320,True,
320,ht_chantry.map,planner,1,41151,30275,191,189,34760,30275,10430,0,0,True,ht_chantry-random-15.scen,320,True,opti
320,ht_chantry.map,planner,1,40796,30275,196,189,34432,30275,10233,0,1,True,ht_chantry-random-15.scen,320,True,opti
320,ht_chantry.map,planner,1,41528,30275,192,189,34457,30275,10114,0,4,True,ht_chantry-random-15.scen,320,True,opti
320,ht_chantry.map,planner,1,40292,30275,192,189,34088,30275,10249,0,16,True,ht_chantry-random-15.scen,320,True,opti
320,ht_chantry.map,planner,1,40704,30275,198,189,34268,30275,10214,0,64,True,ht_chantry-random-15.scen,320,True,opti
320,ht_chantry.map,planner,1,40686,30275,200,189,34166,30275,10188,0,256,True,ht_chantry-random-15.scen,320,True,opti
380,ht_chantry.map,planner,1,51223,36491,200,189,42840,36491,10217,0,0,False,ht_chantry-random-15.scen,380,True,
380,ht_chantry.map,planner,1,51037,36491,208,189,42799,36491,10338,0,0,True,ht_chantry-random-15.scen,380,True,opti
380,ht_chantry.map,planner,1,50420,36491,223,189,42428,36491,10354,0,1,True,ht_chantry-random-15.scen,380,True,opti
380,ht_chantry.map,planner,1,50461,36491,199,189,42725,36491,10367,0,4,True,ht_chantry-random-15.scen,380,True,opti
380,ht_chantry.map,planner,1,50681,36491,203,189,42557,36491,10317,0,16,True,ht_chantry-random-15.scen,380,True,opti
380,ht_chantry.map,planner,1,51188,36491,210,189,42777,36491,10041,0,64,True,ht_chantry-random-15.scen,380,True,opti
380,ht_chantry.map,planner,1,50621,36491,193,189,42338,36491,10047,0,256,True,ht_chantry-random-15.scen,380,True,opti
20,ht_chantry.map,planner,1,2115,2055,199,197,2080,2055,10782,0,0,False,ht_chantry-random-22.scen,20,True,
20,ht_chantry.map,planner,1,2115,2055,199,197,2080,2055,10780,0,0,True,ht_chantry-random-22.scen,20,True,opti
20,ht_chantry.map,planner,1,2115,2055,199,197,2080,2055,10788,0,1,True,ht_chantry-random-22.scen,20,True,opti
20,ht_chantry.map,planner,1,2115,2055,199,197,2080,2055,10788,0,4,True,ht_chantry-random-22.scen,20,True,opti
20,ht_chantry.map,planner,1,2115,2055,199,197,2080,2055,10784,0,16,True,ht_chantry-random-22.scen,20,True,opti
20,ht_chantry.map,planner,1,2115,2055,199,197,2080,2055,10774,0,64,True,ht_chantry-random-22.scen,20,True,opti
20,ht_chantry.map,planner,1,2115,2055,199,197,2080,2055,10790,0,256,True,ht_chantry-random-22.scen,20,True,opti
80,ht_chantry.map,planner,1,9497,8019,200,198,8488,8019,10161,0,0,False,ht_chantry-random-22.scen,80,True,
80,ht_chantry.map,planner,1,9497,8019,200,198,8488,8019,10151,0,0,True,ht_chantry-random-22.scen,80,True,opti
80,ht_chantry.map,planner,1,9023,8019,205,198,8448,8019,11127,0,1,True,ht_chantry-random-22.scen,80,True,opti
80,ht_chantry.map,planner,1,9023,8019,205,198,8448,8019,11158,0,4,True,ht_chantry-random-22.scen,80,True,opti
80,ht_chantry.map,planner,1,9023,8019,205,198,8448,8019,11189,0,16,True,ht_chantry-random-22.scen,80,True,opti
80,ht_chantry.map,planner,1,9023,8019,205,198,8448,8019,11125,0,64,True,ht_chantry-random-22.scen,80,True,opti
80,ht_chantry.map,planner,1,9023,8019,205,198,8448,8019,11196,0,256,True,ht_chantry-random-22.scen,80,True,opti
140,ht_chantry.map,planner,1,16674,13649,199,198,14779,13649,10616,0,0,False,ht_chantry-random-22.scen,140,True,
140,ht_chantry.map,planner,1,16674,13649,199,198,14779,13649,10615,0,0,True,ht_chantry-random-22.scen,140,True,opti
140,ht_chantry.map,planner,1,16236,13649,200,198,14770,13649,11039,0,1,True,ht_chantry-random-22.scen,140,True,opti
140,ht_chantry.map,planner,1,16475,13649,200,198,14728,13649,10614,0,4,True,ht_chantry-random-22.scen,140,True,opti
140,ht_chantry.map,planner,1,16445,13649,202,198,14698,13649,10769,0,16,True,ht_chantry-random-22.scen,140,True,opti
140,ht_chantry.map,planner,1,16276,13649,200,198,14731,13649,10941,0,64,True,ht_chantry-random-22.scen,140,True,opti
140,ht_chantry.map,planner,1,16276,13649,200,198,14731,13649,10925,0,256,True,ht_chantry-random-22.scen,140,True,opti
200,ht_chantry.map,planner,1,24493,19495,199,198,21479,19495,10432,0,0,False,ht_chantry-random-22.scen,200,True,
200,ht_chantry.map,planner,1,24493,19495,199,198,21479,19495,10466,0,0,True,ht_chantry-random-22.scen,200,True,opti
200,ht_chantry.map,planner,1,24325,19495,200,198,21606,19495,10081,0,1,True,ht_chantry-random-22.scen,200,True,opti
200,ht_chantry.map,planner,1,24493,19495,198,198,21584,19495,10063,0,4,True,ht_chantry-random-22.scen,200,True,opti
200,ht_chantry.map,planner,1,23931,19495,201,198,21415,19495,10077,0,16,True,ht_chantry-random-22.scen,200,True,opti
200,ht_chantry.map,planner,1,24581,19495,202,198,21345,19495,10542,0,64,True,ht_chantry-random-22.scen,200,True,opti
200,ht_chantry.map,planner,1,24331,19495,203,198,21409,19495,10066,0,256,True,ht_chantry-random-22.scen,200,True,opti
260,ht_chantry.map,planner,1,32429,24670,214,200,27910,24670,10532,0,0,False,ht_chantry-random-22.scen,260,True,
260,ht_chantry.map,planner,1,32429,24670,214,200,27910,24670,10598,0,0,True,ht_chantry-random-22.scen,260,True,opti
260,ht_chantry.map,planner,1,32307,24670,201,200,27852,24670,10542,0,1,True,ht_chantry-random-22.scen,260,True,opti
260,ht_chantry.map,planner,1,32396,24670,209,200,27802,24670,10065,0,4,True,ht_chantry-random-22.scen,260,True,opti
260,ht_chantry.map,planner,1,31947,24670,200,200,27616,24670,10553,0,16,True,ht_chantry-random-22.scen,260,True,opti
260,ht_chantry.map,planner,1,32437,24670,202,200,27712,24670,10108,0,64,True,ht_chantry-random-22.scen,260,True,opti
260,ht_chantry.map,planner,1,32534,24670,206,200,27729,24670,10063,0,256,True,ht_chantry-random-22.scen,260,True,opti
320,ht_chantry.map,planner,1,41570,30168,210,210,35220,30168,10256,0,0,False,ht_chantry-random-22.scen,320,True,
320,ht_chantry.map,planner,1,41570,30168,210,210,35220,30168,10257,0,0,True,ht_chantry-random-22.scen,320,True,opti
320,ht_chantry.map,planner,1,41265,30168,210,210,34628,30168,10195,0,1,True,ht_chantry-random-22.scen,320,True,opti
320,ht_chantry.map,planner,1,40855,30168,213,210,34675,30168,10382,0,4,True,ht_chantry-random-22.scen,320,True,opti
320,ht_chantry.map,planner,1,41116,30168,210,210,34645,30168,10421,0,16,True,ht_chantry-random-22.scen,320,True,opti
320,ht_chantry.map,planner,1,40881,30168,212,210,34464,30168,10086,0,64,True,ht_chantry-random-22.scen,320,True,opti
320,ht_chantry.map,planner,1,40892,30168,213,210,34638,30168,10081,0,256,True,ht_chantry-random-22.scen,320,True,opti
380,ht_chantry.map,planner,1,49663,35643,210,210,42090,35643,10373,0,0,False,ht_chantry-random-22.scen,380,True,
380,ht_chantry.map,planner,1,50279,35643,210,210,42007,35643,10374,0,0,True,ht_chantry-random-22.scen,380,True,opti
380,ht_chantry.map,planner,1,50103,35643,211,210,41832,35643,10360,0,1,True,ht_chantry-random-22.scen,380,True,opti
380,ht_chantry.map,planner,1,50130,35643,211,210,41815,35643,10281,0,4,True,ht_chantry-random-22.scen,380,True,opti
380,ht_chantry.map,planner,1,49825,35643,213,210,41706,35643,10349,0,16,True,ht_chantry-random-22.scen,380,True,opti
380,ht_chantry.map,planner,1,49046,35643,212,210,41745,35643,10293,0,64,True,ht_chantry-random-22.scen,380,True,opti
380,ht_chantry.map,planner,1,50189,35643,211,210,41649,35643,10068,0,256,True,ht_chantry-random-22.scen,380,True,opti
