agents,map_file,solver,solved,soc,soc_lb,makespan,makespan_lb,sum_of_loss,sum_of_loss_lb,comp_time,seed,Opti_Deadline,Bool_Opti,Scenario_File,N,opti_objective,functype
20,den520d.map,planner,1,4255,4185,349,349,4193,4185,10364,0,0,False,den520d-random-17.scen,20,True,
20,den520d.map,planner,1,4255,4185,349,349,4193,4185,10356,0,0,True,den520d-random-17.scen,20,True,opti
20,den520d.map,planner,1,4255,4185,349,349,4193,4185,10370,0,1,True,den520d-random-17.scen,20,True,opti
20,den520d.map,planner,1,4255,4185,349,349,4193,4185,10363,0,4,True,den520d-random-17.scen,20,True,opti
20,den520d.map,planner,1,4255,4185,349,349,4193,4185,10371,0,16,True,den520d-random-17.scen,20,True,opti
20,den520d.map,planner,1,4255,4185,349,349,4193,4185,10358,0,64,True,den520d-random-17.scen,20,True,opti
20,den520d.map,planner,1,4255,4185,349,349,4193,4185,10364,0,256,True,den520d-random-17.scen,20,True,opti
140,den520d.map,planner,1,25197,23753,410,410,24117,23753,10255,0,0,False,den520d-random-17.scen,140,True,
140,den520d.map,planner,1,25197,23753,410,410,24117,23753,10255,0,0,True,den520d-random-17.scen,140,True,opti
140,den520d.map,planner,1,25254,23753,410,410,24107,23753,10173,0,1,True,den520d-random-17.scen,140,True,opti
140,den520d.map,planner,1,25254,23753,410,410,24107,23753,10179,0,4,True,den520d-random-17.scen,140,True,opti
140,den520d.map,planner,1,25254,23753,410,410,24107,23753,10172,0,16,True,den520d-random-17.scen,140,True,opti
140,den520d.map,planner,1,25254,23753,410,410,24107,23753,10168,0,64,True,den520d-random-17.scen,140,True,opti
140,den520d.map,planner,1,25254,23753,410,410,24107,23753,10174,0,256,True,den520d-random-17.scen,140,True,opti
260,den520d.map,planner,1,49662,44016,410,410,45208,44016,10527,0,0,False,den520d-random-17.scen,260,True,
260,den520d.map,planner,1,49661,44016,410,410,45052,44016,10426,0,0,True,den520d-random-17.scen,260,True,opti
260,den520d.map,planner,1,49259,44016,410,410,44984,44016,10550,0,1,True,den520d-random-17.scen,260,True,opti
260,den520d.map,planner,1,49259,44016,410,410,44984,44016,10549,0,4,True,den520d-random-17.scen,260,True,opti
260,den520d.map,planner,1,49259,44016,410,410,44984,44016,10542,0,16,True,den520d-random-17.scen,260,True,opti
260,den520d.map,planner,1,49259,44016,410,410,44984,44016,10515,0,64,True,den520d-random-17.scen,260,True,opti
260,den520d.map,planner,1,49259,44016,410,410,44984,44016,10559,0,256,True,den520d-random-17.scen,260,True,opti
380,den520d.map,planner,1,75336,63787,412,410,66053,63787,10241,0,0,False,den520d-random-17.scen,380,True,
380,den520d.map,planner,1,75341,63787,410,410,66002,63787,10237,0,0,True,den520d-random-17.scen,380,True,opti
380,den520d.map,planner,1,74972,63787,412,410,65919,63787,10348,0,1,True,den520d-random-17.scen,380,True,opti
380,den520d.map,planner,1,76509,63787,410,410,65881,63787,10355,0,4,True,den520d-random-17.scen,380,True,opti
380,den520d.map,planner,1,76509,63787,410,410,65881,63787,10375,0,16,True,den520d-random-17.scen,380,True,opti
380,den520d.map,planner,1,76509,63787,410,410,65881,63787,10358,0,64,True,den520d-random-17.scen,380,True,opti
380,den520d.map,planner,1,76509,63787,410,410,65881,63787,10349,0,256,True,den520d-random-17.scen,380,True,opti
500,den520d.map,planner,1,99368,82969,412,410,86542,82969,10181,0,0,False,den520d-random-17.scen,500,True,
500,den520d.map,planner,1,102253,82969,414,410,86548,82969,10216,0,0,True,den520d-random-17.scen,500,True,opti
500,den520d.map,planner,1,99716,82969,410,410,86191,82969,10261,0,1,True,den520d-random-17.scen,500,True,opti
500,den520d.map,planner,1,100456,82969,410,410,86311,82969,10238,0,4,True,den520d-random-17.scen,500,True,opti
500,den520d.map,planner,1,99383,82969,410,410,86184,82969,10253,0,16,True,den520d-random-17.scen,500,True,opti
500,den520d.map,planner,1,101884,82969,410,410,86303,82969,10240,0,64,True,den520d-random-17.scen,500,True,opti
500,den520d.map,planner,1,100279,82969,410,410,86232,82969,10261,0,256,True,den520d-random-17.scen,500,True,opti
620,den520d.map,planner,1,129236,103530,411,410,109016,103530,10170,0,0,False,den520d-random-17.scen,620,True,
620,den520d.map,planner,1,128832,103530,412,410,109290,103530,10170,0,0,True,den520d-random-17.scen,620,True,opti
620,den520d.map,planner,1,127908,103530,412,410,108915,103530,10111,0,1,True,den520d-random-17.scen,620,True,opti
620,den520d.map,planner,1,129680,103530,412,410,108943,103530,10178,0,4,True,den520d-random-17.scen,620,True,opti
620,den520d.map,planner,1,129332,103530,410,410,108966,103530,10045,0,16,True,den520d-random-17.scen,620,True,opti
620,den520d.map,planner,1,128141,103530,412,410,108829,103530,10135,0,64,True,den520d-random-17.scen,620,True,opti
620,den520d.map,planner,1,129071,103530,412,410,108800,103530,10059,0,256,True,den520d-random-17.scen,620,True,opti
740,den520d.map,planner,1,158030,124826,412,410,132838,124826,10036,0,0,False,den520d-random-17.scen,740,True,
740,den520d.map,planner,1,159354,124826,412,410,132948,124826,10153,0,0,True,den520d-random-17.scen,740,True,opti
740,den520d.map,planner,1,158759,124826,410,410,132507,124826,10164,0,1,True,den520d-random-17.scen,740,True,opti
740,den520d.map,planner,1,157550,124826,413,410,132560,124826,10161,0,4,True,den520d-random-17.scen,740,True,opti
740,den520d.map,planner,1,157081,124826,415,410,132283,124826,10133,0,16,True,den520d-random-17.scen,740,True,opti
740,den520d.map,planner,1,157471,124826,412,410,132166,124826,10104,0,64,True,den520d-random-17.scen,740,True,opti
740,den520d.map,planner,1,158874,124826,412,410,132179,124826,10065,0,256,True,den520d-random-17.scen,740,True,opti
860,den520d.map,planner,1,190007,145111,410,410,155882,145111,10036,0,0,False,den520d-random-17.scen,860,True,
860,den520d.map,planner,1,189116,145111,410,410,156131,145111,10104,0,0,True,den520d-random-17.scen,860,True,opti
860,den520d.map,planner,1,188204,145111,410,410,155378,145111,10125,0,1,True,den520d-random-17.scen,860,True,opti
860,den520d.map,planner,1,187954,145111,412,410,155144,145111,10131,0,4,True,den520d-random-17.scen,860,True,opti
860,den520d.map,planner,1,188100,145111,410,410,155189,145111,10097,0,16,True,den520d-random-17.scen,860,True,opti
860,den520d.map,planner,1,187590,145111,412,410,154992,145111,10055,0,64,True,den520d-random-17.scen,860,True,opti
860,den520d.map,planner,1,187948,145111,410,410,155287,145111,10058,0,256,True,den520d-random-17.scen,860,True,opti
980,den520d.map,planner,1,219388,164507,410,410,179596,164507,10120,0,0,False,den520d-random-17.scen,980,True,
980,den520d.map,planner,1,218821,164507,414,410,178873,164507,10101,0,0,True,den520d-random-17.scen,980,True,opti
980,den520d.map,planner,1,220110,164507,412,410,178609,164507,10098,0,1,True,den520d-random-17.scen,980,True,opti
980,den520d.map,planner,1,218921,164507,412,410,178525,164507,10070,0,4,True,den520d-random-17.scen,980,True,opti
980,den520d.map,planner,1,221576,164507,410,410,179207,164507,10025,0,16,True,den520d-random-17.scen,980,True,opti
980,den520d.map,planner,1,219955,164507,412,410,177962,164507,10030,0,64,True,den520d-random-17.scen,980,True,opti
980,den520d.map,planner,1,219584,164507,410,410,177864,164507,10061,0,256,True,den520d-random-17.scen,980,True,opti
20,den520d.map,planner,1,3307,3307,328,328,3307,3307,12,0,0,False,den520d-random-2.scen,20,True,
20,den520d.map,planner,1,3307,3307,328,328,3307,3307,12,0,0,True,den520d-random-2.scen,20,True,opti
20,den520d.map,planner,1,3307,3307,328,328,3307,3307,12,0,1,True,den520d-random-2.scen,20,True,opti
20,den520d.map,planner,1,3307,3307,328,328,3307,3307,12,0,4,True,den520d-random-2.scen,20,True,opti
20,den520d.map,planner,1,3307,3307,328,328,3307,3307,12,0,16,True,den520d-random-2.scen,20,True,opti
20,den520d.map,planner,1,3307,3307,328,328,3307,3307,12,0,64,True,den520d-random-2.scen,20,True,opti
20,den520d.map,planner,1,3307,3307,328,328,3307,3307,14,0,256,True,den520d-random-2.scen,20,True,opti
140,den520d.map,planner,1,27906,24801,385,383,25131,24801,10141,0,0,False,den520d-random-2.scen,140,True,
140,den520d.map,planner,1,27906,24801,385,383,25131,24801,10121,0,0,True,den520d-random-2.scen,140,True,opti
140,den520d.map,planner,1,27519,24801,383,383,25163,24801,10481,0,1,True,den520d-random-2.scen,140,True,opti
140,den520d.map,planner,1,27519,24801,383,383,25163,24801,10483,0,4,True,den520d-random-2.scen,140,True,opti
140,den520d.map,planner,1,27519,24801,383,383,25163,24801,10497,0,16,True,den520d-random-2.scen,140,True,opti
140,den520d.map,planner,1,27519,24801,383,383,25163,24801,10486,0,64,True,den520d-random-2.scen,140,True,opti
140,den520d.map,planner,1,27519,24801,383,383,25163,24801,10485,0,256,True,den520d-random-2.scen,140,True,opti
260,den520d.map,planner,1,52185,45945,391,391,47016,45945,10564,0,0,False,den520d-random-2.scen,260,True,
260,den520d.map,planner,1,52185,45945,391,391,47016,45945,10583,0,0,True,den520d-random-2.scen,260,True,opti
260,den520d.map,planner,1,52554,45945,391,391,47067,45945,10383,0,1,True,den520d-random-2.scen,260,True,opti
260,den520d.map,planner,1,52554,45945,391,391,47067,45945,10391,0,4,True,den520d-random-2.scen,260,True,opti
260,den520d.map,planner,1,52554,45945,391,391,47067,45945,10390,0,16,True,den520d-random-2.scen,260,True,opti
260,den520d.map,planner,1,52554,45945,391,391,47067,45945,10364,0,64,True,den520d-random-2.scen,260,True,opti
260,den520d.map,planner,1,52554,45945,391,391,47067,45945,10387,0,256,True,den520d-random-2.scen,260,True,opti
380,den520d.map,planner,1,78767,66215,393,391,68685,66215,10054,0,0,False,den520d-random-2.scen,380,True,
380,den520d.map,planner,1,78767,66215,393,391,68685,66215,10059,0,0,True,den520d-random-2.scen,380,True,opti
380,den520d.map,planner,1,78013,66215,397,391,68502,66215,10043,0,1,True,den520d-random-2.scen,380,True,opti
380,den520d.map,planner,1,77910,66215,393,391,68342,66215,10265,0,4,True,den520d-random-2.scen,380,True,opti
380,den520d.map,planner,1,79018,66215,393,391,68512,66215,10325,0,16,True,den520d-random-2.scen,380,True,opti
380,den520d.map,planner,1,78901,66215,392,391,68370,66215,10062,0,64,True,den520d-random-2.scen,380,True,opti
380,den520d.map,planner,1,77774,66215,393,391,68411,66215,10181,0,256,True,den520d-random-2.scen,380,True,opti
500,den520d.map,planner,1,110056,88713,405,405,92862,88713,10038,0,0,False,den520d-random-2.scen,500,True,
500,den520d.map,planner,1,109550,88713,407,405,92901,88713,10041,0,0,True,den520d-random-2.scen,500,True,opti
500,den520d.map,planner,1,110786,88713,407,405,92505,88713,10177,0,1,True,den520d-random-2.scen,500,True,opti
500,den520d.map,planner,1,108961,88713,405,405,92582,88713,10127,0,4,True,den520d-random-2.scen,500,True,opti
500,den520d.map,planner,1,108690,88713,407,405,92418,88713,10201,0,16,True,den520d-random-2.scen,500,True,opti
500,den520d.map,planner,1,108737,88713,408,405,92514,88713,10217,0,64,True,den520d-random-2.scen,500,True,opti
500,den520d.map,planner,1,109937,88713,407,405,92670,88713,10122,0,256,True,den520d-random-2.scen,500,True,opti
620,den520d.map,planner,1,139115,110830,426,425,116735,110830,10196,0,0,False,den520d-random-2.scen,620,True,
620,den520d.map,planner,1,140213,110830,425,425,117180,110830,10190,0,0,True,den520d-random-2.scen,620,True,opti
620,den520d.map,planner,1,138829,110830,425,425,116590,110830,10211,0,1,True,den520d-random-2.scen,620,True,opti
620,den520d.map,planner,1,139379,110830,425,425,116804,110830,10052,0,4,True,den520d-random-2.scen,620,True,opti
620,den520d.map,planner,1,139215,110830,425,425,116377,110830,10112,0,16,True,den520d-random-2.scen,620,True,opti
620,den520d.map,planner,1,138880,110830,425,425,116647,110830,10059,0,64,True,den520d-random-2.scen,620,True,opti
620,den520d.map,planner,1,138115,110830,426,425,116273,110830,10056,0,256,True,den520d-random-2.scen,620,True,opti
740,den520d.map,planner,1,169072,129980,425,425,139103,129980,10057,0,0,False,den520d-random-2.scen,740,True,
740,den520d.map,planner,1,170275,129980,425,425,138878,129980,10103,0,0,True,den520d-random-2.scen,740,True,opti
740,den520d.map,planner,1,170130,129980,425,425,138863,129980,10039,0,1,True,den520d-random-2.scen,740,True,opti
740,den520d.map,planner,1,169262,129980,428,425,138305,129980,10136,0,4,True,den520d-random-2.scen,740,True,opti
740,den520d.map,planner,1,169478,129980,426,425,138374,129980,10130,0,16,True,den520d-random-2.scen,740,True,opti
740,den520d.map,planner,1,167679,129980,425,425,138017,129980,10052,0,64,True,den520d-random-2.scen,740,True,opti
740,den520d.map,planner,1,167534,129980,427,425,138308,129980,10133,0,256,True,den520d-random-2.scen,740,True,opti
860,den520d.map,planner,1,201935,152023,425,425,164810,152023,10062,0,0,False,den520d-random-2.scen,860,True,
860,den520d.map,planner,1,202158,152023,427,425,164344,152023,10049,0,0,True,den520d-random-2.scen,860,True,opti
860,den520d.map,planner,1,198352,152023,427,425,163741,152023,10036,0,1,True,den520d-random-2.scen,860,True,opti
860,den520d.map,planner,1,200272,152023,431,425,163622,152023,10036,0,4,True,den520d-random-2.scen,860,True,opti
860,den520d.map,planner,1,200872,152023,426,425,163740,152023,10024,0,16,True,den520d-random-2.scen,860,True,opti
860,den520d.map,planner,1,203409,152023,425,425,164231,152023,10032,0,64,True,den520d-random-2.scen,860,True,opti
860,den520d.map,planner,1,201271,152023,426,425,164223,152023,10044,0,256,True,den520d-random-2.scen,860,True,opti
980,den520d.map,planner,1,235627,174392,425,425,190579,174392,10043,0,0,False,den520d-random-2.scen,980,True,
980,den520d.map,planner,1,236015,174392,425,425,190715,174392,10034,0,0,True,den520d-random-2.scen,980,True,opti
980,den520d.map,planner,1,236500,174392,425,425,190217,174392,10106,0,1,True,den520d-random-2.scen,980,True,opti
980,den520d.map,planner,1,235482,174392,425,425,190186,174392,10076,0,4,True,den520d-random-2.scen,980,True,opti
980,den520d.map,planner,1,234005,174392,427,425,189990,174392,10040,0,16,True,den520d-random-2.scen,980,True,opti
980,den520d.map,planner,1,235767,174392,425,425,189940,174392,10032,0,64,True,den520d-random-2.scen,980,True,opti
980,den520d.map,planner,1,236721,174392,429,425,189978,174392,10009,0,256,True,den520d-random-2.scen,980,True,opti
20,den520d.map,planner,1,3471,3471,324,324,3471,3471,15,0,0,False,den520d-random-10.scen,20,True,
20,den520d.map,planner,1,3471,3471,324,324,3471,3471,11,0,0,True,den520d-random-10.scen,20,True,opti
20,den520d.map,planner,1,3471,3471,324,324,3471,3471,11,0,1,True,den520d-random-10.scen,20,True,opti
20,den520d.map,planner,1,3471,3471,324,324,3471,3471,10,0,4,True,den520d-random-10.scen,20,True,opti
20,den520d.map,planner,1,3471,3471,324,324,3471,3471,10,0,16,True,den520d-random-10.scen,20,True,opti
20,den520d.map,planner,1,3471,3471,324,324,3471,3471,10,0,64,True,den520d-random-10.scen,20,True,opti
20,den520d.map,planner,1,3471,3471,324,324,3471,3471,10,0,256,True,den520d-random-10.scen,20,True,opti
140,den520d.map,planner,1,26210,23975,339,339,24351,23975,10974,0,0,False,den520d-random-10.scen,140,True,
140,den520d.map,planner,1,26210,23975,339,339,24351,23975,10976,0,0,True,den520d-random-10.scen,140,True,opti
140,den520d.map,planner,1,26042,23975,341,339,24322,23975,10983,0,1,True,den520d-random-10.scen,140,True,opti
140,den520d.map,planner,1,26042,23975,341,339,24322,23975,10998,0,4,True,den520d-random-10.scen,140,True,opti
140,den520d.map,planner,1,26042,23975,341,339,24322,23975,11028,0,16,True,den520d-random-10.scen,140,True,opti
140,den520d.map,planner,1,26042,23975,341,339,24322,23975,10945,0,64,True,den520d-random-10.scen,140,True,opti
140,den520d.map,planner,1,26042,23975,341,339,24322,23975,10979,0,256,True,den520d-random-10.scen,140,True,opti
260,den520d.map,planner,1,48862,43318,408,408,44251,43318,10541,0,0,False,den520d-random-10.scen,260,True,
260,den520d.map,planner,1,48862,43318,408,408,44251,43318,10534,0,0,True,den520d-random-10.scen,260,True,opti
260,den520d.map,planner,1,49281,43318,408,408,44215,43318,10397,0,1,True,den520d-random-10.scen,260,True,opti
260,den520d.map,planner,1,49281,43318,408,408,44215,43318,10402,0,4,True,den520d-random-10.scen,260,True,opti
260,den520d.map,planner,1,49281,43318,408,408,44215,43318,10443,0,16,True,den520d-random-10.scen,260,True,opti
260,den520d.map,planner,1,49281,43318,408,408,44215,43318,10395,0,64,True,den520d-random-10.scen,260,True,opti
260,den520d.map,planner,1,49281,43318,408,408,44215,43318,10513,0,256,True,den520d-random-10.scen,260,True,opti
380,den520d.map,planner,1,76412,65620,408,408,67671,65620,10091,0,0,False,den520d-random-10.scen,380,True,
380,den520d.map,planner,1,76412,65620,408,408,67671,65620,10084,0,0,True,den520d-random-10.scen,380,True,opti
380,den520d.map,planner,1,74981,65620,408,408,67458,65620,10085,0,1,True,den520d-random-10.scen,380,True,opti
380,den520d.map,planner,1,75694,65620,408,408,67535,65620,10100,0,4,True,den520d-random-10.scen,380,True,opti
380,den520d.map,planner,1,75976,65620,408,408,67451,65620,10216,0,16,True,den520d-random-10.scen,380,True,opti
380,den520d.map,planner,1,75976,65620,408,408,67451,65620,10212,0,64,True,den520d-random-10.scen,380,True,opti
380,den520d.map,planner,1,75976,65620,408,408,67451,65620,10205,0,256,True,den520d-random-10.scen,380,True,opti
500,den520d.map,planner,1,103583,87669,408,408,91296,87669,10160,0,0,False,den520d-random-10.scen,500,True,
500,den520d.map,planner,1,104377,87669,410,408,91422,87669,10185,0,0,True,den520d-random-10.scen,500,True,opti
500,den520d.map,planner,1,104221,87669,408,408,91298,87669,10034,0,1,True,den520d-random-10.scen,500,True,opti
500,den520d.map,planner,1,102831,87669,408,408,91000,87669,10065,0,4,True,den520d-random-10.scen,500,True,opti
500,den520d.map,planner,1,104408,87669,408,408,90971,87669,10256,0,16,True,den520d-random-10.scen,500,True,opti
500,den520d.map,planner,1,103536,87669,408,408,90964,87669,10134,0,64,True,den520d-random-10.scen,500,True,opti
500,den520d.map,planner,1,103941,87669,408,408,91133,87669,10027,0,256,True,den520d-random-10.scen,500,True,opti
620,den520d.map,planner,1,133093,108096,408,408,114256,108096,10056,0,0,False,den520d-random-10.scen,620,True,
620,den520d.map,planner,1,133264,108096,408,408,114380,108096,10081,0,0,True,den520d-random-10.scen,620,True,opti
620,den520d.map,planner,1,130424,108096,409,408,113738,108096,10171,0,1,True,den520d-random-10.scen,620,True,opti
620,den520d.map,planner,1,132508,108096,410,408,113676,108096,10071,0,4,True,den520d-random-10.scen,620,True,opti
620,den520d.map,planner,1,132078,108096,408,408,113716,108096,10158,0,16,True,den520d-random-10.scen,620,True,opti
620,den520d.map,planner,1,133361,108096,409,408,113673,108096,10061,0,64,True,den520d-random-10.scen,620,True,opti
620,den520d.map,planner,1,131583,108096,409,408,113621,108096,10062,0,256,True,den520d-random-10.scen,620,True,opti
740,den520d.map,planner,1,159992,127061,408,408,135254,127061,10053,0,0,False,den520d-random-10.scen,740,True,
740,den520d.map,planner,1,160765,127061,411,408,135499,127061,10086,0,0,True,den520d-random-10.scen,740,True,opti
740,den520d.map,planner,1,158254,127061,411,408,134736,127061,10160,0,1,True,den520d-random-10.scen,740,True,opti
740,den520d.map,planner,1,161298,127061,408,408,134915,127061,10150,0,4,True,den520d-random-10.scen,740,True,opti
740,den520d.map,planner,1,159322,127061,410,408,134723,127061,10131,0,16,True,den520d-random-10.scen,740,True,opti
740,den520d.map,planner,1,158957,127061,410,408,134639,127061,10041,0,64,True,den520d-random-10.scen,740,True,opti
740,den520d.map,planner,1,160859,127061,411,408,135191,127061,10047,0,256,True,den520d-random-10.scen,740,True,opti
860,den520d.map,planner,1,189541,146083,408,408,157444,146083,10092,0,0,False,den520d-random-10.scen,860,True,
860,den520d.map,planner,1,187863,146083,411,408,157168,146083,10120,0,0,True,den520d-random-10.scen,860,True,opti
860,den520d.map,planner,1,189988,146083,410,408,156833,146083,10132,0,1,True,den520d-random-10.scen,860,True,opti
860,den520d.map,planner,1,189024,146083,412,408,156824,146083,10109,0,4,True,den520d-random-10.scen,860,True,opti
860,den520d.map,planner,1,189918,146083,410,408,156713,146083,10120,0,16,True,den520d-random-10.scen,860,True,opti
860,den520d.map,planner,1,187245,146083,412,408,156049,146083,10024,0,64,True,den520d-random-10.scen,860,True,opti
860,den520d.map,planner,1,189862,146083,408,408,156657,146083,10010,0,256,True,den520d-random-10.scen,860,True,opti
980,den520d.map,planner,1,222545,165760,410,408,181477,165760,10106,0,0,False,den520d-random-10.scen,980,True,
980,den520d.map,planner,1,221514,165760,410,408,181085,165760,10103,0,0,True,den520d-random-10.scen,980,True,opti
980,den520d.map,planner,1,222957,165760,408,408,179781,165760,10098,0,1,True,den520d-random-10.scen,980,True,opti
980,den520d.map,planner,1,222387,165760,408,408,180090,165760,10048,0,4,True,den520d-random-10.scen,980,True,opti
980,den520d.map,planner,1,223186,165760,410,408,180584,165760,10044,0,16,True,den520d-random-10.scen,980,True,opti
980,den520d.map,planner,1,220990,165760,408,408,179495,165760,10025,0,64,True,den520d-random-10.scen,980,True,opti
980,den520d.map,planner,1,220930,165760,408,408,179929,165760,10014,0,256,True,den520d-random-10.scen,980,True,opti
20,den520d.map,planner,1,3072,3032,273,271,3039,3032,10482,0,0,False,den520d-random-13.scen,20,True,
20,den520d.map,planner,1,3072,3032,273,271,3039,3032,10478,0,0,True,den520d-random-13.scen,20,True,opti
20,den520d.map,planner,1,3072,3032,273,271,3039,3032,10482,0,1,True,den520d-random-13.scen,20,True,opti
20,den520d.map,planner,1,3072,3032,273,271,3039,3032,10469,0,4,True,den520d-random-13.scen,20,True,opti
20,den520d.map,planner,1,3072,3032,273,271,3039,3032,10444,0,16,True,den520d-random-13.scen,20,True,opti
20,den520d.map,planner,1,3072,3032,273,271,3039,3032,10468,0,64,True,den520d-random-13.scen,20,True,opti
20,den520d.map,planner,1,3072,3032,273,271,3039,3032,10479,0,256,True,den520d-random-13.scen,20,True,opti
140,den520d.map,planner,1,26761,24028,417,417,24347,24028,10107,0,0,False,den520d-random-13.scen,140,True,
140,den520d.map,planner,1,26761,24028,417,417,24347,24028,10108,0,0,True,den520d-random-13.scen,140,True,opti
140,den520d.map,planner,1,27199,24028,417,417,24328,24028,10911,0,1,True,den520d-random-13.scen,140,True,opti
140,den520d.map,planner,1,27199,24028,417,417,24328,24028,10919,0,4,True,den520d-random-13.scen,140,True,opti
140,den520d.map,planner,1,27199,24028,417,417,24328,24028,10921,0,16,True,den520d-random-13.scen,140,True,opti
140,den520d.map,planner,1,27199,24028,417,417,24328,24028,10929,0,64,True,den520d-random-13.scen,140,True,opti
140,den520d.map,planner,1,27199,24028,417,417,24328,24028,10933,0,256,True,den520d-random-13.scen,140,True,opti
260,den520d.map,planner,1,51612,44343,417,417,45364,44343,10503,0,0,False,den520d-random-13.scen,260,True,
260,den520d.map,planner,1,51366,44343,419,417,45335,44343,10494,0,0,True,den520d-random-13.scen,260,True,opti
260,den520d.map,planner,1,51636,44343,417,417,45335,44343,10511,0,1,True,den520d-random-13.scen,260,True,opti
260,den520d.map,planner,1,51636,44343,417,417,45335,44343,10502,0,4,True,den520d-random-13.scen,260,True,opti
260,den520d.map,planner,1,51636,44343,417,417,45335,44343,10498,0,16,True,den520d-random-13.scen,260,True,opti
260,den520d.map,planner,1,51636,44343,417,417,45335,44343,10522,0,64,True,den520d-random-13.scen,260,True,opti
260,den520d.map,planner,1,51636,44343,417,417,45335,44343,10508,0,256,True,den520d-random-13.scen,260,True,opti
380,den520d.map,planner,1,77718,64393,417,417,66496,64393,10294,0,0,False,den520d-random-13.scen,380,True,
380,den520d.map,planner,1,77718,64393,417,417,66496,64393,10311,0,0,True,den520d-random-13.scen,380,True,opti
380,den520d.map,planner,1,76769,64393,417,417,66485,64393,10191,0,1,True,den520d-random-13.scen,380,True,opti
380,den520d.map,planner,1,76769,64393,417,417,66485,64393,10068,0,4,True,den520d-random-13.scen,380,True,opti
380,den520d.map,planner,1,76769,64393,417,417,66485,64393,10066,0,16,True,den520d-random-13.scen,380,True,opti
380,den520d.map,planner,1,76769,64393,417,417,66485,64393,10070,0,64,True,den520d-random-13.scen,380,True,opti
380,den520d.map,planner,1,76769,64393,417,417,66485,64393,10078,0,256,True,den520d-random-13.scen,380,True,opti
500,den520d.map,planner,1,105105,86242,417,417,89891,86242,10088,0,0,False,den520d-random-13.scen,500,True,
500,den520d.map,planner,1,106254,86242,417,417,89983,86242,10252,0,0,True,den520d-random-13.scen,500,True,opti
500,den520d.map,planner,1,105647,86242,417,417,89696,86242,10237,0,1,True,den520d-random-13.scen,500,True,opti
500,den520d.map,planner,1,105676,86242,418,417,89538,86242,10232,0,4,True,den520d-random-13.scen,500,True,opti
500,den520d.map,planner,1,104540,86242,417,417,89516,86242,10161,0,16,True,den520d-random-13.scen,500,True,opti
500,den520d.map,planner,1,105793,86242,421,417,89557,86242,10140,0,64,True,den520d-random-13.scen,500,True,opti
500,den520d.map,planner,1,104748,86242,417,417,89605,86242,10201,0,256,True,den520d-random-13.scen,500,True,opti
620,den520d.map,planner,1,134885,105961,419,417,111740,105961,10069,0,0,False,den520d-random-13.scen,620,True,
620,den520d.map,planner,1,133995,105961,419,417,111796,105961,10152,0,0,True,den520d-random-13.scen,620,True,opti
620,den520d.map,planner,1,134112,105961,419,417,111443,105961,10080,0,1,True,den520d-random-13.scen,620,True,opti
620,den520d.map,planner,1,135245,105961,418,417,111270,105961,10186,0,4,True,den520d-random-13.scen,620,True,opti
620,den520d.map,planner,1,133272,105961,419,417,111377,105961,10050,0,16,True,den520d-random-13.scen,620,True,opti
620,den520d.map,planner,1,134089,105961,421,417,111075,105961,10052,0,64,True,den520d-random-13.scen,620,True,opti
620,den520d.map,planner,1,135295,105961,417,417,111478,105961,10091,0,256,True,den520d-random-13.scen,620,True,opti
740,den520d.map,planner,1,164936,126692,425,425,135513,126692,10051,0,0,False,den520d-random-13.scen,740,True,
740,den520d.map,planner,1,164841,126692,426,425,135074,126692,10068,0,0,True,den520d-random-13.scen,740,True,opti
740,den520d.map,planner,1,164343,126692,425,425,134642,126692,10097,0,1,True,den520d-random-13.scen,740,True,opti
740,den520d.map,planner,1,166229,126692,425,425,134494,126692,10182,0,4,True,den520d-random-13.scen,740,True,opti
740,den520d.map,planner,1,164337,126692,427,425,134259,126692,10096,0,16,True,den520d-random-13.scen,740,True,opti
740,den520d.map,planner,1,164392,126692,427,425,134738,126692,10050,0,64,True,den520d-random-13.scen,740,True,opti
740,den520d.map,planner,1,165172,126692,425,425,134487,126692,10029,0,256,True,den520d-random-13.scen,740,True,opti
860,den520d.map,planner,1,195776,147382,425,425,158681,147382,10067,0,0,False,den520d-random-13.scen,860,True,
860,den520d.map,planner,1,194330,147382,427,425,158249,147382,10049,0,0,True,den520d-random-13.scen,860,True,opti
860,den520d.map,planner,1,196317,147382,425,425,158525,147382,10058,0,1,True,den520d-random-13.scen,860,True,opti
860,den520d.map,planner,1,194256,147382,425,425,157653,147382,10036,0,4,True,den520d-random-13.scen,860,True,opti
860,den520d.map,planner,1,193584,147382,425,425,157754,147382,10093,0,16,True,den520d-random-13.scen,860,True,opti
860,den520d.map,planner,1,194623,147382,425,425,157975,147382,10038,0,64,True,den520d-random-13.scen,860,True,opti
860,den520d.map,planner,1,194985,147382,425,425,158030,147382,10006,0,256,True,den520d-random-13.scen,860,True,opti
980,den520d.map,planner,1,228963,168291,427,425,183572,168291,10058,0,0,False,den520d-random-13.scen,980,True,
980,den520d.map,planner,1,228601,168291,425,425,183581,168291,10056,0,0,True,den520d-random-13.scen,980,True,opti
980,den520d.map,planner,1,227458,168291,425,425,182507,168291,10053,0,1,True,den520d-random-13.scen,980,True,opti
980,den520d.map,planner,1,225406,168291,425,425,182402,168291,10030,0,4,True,den520d-random-13.scen,980,True,opti
980,den520d.map,planner,1,229334,168291,427,425,182741,168291,10030,0,16,True,den520d-random-13.scen,980,True,opti
980,den520d.map,planner,1,226482,168291,425,425,182147,168291,10068,0,64,True,den520d-random-13.scen,980,True,opti
980,den520d.map,planner,1,227168,168291,425,425,182498,168291,10043,0,256,True,den520d-random-13.scen,980,True,opti
20,den520d.map,planner,1,3614,3614,433,433,3614,3614,8,0,0,False,den520d-random-12.scen,20,True,
20,den520d.map,planner,1,3614,3614,433,433,3614,3614,9,0,0,True,den520d-random-12.scen,20,True,opti
20,den520d.map,planner,1,3614,3614,433,433,3614,3614,10,0,1,True,den520d-random-12.scen,20,True,opti
20,den520d.map,planner,1,3614,3614,433,433,3614,3614,9,0,4,True,den520d-random-12.scen,20,True,opti
20,den520d.map,planner,1,3614,3614,433,433,3614,3614,8,0,16,True,den520d-random-12.scen,20,True,opti
20,den520d.map,planner,1,3614,3614,433,433,3614,3614,9,0,64,True,den520d-random-12.scen,20,True,opti
20,den520d.map,planner,1,3614,3614,433,433,3614,3614,8,0,256,True,den520d-random-12.scen,20,True,opti
140,den520d.map,planner,1,26344,24506,433,433,24909,24506,10541,0,0,False,den520d-random-12.scen,140,True,
140,den520d.map,planner,1,26344,24506,433,433,24909,24506,10541,0,0,True,den520d-random-12.scen,140,True,opti
140,den520d.map,planner,1,26477,24506,433,433,24881,24506,10936,0,1,True,den520d-random-12.scen,140,True,opti
140,den520d.map,planner,1,26477,24506,433,433,24881,24506,10952,0,4,True,den520d-random-12.scen,140,True,opti
140,den520d.map,planner,1,26477,24506,433,433,24881,24506,10865,0,16,True,den520d-random-12.scen,140,True,opti
140,den520d.map,planner,1,26477,24506,433,433,24881,24506,10899,0,64,True,den520d-random-12.scen,140,True,opti
140,den520d.map,planner,1,26477,24506,433,433,24881,24506,10859,0,256,True,den520d-random-12.scen,140,True,opti
260,den520d.map,planner,1,51637,44265,435,433,45450,44265,10533,0,0,False,den520d-random-12.scen,260,True,
260,den520d.map,planner,1,50815,44265,433,433,45403,44265,10262,0,0,True,den520d-random-12.scen,260,True,opti
260,den520d.map,planner,1,50840,44265,433,433,45340,44265,10439,0,1,True,den520d-random-12.scen,260,True,opti
260,den520d.map,planner,1,50840,44265,433,433,45340,44265,10430,0,4,True,den520d-random-12.scen,260,True,opti
260,den520d.map,planner,1,50840,44265,433,433,45340,44265,10434,0,16,True,den520d-random-12.scen,260,True,opti
260,den520d.map,planner,1,50840,44265,433,433,45340,44265,10432,0,64,True,den520d-random-12.scen,260,True,opti
260,den520d.map,planner,1,50840,44265,433,433,45340,44265,10425,0,256,True,den520d-random-12.scen,260,True,opti
380,den520d.map,planner,1,78087,64691,435,433,67047,64691,10190,0,0,False,den520d-random-12.scen,380,True,
380,den520d.map,planner,1,77652,64691,435,433,67057,64691,10184,0,0,True,den520d-random-12.scen,380,True,opti
380,den520d.map,planner,1,76897,64691,433,433,66875,64691,10226,0,1,True,den520d-random-12.scen,380,True,opti
380,den520d.map,planner,1,77705,64691,437,433,66914,64691,10304,0,4,True,den520d-random-12.scen,380,True,opti
380,den520d.map,planner,1,77705,64691,437,433,66914,64691,10356,0,16,True,den520d-random-12.scen,380,True,opti
380,den520d.map,planner,1,77705,64691,437,433,66914,64691,10339,0,64,True,den520d-random-12.scen,380,True,opti
380,den520d.map,planner,1,77705,64691,437,433,66914,64691,10314,0,256,True,den520d-random-12.scen,380,True,opti
500,den520d.map,planner,1,104847,84501,433,433,88480,84501,10186,0,0,False,den520d-random-12.scen,500,True,
500,den520d.map,planner,1,104847,84501,433,433,88480,84501,10256,0,0,True,den520d-random-12.scen,500,True,opti
500,den520d.map,planner,1,104194,84501,437,433,88259,84501,10034,0,1,True,den520d-random-12.scen,500,True,opti
500,den520d.map,planner,1,103882,84501,441,433,88230,84501,10059,0,4,True,den520d-random-12.scen,500,True,opti
500,den520d.map,planner,1,102952,84501,435,433,88162,84501,10232,0,16,True,den520d-random-12.scen,500,True,opti
500,den520d.map,planner,1,104231,84501,435,433,88138,84501,10124,0,64,True,den520d-random-12.scen,500,True,opti
500,den520d.map,planner,1,104123,84501,433,433,88168,84501,10077,0,256,True,den520d-random-12.scen,500,True,opti
620,den520d.map,planner,1,134290,106886,435,433,112781,106886,10145,0,0,False,den520d-random-12.scen,620,True,
620,den520d.map,planner,1,134290,106886,435,433,112781,106886,10177,0,0,True,den520d-random-12.scen,620,True,opti
620,den520d.map,planner,1,134779,106886,433,433,112809,106886,10133,0,1,True,den520d-random-12.scen,620,True,opti
620,den520d.map,planner,1,133437,106886,433,433,112442,106886,10132,0,4,True,den520d-random-12.scen,620,True,opti
620,den520d.map,planner,1,134979,106886,435,433,112520,106886,10166,0,16,True,den520d-random-12.scen,620,True,opti
620,den520d.map,planner,1,134675,106886,438,433,112534,106886,10089,0,64,True,den520d-random-12.scen,620,True,opti
620,den520d.map,planner,1,133894,106886,437,433,112266,106886,10031,0,256,True,den520d-random-12.scen,620,True,opti
740,den520d.map,planner,1,162799,127835,433,433,136323,127835,10154,0,0,False,den520d-random-12.scen,740,True,
740,den520d.map,planner,1,164150,127835,433,433,136547,127835,10033,0,0,True,den520d-random-12.scen,740,True,opti
740,den520d.map,planner,1,162985,127835,438,433,136010,127835,10056,0,1,True,den520d-random-12.scen,740,True,opti
740,den520d.map,planner,1,163669,127835,437,433,135893,127835,10048,0,4,True,den520d-random-12.scen,740,True,opti
740,den520d.map,planner,1,162990,127835,433,433,136090,127835,10141,0,16,True,den520d-random-12.scen,740,True,opti
740,den520d.map,planner,1,162558,127835,435,433,135565,127835,10046,0,64,True,den520d-random-12.scen,740,True,opti
740,den520d.map,planner,1,163610,127835,434,433,136533,127835,10020,0,256,True,den520d-random-12.scen,740,True,opti
860,den520d.map,planner,1,194682,147745,433,433,159387,147745,10068,0,0,False,den520d-random-12.scen,860,True,
860,den520d.map,planner,1,195246,147745,435,433,159707,147745,10054,0,0,True,den520d-random-12.scen,860,True,opti
860,den520d.map,planner,1,194635,147745,433,433,158612,147745,10124,0,1,True,den520d-random-12.scen,860,True,opti
860,den520d.map,planner,1,193221,147745,440,433,158213,147745,10136,0,4,True,den520d-random-12.scen,860,True,opti
860,den520d.map,planner,1,193151,147745,435,433,158270,147745,10088,0,16,True,den520d-random-12.scen,860,True,opti
860,den520d.map,planner,1,193472,147745,442,433,158341,147745,10078,0,64,True,den520d-random-12.scen,860,True,opti
860,den520d.map,planner,1,193751,147745,441,433,158764,147745,10014,0,256,True,den520d-random-12.scen,860,True,opti
980,den520d.map,planner,1,227471,169703,433,433,185561,169703,10047,0,0,False,den520d-random-12.scen,980,True,
980,den520d.map,planner,1,229967,169703,435,433,185399,169703,10094,0,0,True,den520d-random-12.scen,980,True,opti
980,den520d.map,planner,1,226717,169703,433,433,184949,169703,10044,0,1,True,den520d-random-12.scen,980,True,opti
980,den520d.map,planner,1,227419,169703,433,433,185631,169703,10077,0,4,True,den520d-random-12.scen,980,True,opti
980,den520d.map,planner,1,227921,169703,433,433,184488,169703,10047,0,16,True,den520d-random-12.scen,980,True,opti
980,den520d.map,planner,1,228767,169703,433,433,185283,169703,10033,0,64,True,den520d-random-12.scen,980,True,opti
980,den520d.map,planner,1,227146,169703,433,433,183898,169703,10011,0,256,True,den520d-random-12.scen,980,True,opti
20,den520d.map,planner,1,3836,3834,346,346,3836,3834,11113,0,0,False,den520d-random-18.scen,20,True,
20,den520d.map,planner,1,3836,3834,346,346,3836,3834,11105,0,0,True,den520d-random-18.scen,20,True,opti
20,den520d.map,planner,1,3836,3834,346,346,3836,3834,11101,0,1,True,den520d-random-18.scen,20,True,opti
20,den520d.map,planner,1,3836,3834,346,346,3836,3834,11102,0,4,True,den520d-random-18.scen,20,True,opti
20,den520d.map,planner,1,3836,3834,346,346,3836,3834,11072,0,16,True,den520d-random-18.scen,20,True,opti
20,den520d.map,planner,1,3836,3834,346,346,3836,3834,11100,0,64,True,den520d-random-18.scen,20,True,opti
20,den520d.map,planner,1,3836,3834,346,346,3836,3834,11029,0,256,True,den520d-random-18.scen,20,True,opti
140,den520d.map,planner,1,28640,26209,422,422,26517,26209,10963,0,0,False,den520d-random-18.scen,140,True,
140,den520d.map,planner,1,28640,26209,422,422,26517,26209,10922,0,0,True,den520d-random-18.scen,140,True,opti
140,den520d.map,planner,1,28438,26209,422,422,26537,26209,10467,0,1,True,den520d-random-18.scen,140,True,opti
140,den520d.map,planner,1,28438,26209,422,422,26537,26209,10428,0,4,True,den520d-random-18.scen,140,True,opti
140,den520d.map,planner,1,28438,26209,422,422,26537,26209,10490,0,16,True,den520d-random-18.scen,140,True,opti
140,den520d.map,planner,1,28438,26209,422,422,26537,26209,10444,0,64,True,den520d-random-18.scen,140,True,opti
140,den520d.map,planner,1,28438,26209,422,422,26537,26209,10433,0,256,True,den520d-random-18.scen,140,True,opti
260,den520d.map,planner,1,52266,45823,424,422,46898,45823,10542,0,0,False,den520d-random-18.scen,260,True,
260,den520d.map,planner,1,52266,45823,424,422,46898,45823,10543,0,0,True,den520d-random-18.scen,260,True,opti
260,den520d.map,planner,1,52378,45823,424,422,46803,45823,10428,0,1,True,den520d-random-18.scen,260,True,opti
260,den520d.map,planner,1,52378,45823,424,422,46803,45823,10446,0,4,True,den520d-random-18.scen,260,True,opti
260,den520d.map,planner,1,52378,45823,424,422,46803,45823,10449,0,16,True,den520d-random-18.scen,260,True,opti
260,den520d.map,planner,1,52378,45823,424,422,46803,45823,10417,0,64,True,den520d-random-18.scen,260,True,opti
260,den520d.map,planner,1,52378,45823,424,422,46803,45823,10401,0,256,True,den520d-random-18.scen,260,True,opti
380,den520d.map,planner,1,78901,66042,422,422,68382,66042,10348,0,0,False,den520d-random-18.scen,380,True,
380,den520d.map,planner,1,78901,66042,422,422,68382,66042,10331,0,0,True,den520d-random-18.scen,380,True,opti
380,den520d.map,planner,1,79471,66042,424,422,68093,66042,10332,0,1,True,den520d-random-18.scen,380,True,opti
380,den520d.map,planner,1,78744,66042,422,422,68217,66042,10169,0,4,True,den520d-random-18.scen,380,True,opti
380,den520d.map,planner,1,79657,66042,422,422,68123,66042,10326,0,16,True,den520d-random-18.scen,380,True,opti
380,den520d.map,planner,1,79362,66042,422,422,68152,66042,10323,0,64,True,den520d-random-18.scen,380,True,opti
380,den520d.map,planner,1,79362,66042,422,422,68152,66042,10307,0,256,True,den520d-random-18.scen,380,True,opti
500,den520d.map,planner,1,103572,84978,424,422,88668,84978,10164,0,0,False,den520d-random-18.scen,500,True,
500,den520d.map,planner,1,103572,84978,424,422,88668,84978,10181,0,0,True,den520d-random-18.scen,500,True,opti
500,den520d.map,planner,1,103801,84978,422,422,88333,84978,10251,0,1,True,den520d-random-18.scen,500,True,opti
500,den520d.map,planner,1,102732,84978,422,422,88291,84978,10179,0,4,True,den520d-random-18.scen,500,True,opti
500,den520d.map,planner,1,103623,84978,424,422,88338,84978,10227,0,16,True,den520d-random-18.scen,500,True,opti
500,den520d.map,planner,1,103805,84978,422,422,88332,84978,10052,0,64,True,den520d-random-18.scen,500,True,opti
500,den520d.map,planner,1,103149,84978,424,422,88290,84978,10270,0,256,True,den520d-random-18.scen,500,True,opti
620,den520d.map,planner,1,132493,106061,424,422,112003,106061,10179,0,0,False,den520d-random-18.scen,620,True,
620,den520d.map,planner,1,132493,106061,424,422,112003,106061,10180,0,0,True,den520d-random-18.scen,620,True,opti
620,den520d.map,planner,1,131849,106061,427,422,111552,106061,10181,0,1,True,den520d-random-18.scen,620,True,opti
620,den520d.map,planner,1,131361,106061,426,422,111425,106061,10033,0,4,True,den520d-random-18.scen,620,True,opti
620,den520d.map,planner,1,131469,106061,424,422,111413,106061,10039,0,16,True,den520d-random-18.scen,620,True,opti
620,den520d.map,planner,1,131531,106061,424,422,111432,106061,10171,0,64,True,den520d-random-18.scen,620,True,opti
620,den520d.map,planner,1,133893,106061,422,422,111618,106061,10042,0,256,True,den520d-random-18.scen,620,True,opti
740,den520d.map,planner,1,168346,128082,424,422,136843,128082,10158,0,0,False,den520d-random-18.scen,740,True,
740,den520d.map,planner,1,165809,128082,424,422,136580,128082,10033,0,0,True,den520d-random-18.scen,740,True,opti
740,den520d.map,planner,1,166085,128082,428,422,136094,128082,10165,0,1,True,den520d-random-18.scen,740,True,opti
740,den520d.map,planner,1,166114,128082,424,422,135961,128082,10113,0,4,True,den520d-random-18.scen,740,True,opti
740,den520d.map,planner,1,165745,128082,428,422,136020,128082,10035,0,16,True,den520d-random-18.scen,740,True,opti
740,den520d.map,planner,1,165384,128082,434,422,136014,128082,10090,0,64,True,den520d-random-18.scen,740,True,opti
740,den520d.map,planner,1,164368,128082,424,422,136243,128082,10022,0,256,True,den520d-random-18.scen,740,True,opti
860,den520d.map,planner,1,201282,149126,422,422,161425,149126,10115,0,0,False,den520d-random-18.scen,860,True,
860,den520d.map,planner,1,201282,149126,422,422,161425,149126,10129,0,0,True,den520d-random-18.scen,860,True,opti
860,den520d.map,planner,1,198314,149126,436,422,160544,149126,10126,0,1,True,den520d-random-18.scen,860,True,opti
860,den520d.map,planner,1,198429,149126,422,422,160931,149126,10035,0,4,True,den520d-random-18.scen,860,True,opti
860,den520d.map,planner,1,200758,149126,426,422,160999,149126,10115,0,16,True,den520d-random-18.scen,860,True,opti
860,den520d.map,planner,1,198251,149126,430,422,160441,149126,10053,0,64,True,den520d-random-18.scen,860,True,opti
860,den520d.map,planner,1,198940,149126,436,422,160168,149126,10135,0,256,True,den520d-random-18.scen,860,True,opti
980,den520d.map,planner,1,236344,171217,422,422,187987,171217,10127,0,0,False,den520d-random-18.scen,980,True,
980,den520d.map,planner,1,235965,171217,422,422,187962,171217,10104,0,0,True,den520d-random-18.scen,980,True,opti
980,den520d.map,planner,1,233937,171217,427,422,186804,171217,10045,0,1,True,den520d-random-18.scen,980,True,opti
980,den520d.map,planner,1,234228,171217,434,422,186859,171217,10117,0,4,True,den520d-random-18.scen,980,True,opti
980,den520d.map,planner,1,235648,171217,422,422,186971,171217,10055,0,16,True,den520d-random-18.scen,980,True,opti
980,den520d.map,planner,1,233070,171217,441,422,186225,171217,10023,0,64,True,den520d-random-18.scen,980,True,opti
980,den520d.map,planner,1,234325,171217,442,422,187000,171217,10009,0,256,True,den520d-random-18.scen,980,True,opti
20,den520d.map,planner,1,3724,3724,370,370,3724,3724,8,0,0,False,den520d-random-21.scen,20,True,
20,den520d.map,planner,1,3724,3724,370,370,3724,3724,11,0,0,True,den520d-random-21.scen,20,True,opti
20,den520d.map,planner,1,3724,3724,370,370,3724,3724,13,0,1,True,den520d-random-21.scen,20,True,opti
20,den520d.map,planner,1,3724,3724,370,370,3724,3724,11,0,4,True,den520d-random-21.scen,20,True,opti
20,den520d.map,planner,1,3724,3724,370,370,3724,3724,12,0,16,True,den520d-random-21.scen,20,True,opti
20,den520d.map,planner,1,3724,3724,370,370,3724,3724,10,0,64,True,den520d-random-21.scen,20,True,opti
20,den520d.map,planner,1,3724,3724,370,370,3724,3724,8,0,256,True,den520d-random-21.scen,20,True,opti
140,den520d.map,planner,1,27026,24999,378,378,25294,24999,10790,0,0,False,den520d-random-21.scen,140,True,
140,den520d.map,planner,1,27026,24999,378,378,25294,24999,10787,0,0,True,den520d-random-21.scen,140,True,opti
140,den520d.map,planner,1,26812,24999,378,378,25282,24999,11039,0,1,True,den520d-random-21.scen,140,True,opti
140,den520d.map,planner,1,26812,24999,378,378,25282,24999,11040,0,4,True,den520d-random-21.scen,140,True,opti
140,den520d.map,planner,1,26812,24999,378,378,25282,24999,11008,0,16,True,den520d-random-21.scen,140,True,opti
140,den520d.map,planner,1,26812,24999,378,378,25282,24999,11058,0,64,True,den520d-random-21.scen,140,True,opti
140,den520d.map,planner,1,26812,24999,378,378,25282,24999,11009,0,256,True,den520d-random-21.scen,140,True,opti
260,den520d.map,planner,1,53422,47922,392,392,49033,47922,10329,0,0,False,den520d-random-21.scen,260,True,
260,den520d.map,planner,1,53520,47922,392,392,48896,47922,10295,0,0,True,den520d-random-21.scen,260,True,opti
260,den520d.map,planner,1,53633,47922,392,392,48914,47922,10308,0,1,True,den520d-random-21.scen,260,True,opti
260,den520d.map,planner,1,53633,47922,392,392,48914,47922,10292,0,4,True,den520d-random-21.scen,260,True,opti
260,den520d.map,planner,1,53633,47922,392,392,48914,47922,10349,0,16,True,den520d-random-21.scen,260,True,opti
260,den520d.map,planner,1,53633,47922,392,392,48914,47922,10305,0,64,True,den520d-random-21.scen,260,True,opti
260,den520d.map,planner,1,53633,47922,392,392,48914,47922,10308,0,256,True,den520d-random-21.scen,260,True,opti
380,den520d.map,planner,1,82001,69736,392,392,71952,69736,10192,0,0,False,den520d-random-21.scen,380,True,
380,den520d.map,planner,1,82533,69736,393,392,71914,69736,10038,0,0,True,den520d-random-21.scen,380,True,opti
380,den520d.map,planner,1,81981,69736,392,392,71778,69736,10080,0,1,True,den520d-random-21.scen,380,True,opti
380,den520d.map,planner,1,81514,69736,393,392,71616,69736,10257,0,4,True,den520d-random-21.scen,380,True,opti
380,den520d.map,planner,1,82468,69736,392,392,71758,69736,10205,0,16,True,den520d-random-21.scen,380,True,opti
380,den520d.map,planner,1,80975,69736,393,392,71820,69736,10049,0,64,True,den520d-random-21.scen,380,True,opti
380,den520d.map,planner,1,82643,69736,392,392,71815,69736,10061,0,256,True,den520d-random-21.scen,380,True,opti
500,den520d.map,planner,1,108736,89007,392,392,92991,89007,10257,0,0,False,den520d-random-21.scen,500,True,
500,den520d.map,planner,1,110165,89007,393,392,92893,89007,10242,0,0,True,den520d-random-21.scen,500,True,opti
500,den520d.map,planner,1,108447,89007,392,392,92340,89007,10042,0,1,True,den520d-random-21.scen,500,True,opti
500,den520d.map,planner,1,108886,89007,392,392,92320,89007,10213,0,4,True,den520d-random-21.scen,500,True,opti
500,den520d.map,planner,1,108259,89007,392,392,92460,89007,10216,0,16,True,den520d-random-21.scen,500,True,opti
500,den520d.map,planner,1,107771,89007,392,392,92319,89007,10204,0,64,True,den520d-random-21.scen,500,True,opti
500,den520d.map,planner,1,109688,89007,394,392,92369,89007,10036,0,256,True,den520d-random-21.scen,500,True,opti
620,den520d.map,planner,1,138774,110544,393,392,116599,110544,10160,0,0,False,den520d-random-21.scen,620,True,
620,den520d.map,planner,1,138748,110544,393,392,116692,110544,10152,0,0,True,den520d-random-21.scen,620,True,opti
620,den520d.map,planner,1,137060,110544,409,392,115820,110544,10130,0,1,True,den520d-random-21.scen,620,True,opti
620,den520d.map,planner,1,138026,110544,393,392,116104,110544,10151,0,4,True,den520d-random-21.scen,620,True,opti
620,den520d.map,planner,1,137697,110544,394,392,115990,110544,10147,0,16,True,den520d-random-21.scen,620,True,opti
620,den520d.map,planner,1,137989,110544,400,392,115678,110544,10100,0,64,True,den520d-random-21.scen,620,True,opti
620,den520d.map,planner,1,137800,110544,409,392,116002,110544,10008,0,256,True,den520d-random-21.scen,620,True,opti
740,den520d.map,planner,1,169904,132049,392,392,140711,132049,10117,0,0,False,den520d-random-21.scen,740,True,
740,den520d.map,planner,1,168753,132049,392,392,140663,132049,10122,0,0,True,den520d-random-21.scen,740,True,opti
740,den520d.map,planner,1,167983,132049,394,392,140167,132049,10051,0,1,True,den520d-random-21.scen,740,True,opti
740,den520d.map,planner,1,166749,132049,396,392,139656,132049,10155,0,4,True,den520d-random-21.scen,740,True,opti
740,den520d.map,planner,1,166762,132049,392,392,139754,132049,10109,0,16,True,den520d-random-21.scen,740,True,opti
740,den520d.map,planner,1,168082,132049,400,392,140216,132049,10105,0,64,True,den520d-random-21.scen,740,True,opti
740,den520d.map,planner,1,168453,132049,395,392,139980,132049,10019,0,256,True,den520d-random-21.scen,740,True,opti
860,den520d.map,planner,1,199930,152373,398,392,163993,152373,10047,0,0,False,den520d-random-21.scen,860,True,
860,den520d.map,planner,1,198850,152373,397,392,163861,152373,10110,0,0,True,den520d-random-21.scen,860,True,opti
860,den520d.map,planner,1,196836,152373,393,392,162944,152373,10039,0,1,True,den520d-random-21.scen,860,True,opti
860,den520d.map,planner,1,199140,152373,399,392,163955,152373,10031,0,4,True,den520d-random-21.scen,860,True,opti
860,den520d.map,planner,1,199057,152373,398,392,164281,152373,10103,0,16,True,den520d-random-21.scen,860,True,opti
860,den520d.map,planner,1,198933,152373,404,392,163424,152373,10079,0,64,True,den520d-random-21.scen,860,True,opti
860,den520d.map,planner,1,197480,152373,398,392,163330,152373,10018,0,256,True,den520d-random-21.scen,860,True,opti
980,den520d.map,planner,1,233598,172859,397,392,188952,172859,10035,0,0,False,den520d-random-21.scen,980,True,
980,den520d.map,planner,1,233909,172859,397,392,188944,172859,10040,0,0,True,den520d-random-21.scen,980,True,opti
980,den520d.map,planner,1,234251,172859,395,392,188430,172859,10029,0,1,True,den520d-random-21.scen,980,True,opti
980,den520d.map,planner,1,232287,172859,402,392,187886,172859,10098,0,4,True,den520d-random-21.scen,980,True,opti
980,den520d.map,planner,1,229831,172859,395,392,187604,172859,10076,0,16,True,den520d-random-21.scen,980,True,opti
980,den520d.map,planner,1,231522,172859,396,392,187604,172859,10046,0,64,True,den520d-random-21.scen,980,True,opti
980,den520d.map,planner,1,234608,172859,423,392,188943,172859,10035,0,256,True,den520d-random-21.scen,980,True,opti
20,den520d.map,planner,1,3980,3975,344,344,3980,3975,10909,0,0,False,den520d-random-20.scen,20,True,
20,den520d.map,planner,1,3980,3975,344,344,3980,3975,10867,0,0,True,den520d-random-20.scen,20,True,opti
20,den520d.map,planner,1,3980,3975,344,344,3980,3975,10872,0,1,True,den520d-random-20.scen,20,True,opti
20,den520d.map,planner,1,3980,3975,344,344,3980,3975,10849,0,4,True,den520d-random-20.scen,20,True,opti
20,den520d.map,planner,1,3980,3975,344,344,3980,3975,10875,0,16,True,den520d-random-20.scen,20,True,opti
20,den520d.map,planner,1,3980,3975,344,344,3980,3975,10877,0,64,True,den520d-random-20.scen,20,True,opti
20,den520d.map,planner,1,3980,3975,344,344,3980,3975,10895,0,256,True,den520d-random-20.scen,20,True,opti
140,den520d.map,planner,1,27173,25212,368,368,25580,25212,10120,0,0,False,den520d-random-20.scen,140,True,
140,den520d.map,planner,1,27173,25212,368,368,25580,25212,10135,0,0,True,den520d-random-20.scen,140,True,opti
140,den520d.map,planner,1,27536,25212,368,368,25508,25212,10176,0,1,True,den520d-random-20.scen,140,True,opti
140,den520d.map,planner,1,27536,25212,368,368,25508,25212,10164,0,4,True,den520d-random-20.scen,140,True,opti
140,den520d.map,planner,1,27536,25212,368,368,25508,25212,10169,0,16,True,den520d-random-20.scen,140,True,opti
140,den520d.map,planner,1,27536,25212,368,368,25508,25212,10176,0,64,True,den520d-random-20.scen,140,True,opti
140,den520d.map,planner,1,27536,25212,368,368,25508,25212,10164,0,256,True,den520d-random-20.scen,140,True,opti
260,den520d.map,planner,1,52334,45486,370,368,46617,45486,10134,0,0,False,den520d-random-20.scen,260,True,
260,den520d.map,planner,1,52334,45486,370,368,46617,45486,10112,0,0,True,den520d-random-20.scen,260,True,opti
260,den520d.map,planner,1,51526,45486,368,368,46661,45486,10380,0,1,True,den520d-random-20.scen,260,True,opti
260,den520d.map,planner,1,51888,45486,368,368,46650,45486,10287,0,4,True,den520d-random-20.scen,260,True,opti
260,den520d.map,planner,1,51780,45486,368,368,46681,45486,10271,0,16,True,den520d-random-20.scen,260,True,opti
260,den520d.map,planner,1,51780,45486,368,368,46681,45486,10258,0,64,True,den520d-random-20.scen,260,True,opti
260,den520d.map,planner,1,51780,45486,368,368,46681,45486,10252,0,256,True,den520d-random-20.scen,260,True,opti
380,den520d.map,planner,1,78533,65997,395,395,68426,65997,10162,0,0,False,den520d-random-20.scen,380,True,
380,den520d.map,planner,1,78533,65997,395,395,68426,65997,10169,0,0,True,den520d-random-20.scen,380,True,opti
380,den520d.map,planner,1,77944,65997,395,395,68277,65997,10325,0,1,True,den520d-random-20.scen,380,True,opti
380,den520d.map,planner,1,77449,65997,395,395,68400,65997,10084,0,4,True,den520d-random-20.scen,380,True,opti
380,den520d.map,planner,1,77197,65997,395,395,68339,65997,10169,0,16,True,den520d-random-20.scen,380,True,opti
380,den520d.map,planner,1,78808,65997,395,395,68313,65997,10038,0,64,True,den520d-random-20.scen,380,True,opti
380,den520d.map,planner,1,78141,65997,395,395,68335,65997,10167,0,256,True,den520d-random-20.scen,380,True,opti
500,den520d.map,planner,1,106377,87788,395,395,91783,87788,10125,0,0,False,den520d-random-20.scen,500,True,
500,den520d.map,planner,1,106377,87788,395,395,91783,87788,10134,0,0,True,den520d-random-20.scen,500,True,opti
500,den520d.map,planner,1,105719,87788,397,395,91385,87788,10243,0,1,True,den520d-random-20.scen,500,True,opti
500,den520d.map,planner,1,105338,87788,395,395,91514,87788,10198,0,4,True,den520d-random-20.scen,500,True,opti
500,den520d.map,planner,1,105354,87788,395,395,91272,87788,10238,0,16,True,den520d-random-20.scen,500,True,opti
500,den520d.map,planner,1,106298,87788,397,395,91293,87788,10140,0,64,True,den520d-random-20.scen,500,True,opti
500,den520d.map,planner,1,105436,87788,395,395,91389,87788,10206,0,256,True,den520d-random-20.scen,500,True,opti
620,den520d.map,planner,1,133217,108168,395,395,114188,108168,10044,0,0,False,den520d-random-20.scen,620,True,
620,den520d.map,planner,1,133217,108168,395,395,114188,108168,10048,0,0,True,den520d-random-20.scen,620,True,opti
620,den520d.map,planner,1,134323,108168,396,395,113794,108168,10031,0,1,True,den520d-random-20.scen,620,True,opti
620,den520d.map,planner,1,134378,108168,395,395,113896,108168,10166,0,4,True,den520d-random-20.scen,620,True,opti
620,den520d.map,planner,1,133894,108168,397,395,113740,108168,10047,0,16,True,den520d-random-20.scen,620,True,opti
620,den520d.map,planner,1,133355,108168,395,395,113711,108168,10038,0,64,True,den520d-random-20.scen,620,True,opti
620,den520d.map,planner,1,133411,108168,395,395,113736,108168,10027,0,256,True,den520d-random-20.scen,620,True,opti
740,den520d.map,planner,1,165848,130804,395,395,139749,130804,10136,0,0,False,den520d-random-20.scen,740,True,
740,den520d.map,planner,1,165848,130804,395,395,139749,130804,10129,0,0,True,den520d-random-20.scen,740,True,opti
740,den520d.map,planner,1,163342,130804,395,395,139017,130804,10155,0,1,True,den520d-random-20.scen,740,True,opti
740,den520d.map,planner,1,164359,130804,395,395,138785,130804,10141,0,4,True,den520d-random-20.scen,740,True,opti
740,den520d.map,planner,1,165417,130804,395,395,138830,130804,10070,0,16,True,den520d-random-20.scen,740,True,opti
740,den520d.map,planner,1,163608,130804,396,395,138682,130804,10067,0,64,True,den520d-random-20.scen,740,True,opti
740,den520d.map,planner,1,163724,130804,395,395,138767,130804,10006,0,256,True,den520d-random-20.scen,740,True,opti
860,den520d.map,planner,1,197101,152365,395,395,164828,152365,10091,0,0,False,den520d-random-20.scen,860,True,
860,den520d.map,planner,1,197101,152365,395,395,164828,152365,10090,0,0,True,den520d-random-20.scen,860,True,opti
860,den520d.map,planner,1,196088,152365,397,395,163723,152365,10076,0,1,True,den520d-random-20.scen,860,True,opti
860,den520d.map,planner,1,196312,152365,395,395,163739,152365,10060,0,4,True,den520d-random-20.scen,860,True,opti
860,den520d.map,planner,1,195651,152365,395,395,163715,152365,10111,0,16,True,den520d-random-20.scen,860,True,opti
860,den520d.map,planner,1,196950,152365,395,395,164038,152365,10038,0,64,True,den520d-random-20.scen,860,True,opti
860,den520d.map,planner,1,196576,152365,395,395,164203,152365,10034,0,256,True,den520d-random-20.scen,860,True,opti
980,den520d.map,planner,1,229631,171718,395,395,187604,171718,10089,0,0,False,den520d-random-20.scen,980,True,
980,den520d.map,planner,1,229631,171718,395,395,187604,171718,10097,0,0,True,den520d-random-20.scen,980,True,opti
980,den520d.map,planner,1,229194,171718,399,395,186519,171718,10113,0,1,True,den520d-random-20.scen,980,True,opti
980,den520d.map,planner,1,226525,171718,396,395,186774,171718,10039,0,4,True,den520d-random-20.scen,980,True,opti
980,den520d.map,planner,1,227819,171718,397,395,186324,171718,10034,0,16,True,den520d-random-20.scen,980,True,opti
980,den520d.map,planner,1,226600,171718,395,395,186525,171718,10055,0,64,True,den520d-random-20.scen,980,True,opti
980,den520d.map,planner,1,228349,171718,395,395,186749,171718,10004,0,256,True,den520d-random-20.scen,980,True,opti
20,den520d.map,planner,1,2888,2888,313,313,2888,2888,7,0,0,False,den520d-random-23.scen,20,True,
20,den520d.map,planner,1,2888,2888,313,313,2888,2888,7,0,0,True,den520d-random-23.scen,20,True,opti
20,den520d.map,planner,1,2888,2888,313,313,2888,2888,7,0,1,True,den520d-random-23.scen,20,True,opti
20,den520d.map,planner,1,2888,2888,313,313,2888,2888,6,0,4,True,den520d-random-23.scen,20,True,opti
20,den520d.map,planner,1,2888,2888,313,313,2888,2888,7,0,16,True,den520d-random-23.scen,20,True,opti
20,den520d.map,planner,1,2888,2888,313,313,2888,2888,7,0,64,True,den520d-random-23.scen,20,True,opti
20,den520d.map,planner,1,2888,2888,313,313,2888,2888,7,0,256,True,den520d-random-23.scen,20,True,opti
140,den520d.map,planner,1,26175,24492,371,371,24813,24492,10377,0,0,False,den520d-random-23.scen,140,True,
140,den520d.map,planner,1,26175,24492,371,371,24813,24492,10411,0,0,True,den520d-random-23.scen,140,True,opti
140,den520d.map,planner,1,25932,24492,371,371,24798,24492,10498,0,1,True,den520d-random-23.scen,140,True,opti
140,den520d.map,planner,1,25932,24492,371,371,24798,24492,10472,0,4,True,den520d-random-23.scen,140,True,opti
140,den520d.map,planner,1,25932,24492,371,371,24798,24492,10501,0,16,True,den520d-random-23.scen,140,True,opti
140,den520d.map,planner,1,25932,24492,371,371,24798,24492,10498,0,64,True,den520d-random-23.scen,140,True,opti
140,den520d.map,planner,1,25932,24492,371,371,24798,24492,10446,0,256,True,den520d-random-23.scen,140,True,opti
260,den520d.map,planner,1,51281,46184,371,371,47440,46184,10172,0,0,False,den520d-random-23.scen,260,True,
260,den520d.map,planner,1,51353,46184,373,371,47422,46184,10539,0,0,True,den520d-random-23.scen,260,True,opti
260,den520d.map,planner,1,51591,46184,373,371,47367,46184,10554,0,1,True,den520d-random-23.scen,260,True,opti
260,den520d.map,planner,1,51591,46184,373,371,47367,46184,10601,0,4,True,den520d-random-23.scen,260,True,opti
260,den520d.map,planner,1,51591,46184,373,371,47367,46184,10551,0,16,True,den520d-random-23.scen,260,True,opti
260,den520d.map,planner,1,51591,46184,373,371,47367,46184,10542,0,64,True,den520d-random-23.scen,260,True,opti
260,den520d.map,planner,1,51591,46184,373,371,47367,46184,10563,0,256,True,den520d-random-23.scen,260,True,opti
380,den520d.map,planner,1,76091,65415,387,387,67765,65415,10203,0,0,False,den520d-random-23.scen,380,True,
380,den520d.map,planner,1,75177,65415,389,387,67695,65415,10079,0,0,True,den520d-random-23.scen,380,True,opti
380,den520d.map,planner,1,76040,65415,387,387,67588,65415,10079,0,1,True,den520d-random-23.scen,380,True,opti
380,den520d.map,planner,1,75571,65415,387,387,67631,65415,10079,0,4,True,den520d-random-23.scen,380,True,opti
380,den520d.map,planner,1,75571,65415,387,387,67631,65415,10096,0,16,True,den520d-random-23.scen,380,True,opti
380,den520d.map,planner,1,75571,65415,387,387,67631,65415,10092,0,64,True,den520d-random-23.scen,380,True,opti
380,den520d.map,planner,1,75571,65415,387,387,67631,65415,10084,0,256,True,den520d-random-23.scen,380,True,opti
500,den520d.map,planner,1,104528,87206,387,387,91046,87206,10180,0,0,False,den520d-random-23.scen,500,True,
500,den520d.map,planner,1,103459,87206,389,387,90639,87206,10082,0,0,True,den520d-random-23.scen,500,True,opti
500,den520d.map,planner,1,103961,87206,387,387,90760,87206,10253,0,1,True,den520d-random-23.scen,500,True,opti
500,den520d.map,planner,1,103477,87206,387,387,90539,87206,10229,0,4,True,den520d-random-23.scen,500,True,opti
500,den520d.map,planner,1,104227,87206,388,387,90752,87206,10215,0,16,True,den520d-random-23.scen,500,True,opti
500,den520d.map,planner,1,103206,87206,388,387,90630,87206,10254,0,64,True,den520d-random-23.scen,500,True,opti
500,den520d.map,planner,1,103531,87206,387,387,90589,87206,10226,0,256,True,den520d-random-23.scen,500,True,opti
620,den520d.map,planner,1,134061,107907,394,394,113795,107907,10030,0,0,False,den520d-random-23.scen,620,True,
620,den520d.map,planner,1,131916,107907,394,394,113712,107907,10031,0,0,True,den520d-random-23.scen,620,True,opti
620,den520d.map,planner,1,130804,107907,394,394,113098,107907,10165,0,1,True,den520d-random-23.scen,620,True,opti
620,den520d.map,planner,1,131959,107907,394,394,113121,107907,10163,0,4,True,den520d-random-23.scen,620,True,opti
620,den520d.map,planner,1,132065,107907,394,394,112979,107907,10181,0,16,True,den520d-random-23.scen,620,True,opti
620,den520d.map,planner,1,131314,107907,401,394,113066,107907,10167,0,64,True,den520d-random-23.scen,620,True,opti
620,den520d.map,planner,1,131910,107907,397,394,113116,107907,10112,0,256,True,den520d-random-23.scen,620,True,opti
740,den520d.map,planner,1,160383,128064,394,394,136011,128064,10145,0,0,False,den520d-random-23.scen,740,True,
740,den520d.map,planner,1,160383,128064,394,394,136011,128064,10136,0,0,True,den520d-random-23.scen,740,True,opti
740,den520d.map,planner,1,160463,128064,394,394,135831,128064,10118,0,1,True,den520d-random-23.scen,740,True,opti
740,den520d.map,planner,1,159422,128064,394,394,135168,128064,10041,0,4,True,den520d-random-23.scen,740,True,opti
740,den520d.map,planner,1,160737,128064,394,394,135269,128064,10073,0,16,True,den520d-random-23.scen,740,True,opti
740,den520d.map,planner,1,159911,128064,395,394,135370,128064,10035,0,64,True,den520d-random-23.scen,740,True,opti
740,den520d.map,planner,1,159278,128064,394,394,135230,128064,10030,0,256,True,den520d-random-23.scen,740,True,opti
860,den520d.map,planner,1,192411,148148,394,394,159807,148148,10068,0,0,False,den520d-random-23.scen,860,True,
860,den520d.map,planner,1,190775,148148,394,394,159436,148148,10137,0,0,True,den520d-random-23.scen,860,True,opti
860,den520d.map,planner,1,191012,148148,394,394,159091,148148,10041,0,1,True,den520d-random-23.scen,860,True,opti
860,den520d.map,planner,1,189799,148148,397,394,158365,148148,10103,0,4,True,den520d-random-23.scen,860,True,opti
860,den520d.map,planner,1,190084,148148,403,394,158798,148148,10081,0,16,True,den520d-random-23.scen,860,True,opti
860,den520d.map,planner,1,189312,148148,396,394,158513,148148,10057,0,64,True,den520d-random-23.scen,860,True,opti
860,den520d.map,planner,1,189745,148148,394,394,158836,148148,10051,0,256,True,den520d-random-23.scen,860,True,opti
980,den520d.map,planner,1,223783,170452,394,394,184735,170452,10073,0,0,False,den520d-random-23.scen,980,True,
980,den520d.map,planner,1,223629,170452,396,394,184676,170452,10034,0,0,True,den520d-random-23.scen,980,True,opti
980,den520d.map,planner,1,225019,170452,396,394,184787,170452,10029,0,1,True,den520d-random-23.scen,980,True,opti
980,den520d.map,planner,1,222717,170452,412,394,184436,170452,10104,0,4,True,den520d-random-23.scen,980,True,opti
980,den520d.map,planner,1,223913,170452,402,394,184301,170452,10082,0,16,True,den520d-random-23.scen,980,True,opti
980,den520d.map,planner,1,225481,170452,420,394,184650,170452,10049,0,64,True,den520d-random-23.scen,980,True,opti
980,den520d.map,planner,1,224505,170452,394,394,184202,170452,10017,0,256,True,den520d-random-23.scen,980,True,opti
20,den520d.map,planner,1,3783,3780,392,392,3783,3780,10494,0,0,False,den520d-random-7.scen,20,True,
20,den520d.map,planner,1,3783,3780,392,392,3783,3780,10464,0,0,True,den520d-random-7.scen,20,True,opti
20,den520d.map,planner,1,3783,3780,392,392,3783,3780,10510,0,1,True,den520d-random-7.scen,20,True,opti
20,den520d.map,planner,1,3783,3780,392,392,3783,3780,10497,0,4,True,den520d-random-7.scen,20,True,opti
20,den520d.map,planner,1,3783,3780,392,392,3783,3780,10511,0,16,True,den520d-random-7.scen,20,True,opti
20,den520d.map,planner,1,3783,3780,392,392,3783,3780,10496,0,64,True,den520d-random-7.scen,20,True,opti
20,den520d.map,planner,1,3783,3780,392,392,3783,3780,10656,0,256,True,den520d-random-7.scen,20,True,opti
140,den520d.map,planner,1,26391,24258,392,392,24510,24258,10893,0,0,False,den520d-random-7.scen,140,True,
140,den520d.map,planner,1,26391,24258,392,392,24510,24258,10878,0,0,True,den520d-random-7.scen,140,True,opti
140,den520d.map,planner,1,26147,24258,392,392,24513,24258,10572,0,1,True,den520d-random-7.scen,140,True,opti
140,den520d.map,planner,1,26147,24258,392,392,24513,24258,10572,0,4,True,den520d-random-7.scen,140,True,opti
140,den520d.map,planner,1,26147,24258,392,392,24513,24258,10589,0,16,True,den520d-random-7.scen,140,True,opti
140,den520d.map,planner,1,26147,24258,392,392,24513,24258,10576,0,64,True,den520d-random-7.scen,140,True,opti
140,den520d.map,planner,1,26147,24258,392,392,24513,24258,10556,0,256,True,den520d-random-7.scen,140,True,opti
260,den520d.map,planner,1,52179,44480,394,392,45641,44480,10087,0,0,False,den520d-random-7.scen,260,True,
260,den520d.map,planner,1,52179,44480,394,392,45641,44480,10079,0,0,True,den520d-random-7.scen,260,True,opti
260,den520d.map,planner,1,51665,44480,394,392,45519,44480,10515,0,1,True,den520d-random-7.scen,260,True,opti
260,den520d.map,planner,1,51665,44480,394,392,45519,44480,10508,0,4,True,den520d-random-7.scen,260,True,opti
260,den520d.map,planner,1,51665,44480,394,392,45519,44480,10513,0,16,True,den520d-random-7.scen,260,True,opti
260,den520d.map,planner,1,51665,44480,394,392,45519,44480,10501,0,64,True,den520d-random-7.scen,260,True,opti
260,den520d.map,planner,1,51665,44480,394,392,45519,44480,10510,0,256,True,den520d-random-7.scen,260,True,opti
380,den520d.map,planner,1,79951,67278,392,392,69665,67278,10266,0,0,False,den520d-random-7.scen,380,True,
380,den520d.map,planner,1,79951,67278,392,392,69665,67278,10276,0,0,True,den520d-random-7.scen,380,True,opti
380,den520d.map,planner,1,79896,67278,392,392,69479,67278,10185,0,1,True,den520d-random-7.scen,380,True,opti
380,den520d.map,planner,1,79649,67278,394,392,69460,67278,10072,0,4,True,den520d-random-7.scen,380,True,opti
380,den520d.map,planner,1,79062,67278,392,392,69415,67278,10063,0,16,True,den520d-random-7.scen,380,True,opti
380,den520d.map,planner,1,79982,67278,392,392,69495,67278,10048,0,64,True,den520d-random-7.scen,380,True,opti
380,den520d.map,planner,1,79982,67278,392,392,69495,67278,10053,0,256,True,den520d-random-7.scen,380,True,opti
500,den520d.map,planner,1,108600,87773,394,392,91862,87773,10132,0,0,False,den520d-random-7.scen,500,True,
500,den520d.map,planner,1,108600,87773,394,392,91862,87773,10130,0,0,True,den520d-random-7.scen,500,True,opti
500,den520d.map,planner,1,108667,87773,394,392,91639,87773,10090,0,1,True,den520d-random-7.scen,500,True,opti
500,den520d.map,planner,1,107254,87773,392,392,91703,87773,10080,0,4,True,den520d-random-7.scen,500,True,opti
500,den520d.map,planner,1,108393,87773,392,392,91719,87773,10242,0,16,True,den520d-random-7.scen,500,True,opti
500,den520d.map,planner,1,107434,87773,392,392,91519,87773,10056,0,64,True,den520d-random-7.scen,500,True,opti
500,den520d.map,planner,1,109007,87773,392,392,91846,87773,10057,0,256,True,den520d-random-7.scen,500,True,opti
620,den520d.map,planner,1,135902,107660,392,392,113500,107660,10059,0,0,False,den520d-random-7.scen,620,True,
620,den520d.map,planner,1,135902,107660,392,392,113500,107660,10062,0,0,True,den520d-random-7.scen,620,True,opti
620,den520d.map,planner,1,136288,107660,394,392,113433,107660,10120,0,1,True,den520d-random-7.scen,620,True,opti
620,den520d.map,planner,1,135876,107660,392,392,113560,107660,10160,0,4,True,den520d-random-7.scen,620,True,opti
620,den520d.map,planner,1,135621,107660,392,392,113533,107660,10166,0,16,True,den520d-random-7.scen,620,True,opti
620,den520d.map,planner,1,136247,107660,392,392,113499,107660,10048,0,64,True,den520d-random-7.scen,620,True,opti
620,den520d.map,planner,1,136385,107660,392,392,113339,107660,10073,0,256,True,den520d-random-7.scen,620,True,opti
740,den520d.map,planner,1,168962,129160,430,430,137869,129160,10053,0,0,False,den520d-random-7.scen,740,True,
740,den520d.map,planner,1,168962,129160,430,430,137869,129160,10050,0,0,True,den520d-random-7.scen,740,True,opti
740,den520d.map,planner,1,168355,129160,430,430,137423,129160,10069,0,1,True,den520d-random-7.scen,740,True,opti
740,den520d.map,planner,1,167343,129160,430,430,137366,129160,10133,0,4,True,den520d-random-7.scen,740,True,opti
740,den520d.map,planner,1,168810,129160,431,430,137639,129160,10053,0,16,True,den520d-random-7.scen,740,True,opti
740,den520d.map,planner,1,167611,129160,430,430,137320,129160,10074,0,64,True,den520d-random-7.scen,740,True,opti
740,den520d.map,planner,1,168422,129160,430,430,137497,129160,10035,0,256,True,den520d-random-7.scen,740,True,opti
860,den520d.map,planner,1,201512,149949,430,430,162623,149949,10052,0,0,False,den520d-random-7.scen,860,True,
860,den520d.map,planner,1,199163,149949,432,430,161754,149949,10110,0,0,True,den520d-random-7.scen,860,True,opti
860,den520d.map,planner,1,197832,149949,432,430,161585,149949,10036,0,1,True,den520d-random-7.scen,860,True,opti
860,den520d.map,planner,1,199582,149949,434,430,161432,149949,10043,0,4,True,den520d-random-7.scen,860,True,opti
860,den520d.map,planner,1,198912,149949,432,430,161017,149949,10111,0,16,True,den520d-random-7.scen,860,True,opti
860,den520d.map,planner,1,200237,149949,430,430,161529,149949,10043,0,64,True,den520d-random-7.scen,860,True,opti
860,den520d.map,planner,1,199453,149949,430,430,161407,149949,10055,0,256,True,den520d-random-7.scen,860,True,opti
980,den520d.map,planner,1,234163,171541,432,430,187452,171541,10073,0,0,False,den520d-random-7.scen,980,True,
980,den520d.map,planner,1,236240,171541,430,430,187752,171541,10045,0,0,True,den520d-random-7.scen,980,True,opti
980,den520d.map,planner,1,235232,171541,432,430,186982,171541,10032,0,1,True,den520d-random-7.scen,980,True,opti
980,den520d.map,planner,1,233543,171541,432,430,186622,171541,10039,0,4,True,den520d-random-7.scen,980,True,opti
980,den520d.map,planner,1,233896,171541,432,430,186439,171541,10034,0,16,True,den520d-random-7.scen,980,True,opti
980,den520d.map,planner,1,236262,171541,432,430,186943,171541,10030,0,64,True,den520d-random-7.scen,980,True,opti
980,den520d.map,planner,1,232711,171541,430,430,186596,171541,10004,0,256,True,den520d-random-7.scen,980,True,opti
20,den520d.map,planner,1,3384,3384,330,330,3384,3384,43,0,0,False,den520d-random-9.scen,20,True,
20,den520d.map,planner,1,3384,3384,330,330,3384,3384,45,0,0,True,den520d-random-9.scen,20,True,opti
20,den520d.map,planner,1,3384,3384,330,330,3384,3384,46,0,1,True,den520d-random-9.scen,20,True,opti
20,den520d.map,planner,1,3384,3384,330,330,3384,3384,46,0,4,True,den520d-random-9.scen,20,True,opti
20,den520d.map,planner,1,3384,3384,330,330,3384,3384,45,0,16,True,den520d-random-9.scen,20,True,opti
20,den520d.map,planner,1,3384,3384,330,330,3384,3384,44,0,64,True,den520d-random-9.scen,20,True,opti
20,den520d.map,planner,1,3384,3384,330,330,3384,3384,46,0,256,True,den520d-random-9.scen,20,True,opti
140,den520d.map,planner,1,22699,21369,359,359,21554,21369,10224,0,0,False,den520d-random-9.scen,140,True,
140,den520d.map,planner,1,22699,21369,359,359,21554,21369,10228,0,0,True,den520d-random-9.scen,140,True,opti
140,den520d.map,planner,1,22737,21369,359,359,21531,21369,10906,0,1,True,den520d-random-9.scen,140,True,opti
140,den520d.map,planner,1,22737,21369,359,359,21531,21369,10929,0,4,True,den520d-random-9.scen,140,True,opti
140,den520d.map,planner,1,22737,21369,359,359,21531,21369,10882,0,16,True,den520d-random-9.scen,140,True,opti
140,den520d.map,planner,1,22737,21369,359,359,21531,21369,10895,0,64,True,den520d-random-9.scen,140,True,opti
140,den520d.map,planner,1,22737,21369,359,359,21531,21369,10884,0,256,True,den520d-random-9.scen,140,True,opti
260,den520d.map,planner,1,46344,41155,399,399,41954,41155,10508,0,0,False,den520d-random-9.scen,260,True,
260,den520d.map,planner,1,46344,41155,399,399,41954,41155,10504,0,0,True,den520d-random-9.scen,260,True,opti
260,den520d.map,planner,1,46456,41155,399,399,41985,41155,10510,0,1,True,den520d-random-9.scen,260,True,opti
260,den520d.map,planner,1,46456,41155,399,399,41985,41155,10527,0,4,True,den520d-random-9.scen,260,True,opti
260,den520d.map,planner,1,46456,41155,399,399,41985,41155,10543,0,16,True,den520d-random-9.scen,260,True,opti
260,den520d.map,planner,1,46456,41155,399,399,41985,41155,10518,0,64,True,den520d-random-9.scen,260,True,opti
260,den520d.map,planner,1,46456,41155,399,399,41985,41155,10535,0,256,True,den520d-random-9.scen,260,True,opti
380,den520d.map,planner,1,73905,62756,399,399,64779,62756,10197,0,0,False,den520d-random-9.scen,380,True,
380,den520d.map,planner,1,73905,62756,399,399,64779,62756,10196,0,0,True,den520d-random-9.scen,380,True,opti
380,den520d.map,planner,1,74036,62756,399,399,64774,62756,10045,0,1,True,den520d-random-9.scen,380,True,opti
380,den520d.map,planner,1,73943,62756,401,399,64672,62756,10118,0,4,True,den520d-random-9.scen,380,True,opti
380,den520d.map,planner,1,74124,62756,399,399,64781,62756,10127,0,16,True,den520d-random-9.scen,380,True,opti
380,den520d.map,planner,1,74096,62756,403,399,64693,62756,10250,0,64,True,den520d-random-9.scen,380,True,opti
380,den520d.map,planner,1,74096,62756,403,399,64693,62756,10259,0,256,True,den520d-random-9.scen,380,True,opti
500,den520d.map,planner,1,100528,83540,401,401,86874,83540,10202,0,0,False,den520d-random-9.scen,500,True,
500,den520d.map,planner,1,100528,83540,401,401,86874,83540,10202,0,0,True,den520d-random-9.scen,500,True,opti
500,den520d.map,planner,1,98510,83540,401,401,86536,83540,10088,0,1,True,den520d-random-9.scen,500,True,opti
500,den520d.map,planner,1,99724,83540,401,401,86750,83540,10098,0,4,True,den520d-random-9.scen,500,True,opti
500,den520d.map,planner,1,98702,83540,402,401,86680,83540,10103,0,16,True,den520d-random-9.scen,500,True,opti
500,den520d.map,planner,1,98915,83540,403,401,86683,83540,10188,0,64,True,den520d-random-9.scen,500,True,opti
500,den520d.map,planner,1,98760,83540,402,401,86725,83540,10094,0,256,True,den520d-random-9.scen,500,True,opti
620,den520d.map,planner,1,130836,105828,403,401,111085,105828,10076,0,0,False,den520d-random-9.scen,620,True,
620,den520d.map,planner,1,130836,105828,403,401,111085,105828,10074,0,0,True,den520d-random-9.scen,620,True,opti
620,den520d.map,planner,1,130343,105828,402,401,110665,105828,10118,0,1,True,den520d-random-9.scen,620,True,opti
620,den520d.map,planner,1,131198,105828,401,401,110614,105828,10174,0,4,True,den520d-random-9.scen,620,True,opti
620,den520d.map,planner,1,130629,105828,401,401,110630,105828,10154,0,16,True,den520d-random-9.scen,620,True,opti
620,den520d.map,planner,1,129580,105828,403,401,110430,105828,10124,0,64,True,den520d-random-9.scen,620,True,opti
620,den520d.map,planner,1,129433,105828,409,401,110552,105828,10058,0,256,True,den520d-random-9.scen,620,True,opti
740,den520d.map,planner,1,159578,127079,401,401,134668,127079,10152,0,0,False,den520d-random-9.scen,740,True,
740,den520d.map,planner,1,159578,127079,401,401,134668,127079,10148,0,0,True,den520d-random-9.scen,740,True,opti
740,den520d.map,planner,1,159179,127079,404,401,134171,127079,10046,0,1,True,den520d-random-9.scen,740,True,opti
740,den520d.map,planner,1,159152,127079,402,401,133781,127079,10107,0,4,True,den520d-random-9.scen,740,True,opti
740,den520d.map,planner,1,159578,127079,405,401,133705,127079,10036,0,16,True,den520d-random-9.scen,740,True,opti
740,den520d.map,planner,1,158797,127079,403,401,133806,127079,10088,0,64,True,den520d-random-9.scen,740,True,opti
740,den520d.map,planner,1,160003,127079,401,401,134284,127079,10052,0,256,True,den520d-random-9.scen,740,True,opti
860,den520d.map,planner,1,190191,148862,401,401,159165,148862,10116,0,0,False,den520d-random-9.scen,860,True,
860,den520d.map,planner,1,189564,148862,401,401,159307,148862,10070,0,0,True,den520d-random-9.scen,860,True,opti
860,den520d.map,planner,1,190053,148862,417,401,158775,148862,10112,0,1,True,den520d-random-9.scen,860,True,opti
860,den520d.map,planner,1,190038,148862,402,401,158818,148862,10066,0,4,True,den520d-random-9.scen,860,True,opti
860,den520d.map,planner,1,188689,148862,402,401,158227,148862,10121,0,16,True,den520d-random-9.scen,860,True,opti
860,den520d.map,planner,1,188078,148862,403,401,158310,148862,10043,0,64,True,den520d-random-9.scen,860,True,opti
860,den520d.map,planner,1,189523,148862,401,401,158731,148862,10022,0,256,True,den520d-random-9.scen,860,True,opti
980,den520d.map,planner,1,223592,170103,419,419,182908,170103,10099,0,0,False,den520d-random-9.scen,980,True,
980,den520d.map,planner,1,224603,170103,421,419,184034,170103,10119,0,0,True,den520d-random-9.scen,980,True,opti
980,den520d.map,planner,1,223041,170103,419,419,182901,170103,10032,0,1,True,den520d-random-9.scen,980,True,opti
980,den520d.map,planner,1,223471,170103,419,419,183029,170103,10114,0,4,True,den520d-random-9.scen,980,True,opti
980,den520d.map,planner,1,223127,170103,421,419,182591,170103,10036,0,16,True,den520d-random-9.scen,980,True,opti
980,den520d.map,planner,1,224558,170103,419,419,182823,170103,10033,0,64,True,den520d-random-9.scen,980,True,opti
980,den520d.map,planner,1,220979,170103,420,419,182156,170103,10097,0,256,True,den520d-random-9.scen,980,True,opti
20,den520d.map,planner,1,4199,4194,341,341,4199,4194,10562,0,0,False,den520d-random-4.scen,20,True,
20,den520d.map,planner,1,4199,4194,341,341,4199,4194,10564,0,0,True,den520d-random-4.scen,20,True,opti
20,den520d.map,planner,1,4199,4194,341,341,4199,4194,10568,0,1,True,den520d-random-4.scen,20,True,opti
20,den520d.map,planner,1,4199,4194,341,341,4199,4194,10546,0,4,True,den520d-random-4.scen,20,True,opti
20,den520d.map,planner,1,4199,4194,341,341,4199,4194,10585,0,16,True,den520d-random-4.scen,20,True,opti
20,den520d.map,planner,1,4199,4194,341,341,4199,4194,10557,0,64,True,den520d-random-4.scen,20,True,opti
20,den520d.map,planner,1,4199,4194,341,341,4199,4194,10587,0,256,True,den520d-random-4.scen,20,True,opti
140,den520d.map,planner,1,25301,23047,369,367,23402,23047,10213,0,0,False,den520d-random-4.scen,140,True,
140,den520d.map,planner,1,25301,23047,369,367,23402,23047,10213,0,0,True,den520d-random-4.scen,140,True,opti
140,den520d.map,planner,1,25378,23047,369,367,23374,23047,10117,0,1,True,den520d-random-4.scen,140,True,opti
140,den520d.map,planner,1,25378,23047,369,367,23374,23047,10117,0,4,True,den520d-random-4.scen,140,True,opti
140,den520d.map,planner,1,25378,23047,369,367,23374,23047,10120,0,16,True,den520d-random-4.scen,140,True,opti
140,den520d.map,planner,1,25378,23047,369,367,23374,23047,10125,0,64,True,den520d-random-4.scen,140,True,opti
140,den520d.map,planner,1,25378,23047,369,367,23374,23047,10120,0,256,True,den520d-random-4.scen,140,True,opti
260,den520d.map,planner,1,47840,42651,414,411,43545,42651,10508,0,0,False,den520d-random-4.scen,260,True,
260,den520d.map,planner,1,47840,42651,414,411,43545,42651,10517,0,0,True,den520d-random-4.scen,260,True,opti
260,den520d.map,planner,1,47057,42651,413,411,43526,42651,10168,0,1,True,den520d-random-4.scen,260,True,opti
260,den520d.map,planner,1,47057,42651,413,411,43526,42651,10160,0,4,True,den520d-random-4.scen,260,True,opti
260,den520d.map,planner,1,47057,42651,413,411,43526,42651,10176,0,16,True,den520d-random-4.scen,260,True,opti
260,den520d.map,planner,1,47057,42651,413,411,43526,42651,10172,0,64,True,den520d-random-4.scen,260,True,opti
260,den520d.map,planner,1,47057,42651,413,411,43526,42651,10180,0,256,True,den520d-random-4.scen,260,True,opti
380,den520d.map,planner,1,74508,64230,413,411,66282,64230,10329,0,0,False,den520d-random-4.scen,380,True,
380,den520d.map,planner,1,74508,64230,413,411,66282,64230,10322,0,0,True,den520d-random-4.scen,380,True,opti
380,den520d.map,planner,1,74499,64230,412,411,66076,64230,10111,0,1,True,den520d-random-4.scen,380,True,opti
380,den520d.map,planner,1,74177,64230,413,411,66197,64230,10208,0,4,True,den520d-random-4.scen,380,True,opti
380,den520d.map,planner,1,74981,64230,413,411,66104,64230,10093,0,16,True,den520d-random-4.scen,380,True,opti
380,den520d.map,planner,1,74981,64230,413,411,66104,64230,10106,0,64,True,den520d-random-4.scen,380,True,opti
380,den520d.map,planner,1,74981,64230,413,411,66104,64230,10096,0,256,True,den520d-random-4.scen,380,True,opti
500,den520d.map,planner,1,102282,84321,413,411,87833,84321,10177,0,0,False,den520d-random-4.scen,500,True,
500,den520d.map,planner,1,102282,84321,413,411,87833,84321,10181,0,0,True,den520d-random-4.scen,500,True,opti
500,den520d.map,planner,1,101820,84321,413,411,87408,84321,10199,0,1,True,den520d-random-4.scen,500,True,opti
500,den520d.map,planner,1,100994,84321,412,411,87419,84321,10172,0,4,True,den520d-random-4.scen,500,True,opti
500,den520d.map,planner,1,101661,84321,415,411,87342,84321,10213,0,16,True,den520d-random-4.scen,500,True,opti
500,den520d.map,planner,1,100741,84321,412,411,87307,84321,10214,0,64,True,den520d-random-4.scen,500,True,opti
500,den520d.map,planner,1,101311,84321,411,411,87483,84321,10186,0,256,True,den520d-random-4.scen,500,True,opti
620,den520d.map,planner,1,129979,105888,413,411,110945,105888,10176,0,0,False,den520d-random-4.scen,620,True,
620,den520d.map,planner,1,129979,105888,413,411,110945,105888,10178,0,0,True,den520d-random-4.scen,620,True,opti
620,den520d.map,planner,1,129912,105888,413,411,110927,105888,10045,0,1,True,den520d-random-4.scen,620,True,opti
620,den520d.map,planner,1,130360,105888,413,411,110834,105888,10185,0,4,True,den520d-random-4.scen,620,True,opti
620,den520d.map,planner,1,130917,105888,415,411,111132,105888,10036,0,16,True,den520d-random-4.scen,620,True,opti
620,den520d.map,planner,1,130039,105888,411,411,111094,105888,10034,0,64,True,den520d-random-4.scen,620,True,opti
620,den520d.map,planner,1,129484,105888,411,411,110725,105888,10023,0,256,True,den520d-random-4.scen,620,True,opti
740,den520d.map,planner,1,162711,127460,411,411,135377,127460,10122,0,0,False,den520d-random-4.scen,740,True,
740,den520d.map,planner,1,162711,127460,411,411,135377,127460,10125,0,0,True,den520d-random-4.scen,740,True,opti
740,den520d.map,planner,1,160682,127460,411,411,134841,127460,10048,0,1,True,den520d-random-4.scen,740,True,opti
740,den520d.map,planner,1,161219,127460,416,411,134915,127460,10149,0,4,True,den520d-random-4.scen,740,True,opti
740,den520d.map,planner,1,161186,127460,417,411,134463,127460,10114,0,16,True,den520d-random-4.scen,740,True,opti
740,den520d.map,planner,1,160194,127460,413,411,134400,127460,10118,0,64,True,den520d-random-4.scen,740,True,opti
740,den520d.map,planner,1,161008,127460,415,411,134724,127460,10081,0,256,True,den520d-random-4.scen,740,True,opti
860,den520d.map,planner,1,194823,149246,412,411,160276,149246,10113,0,0,False,den520d-random-4.scen,860,True,
860,den520d.map,planner,1,194823,149246,412,411,160276,149246,10114,0,0,True,den520d-random-4.scen,860,True,opti
860,den520d.map,planner,1,195965,149246,413,411,160127,149246,10108,0,1,True,den520d-random-4.scen,860,True,opti
860,den520d.map,planner,1,193070,149246,412,411,159512,149246,10128,0,4,True,den520d-random-4.scen,860,True,opti
860,den520d.map,planner,1,193215,149246,413,411,160019,149246,10120,0,16,True,den520d-random-4.scen,860,True,opti
860,den520d.map,planner,1,194862,149246,417,411,159743,149246,10023,0,64,True,den520d-random-4.scen,860,True,opti
860,den520d.map,planner,1,194515,149246,414,411,159554,149246,10150,0,256,True,den520d-random-4.scen,860,True,opti
980,den520d.map,planner,1,228292,169305,411,411,184200,169305,10139,0,0,False,den520d-random-4.scen,980,True,
980,den520d.map,planner,1,228292,169305,411,411,184200,169305,10121,0,0,True,den520d-random-4.scen,980,True,opti
980,den520d.map,planner,1,229333,169305,413,411,183966,169305,10109,0,1,True,den520d-random-4.scen,980,True,opti
980,den520d.map,planner,1,228503,169305,412,411,183191,169305,10104,0,4,True,den520d-random-4.scen,980,True,opti
980,den520d.map,planner,1,227105,169305,411,411,183760,169305,10101,0,16,True,den520d-random-4.scen,980,True,opti
980,den520d.map,planner,1,225927,169305,413,411,182812,169305,10053,0,64,True,den520d-random-4.scen,980,True,opti
980,den520d.map,planner,1,227411,169305,411,411,183312,169305,10007,0,256,True,den520d-random-4.scen,980,True,opti
20,den520d.map,planner,1,3020,3019,325,325,3020,3019,10616,0,0,False,den520d-random-5.scen,20,True,
20,den520d.map,planner,1,3020,3019,325,325,3020,3019,10617,0,0,True,den520d-random-5.scen,20,True,opti
20,den520d.map,planner,1,3020,3019,325,325,3020,3019,10626,0,1,True,den520d-random-5.scen,20,True,opti
20,den520d.map,planner,1,3020,3019,325,325,3020,3019,10621,0,4,True,den520d-random-5.scen,20,True,opti
20,den520d.map,planner,1,3020,3019,325,325,3020,3019,10618,0,16,True,den520d-random-5.scen,20,True,opti
20,den520d.map,planner,1,3020,3019,325,325,3020,3019,10620,0,64,True,den520d-random-5.scen,20,True,opti
20,den520d.map,planner,1,3020,3019,325,325,3020,3019,10620,0,256,True,den520d-random-5.scen,20,True,opti
140,den520d.map,planner,1,26416,23483,361,361,23853,23483,11022,0,0,False,den520d-random-5.scen,140,True,
140,den520d.map,planner,1,26416,23483,361,361,23853,23483,10935,0,0,True,den520d-random-5.scen,140,True,opti
140,den520d.map,planner,1,26026,23483,363,361,23831,23483,10144,0,1,True,den520d-random-5.scen,140,True,opti
140,den520d.map,planner,1,26026,23483,363,361,23831,23483,10140,0,4,True,den520d-random-5.scen,140,True,opti
140,den520d.map,planner,1,26026,23483,363,361,23831,23483,10142,0,16,True,den520d-random-5.scen,140,True,opti
140,den520d.map,planner,1,26026,23483,363,361,23831,23483,10146,0,64,True,den520d-random-5.scen,140,True,opti
140,den520d.map,planner,1,26026,23483,363,361,23831,23483,10141,0,256,True,den520d-random-5.scen,140,True,opti
260,den520d.map,planner,1,49122,43547,385,383,44749,43547,10349,0,0,False,den520d-random-5.scen,260,True,
260,den520d.map,planner,1,49122,43547,385,383,44749,43547,10362,0,0,True,den520d-random-5.scen,260,True,opti
260,den520d.map,planner,1,50377,43547,383,383,44686,43547,10539,0,1,True,den520d-random-5.scen,260,True,opti
260,den520d.map,planner,1,50377,43547,383,383,44686,43547,10537,0,4,True,den520d-random-5.scen,260,True,opti
260,den520d.map,planner,1,50377,43547,383,383,44686,43547,10537,0,16,True,den520d-random-5.scen,260,True,opti
260,den520d.map,planner,1,50377,43547,383,383,44686,43547,10527,0,64,True,den520d-random-5.scen,260,True,opti
260,den520d.map,planner,1,50377,43547,383,383,44686,43547,10535,0,256,True,den520d-random-5.scen,260,True,opti
380,den520d.map,planner,1,76539,64514,383,383,66919,64514,10308,0,0,False,den520d-random-5.scen,380,True,
380,den520d.map,planner,1,76539,64514,383,383,66919,64514,10333,0,0,True,den520d-random-5.scen,380,True,opti
380,den520d.map,planner,1,75612,64514,386,383,66772,64514,10321,0,1,True,den520d-random-5.scen,380,True,opti
380,den520d.map,planner,1,75962,64514,385,383,66810,64514,10099,0,4,True,den520d-random-5.scen,380,True,opti
380,den520d.map,planner,1,75962,64514,385,383,66810,64514,10101,0,16,True,den520d-random-5.scen,380,True,opti
380,den520d.map,planner,1,75962,64514,385,383,66810,64514,10102,0,64,True,den520d-random-5.scen,380,True,opti
380,den520d.map,planner,1,75962,64514,385,383,66810,64514,10097,0,256,True,den520d-random-5.scen,380,True,opti
500,den520d.map,planner,1,106047,85369,392,392,89321,85369,10070,0,0,False,den520d-random-5.scen,500,True,
500,den520d.map,planner,1,106047,85369,392,392,89321,85369,10084,0,0,True,den520d-random-5.scen,500,True,opti
500,den520d.map,planner,1,104649,85369,394,392,89012,85369,10219,0,1,True,den520d-random-5.scen,500,True,opti
500,den520d.map,planner,1,104509,85369,394,392,89017,85369,10213,0,4,True,den520d-random-5.scen,500,True,opti
500,den520d.map,planner,1,103926,85369,394,392,88952,85369,10234,0,16,True,den520d-random-5.scen,500,True,opti
500,den520d.map,planner,1,104523,85369,394,392,88986,85369,10241,0,64,True,den520d-random-5.scen,500,True,opti
500,den520d.map,planner,1,104913,85369,394,392,89055,85369,10056,0,256,True,den520d-random-5.scen,500,True,opti
620,den520d.map,planner,1,134353,106705,392,392,112979,106705,10060,0,0,False,den520d-random-5.scen,620,True,
620,den520d.map,planner,1,134353,106705,392,392,112979,106705,10057,0,0,True,den520d-random-5.scen,620,True,opti
620,den520d.map,planner,1,133199,106705,392,392,112449,106705,10043,0,1,True,den520d-random-5.scen,620,True,opti
620,den520d.map,planner,1,132863,106705,392,392,112212,106705,10102,0,4,True,den520d-random-5.scen,620,True,opti
620,den520d.map,planner,1,133174,106705,393,392,112501,106705,10048,0,16,True,den520d-random-5.scen,620,True,opti
620,den520d.map,planner,1,133236,106705,394,392,112413,106705,10059,0,64,True,den520d-random-5.scen,620,True,opti
620,den520d.map,planner,1,134177,106705,392,392,112337,106705,10027,0,256,True,den520d-random-5.scen,620,True,opti
740,den520d.map,planner,1,160686,126534,392,392,134880,126534,10076,0,0,False,den520d-random-5.scen,740,True,
740,den520d.map,planner,1,160686,126534,392,392,134880,126534,10066,0,0,True,den520d-random-5.scen,740,True,opti
740,den520d.map,planner,1,161314,126534,392,392,134544,126534,10072,0,1,True,den520d-random-5.scen,740,True,opti
740,den520d.map,planner,1,161857,126534,392,392,134445,126534,10123,0,4,True,den520d-random-5.scen,740,True,opti
740,den520d.map,planner,1,161303,126534,393,392,134514,126534,10089,0,16,True,den520d-random-5.scen,740,True,opti
740,den520d.map,planner,1,161266,126534,392,392,134013,126534,10039,0,64,True,den520d-random-5.scen,740,True,opti
740,den520d.map,planner,1,160954,126534,392,392,134713,126534,10052,0,256,True,den520d-random-5.scen,740,True,opti
860,den520d.map,planner,1,192708,146696,396,393,158207,146696,10044,0,0,False,den520d-random-5.scen,860,True,
860,den520d.map,planner,1,192708,146696,396,393,158207,146696,10038,0,0,True,den520d-random-5.scen,860,True,opti
860,den520d.map,planner,1,188159,146696,405,393,157006,146696,10055,0,1,True,den520d-random-5.scen,860,True,opti
860,den520d.map,planner,1,189883,146696,395,393,157043,146696,10037,0,4,True,den520d-random-5.scen,860,True,opti
860,den520d.map,planner,1,190102,146696,394,393,156949,146696,10106,0,16,True,den520d-random-5.scen,860,True,opti
860,den520d.map,planner,1,190233,146696,399,393,157313,146696,10084,0,64,True,den520d-random-5.scen,860,True,opti
860,den520d.map,planner,1,190080,146696,394,393,156990,146696,10040,0,256,True,den520d-random-5.scen,860,True,opti
980,den520d.map,planner,1,224430,167516,394,393,182154,167516,10037,0,0,False,den520d-random-5.scen,980,True,
980,den520d.map,planner,1,224430,167516,394,393,182154,167516,10035,0,0,True,den520d-random-5.scen,980,True,opti
980,den520d.map,planner,1,220464,167516,394,393,181703,167516,10053,0,1,True,den520d-random-5.scen,980,True,opti
980,den520d.map,planner,1,221211,167516,398,393,181288,167516,10097,0,4,True,den520d-random-5.scen,980,True,opti
980,den520d.map,planner,1,219356,167516,394,393,180793,167516,10045,0,16,True,den520d-random-5.scen,980,True,opti
980,den520d.map,planner,1,221267,167516,395,393,181098,167516,10035,0,64,True,den520d-random-5.scen,980,True,opti
980,den520d.map,planner,1,220755,167516,400,393,180369,167516,10110,0,256,True,den520d-random-5.scen,980,True,opti
20,den520d.map,planner,1,3616,3611,336,336,3616,3611,10610,0,0,False,den520d-random-16.scen,20,True,
20,den520d.map,planner,1,3616,3611,336,336,3616,3611,10589,0,0,True,den520d-random-16.scen,20,True,opti
20,den520d.map,planner,1,3616,3611,336,336,3616,3611,10591,0,1,True,den520d-random-16.scen,20,True,opti
20,den520d.map,planner,1,3616,3611,336,336,3616,3611,10603,0,4,True,den520d-random-16.scen,20,True,opti
20,den520d.map,planner,1,3616,3611,336,336,3616,3611,10602,0,16,True,den520d-random-16.scen,20,True,opti
20,den520d.map,planner,1,3616,3611,336,336,3616,3611,10634,0,64,True,den520d-random-16.scen,20,True,opti
20,den520d.map,planner,1,3616,3611,336,336,3616,3611,10595,0,256,True,den520d-random-16.scen,20,True,opti
140,den520d.map,planner,1,26975,24153,418,416,24470,24153,10242,0,0,False,den520d-random-16.scen,140,True,
140,den520d.map,planner,1,26975,24153,418,416,24470,24153,10217,0,0,True,den520d-random-16.scen,140,True,opti
140,den520d.map,planner,1,27115,24153,416,416,24473,24153,10738,0,1,True,den520d-random-16.scen,140,True,opti
140,den520d.map,planner,1,27115,24153,416,416,24473,24153,10749,0,4,True,den520d-random-16.scen,140,True,opti
140,den520d.map,planner,1,27115,24153,416,416,24473,24153,10748,0,16,True,den520d-random-16.scen,140,True,opti
140,den520d.map,planner,1,27115,24153,416,416,24473,24153,10758,0,64,True,den520d-random-16.scen,140,True,opti
140,den520d.map,planner,1,27115,24153,416,416,24473,24153,10737,0,256,True,den520d-random-16.scen,140,True,opti
260,den520d.map,planner,1,51970,43920,416,416,44907,43920,10212,0,0,False,den520d-random-16.scen,260,True,
260,den520d.map,planner,1,51970,43920,416,416,44907,43920,10208,0,0,True,den520d-random-16.scen,260,True,opti
260,den520d.map,planner,1,50724,43920,416,416,44851,43920,10528,0,1,True,den520d-random-16.scen,260,True,opti
260,den520d.map,planner,1,50724,43920,416,416,44851,43920,10520,0,4,True,den520d-random-16.scen,260,True,opti
260,den520d.map,planner,1,50724,43920,416,416,44851,43920,10536,0,16,True,den520d-random-16.scen,260,True,opti
260,den520d.map,planner,1,50724,43920,416,416,44851,43920,10524,0,64,True,den520d-random-16.scen,260,True,opti
260,den520d.map,planner,1,50724,43920,416,416,44851,43920,10527,0,256,True,den520d-random-16.scen,260,True,opti
380,den520d.map,planner,1,79538,65401,418,416,67726,65401,10336,0,0,False,den520d-random-16.scen,380,True,
380,den520d.map,planner,1,79538,65401,418,416,67726,65401,10354,0,0,True,den520d-random-16.scen,380,True,opti
380,den520d.map,planner,1,80248,65401,416,416,67621,65401,10310,0,1,True,den520d-random-16.scen,380,True,opti
380,den520d.map,planner,1,79547,65401,418,416,67527,65401,10257,0,4,True,den520d-random-16.scen,380,True,opti
380,den520d.map,planner,1,79547,65401,418,416,67527,65401,10255,0,16,True,den520d-random-16.scen,380,True,opti
380,den520d.map,planner,1,79547,65401,418,416,67527,65401,10254,0,64,True,den520d-random-16.scen,380,True,opti
380,den520d.map,planner,1,79547,65401,418,416,67527,65401,10278,0,256,True,den520d-random-16.scen,380,True,opti
500,den520d.map,planner,1,104620,84051,418,416,87782,84051,10241,0,0,False,den520d-random-16.scen,500,True,
500,den520d.map,planner,1,104620,84051,418,416,87782,84051,10239,0,0,True,den520d-random-16.scen,500,True,opti
500,den520d.map,planner,1,105450,84051,416,416,87687,84051,10092,0,1,True,den520d-random-16.scen,500,True,opti
500,den520d.map,planner,1,104152,84051,418,416,87640,84051,10078,0,4,True,den520d-random-16.scen,500,True,opti
500,den520d.map,planner,1,103989,84051,418,416,87437,84051,10244,0,16,True,den520d-random-16.scen,500,True,opti
500,den520d.map,planner,1,104897,84051,416,416,87468,84051,10081,0,64,True,den520d-random-16.scen,500,True,opti
500,den520d.map,planner,1,104897,84051,416,416,87468,84051,10140,0,256,True,den520d-random-16.scen,500,True,opti
620,den520d.map,planner,1,134028,105515,418,416,111198,105515,10153,0,0,False,den520d-random-16.scen,620,True,
620,den520d.map,planner,1,134028,105515,418,416,111198,105515,10161,0,0,True,den520d-random-16.scen,620,True,opti
620,den520d.map,planner,1,134450,105515,416,416,110762,105515,10181,0,1,True,den520d-random-16.scen,620,True,opti
620,den520d.map,planner,1,133940,105515,418,416,110751,105515,10173,0,4,True,den520d-random-16.scen,620,True,opti
620,den520d.map,planner,1,134168,105515,417,416,110828,105515,10095,0,16,True,den520d-random-16.scen,620,True,opti
620,den520d.map,planner,1,133325,105515,418,416,110586,105515,10170,0,64,True,den520d-random-16.scen,620,True,opti
620,den520d.map,planner,1,133294,105515,416,416,110729,105515,10133,0,256,True,den520d-random-16.scen,620,True,opti
740,den520d.map,planner,1,168047,127609,418,416,135933,127609,10114,0,0,False,den520d-random-16.scen,740,True,
740,den520d.map,planner,1,167374,127609,417,416,135788,127609,10128,0,0,True,den520d-random-16.scen,740,True,opti
740,den520d.map,planner,1,166473,127609,416,416,135397,127609,10129,0,1,True,den520d-random-16.scen,740,True,opti
740,den520d.map,planner,1,166647,127609,416,416,135206,127609,10155,0,4,True,den520d-random-16.scen,740,True,opti
740,den520d.map,planner,1,164271,127609,416,416,135095,127609,10039,0,16,True,den520d-random-16.scen,740,True,opti
740,den520d.map,planner,1,165473,127609,416,416,135208,127609,10118,0,64,True,den520d-random-16.scen,740,True,opti
740,den520d.map,planner,1,165699,127609,418,416,135200,127609,10019,0,256,True,den520d-random-16.scen,740,True,opti
860,den520d.map,planner,1,197413,149728,418,416,160691,149728,10098,0,0,False,den520d-random-16.scen,860,True,
860,den520d.map,planner,1,199748,149728,416,416,161245,149728,10124,0,0,True,den520d-random-16.scen,860,True,opti
860,den520d.map,planner,1,196798,149728,416,416,160391,149728,10143,0,1,True,den520d-random-16.scen,860,True,opti
860,den520d.map,planner,1,197655,149728,418,416,160030,149728,10105,0,4,True,den520d-random-16.scen,860,True,opti
860,den520d.map,planner,1,198724,149728,416,416,160763,149728,10037,0,16,True,den520d-random-16.scen,860,True,opti
860,den520d.map,planner,1,197567,149728,416,416,160180,149728,10022,0,64,True,den520d-random-16.scen,860,True,opti
860,den520d.map,planner,1,198188,149728,416,416,160351,149728,10058,0,256,True,den520d-random-16.scen,860,True,opti
980,den520d.map,planner,1,230796,169217,417,416,184365,169217,10088,0,0,False,den520d-random-16.scen,980,True,
980,den520d.map,planner,1,231319,169217,416,416,184498,169217,10114,0,0,True,den520d-random-16.scen,980,True,opti
980,den520d.map,planner,1,228560,169217,418,416,183484,169217,10102,0,1,True,den520d-random-16.scen,980,True,opti
980,den520d.map,planner,1,227835,169217,418,416,182901,169217,10035,0,4,True,den520d-random-16.scen,980,True,opti
980,den520d.map,planner,1,229204,169217,416,416,183246,169217,10114,0,16,True,den520d-random-16.scen,980,True,opti
980,den520d.map,planner,1,227882,169217,420,416,182939,169217,10023,0,64,True,den520d-random-16.scen,980,True,opti
980,den520d.map,planner,1,228294,169217,416,416,182809,169217,10018,0,256,True,den520d-random-16.scen,980,True,opti
20,den520d.map,planner,1,2907,2907,293,293,2907,2907,497,0,0,False,den520d-random-14.scen,20,True,
20,den520d.map,planner,1,2907,2907,293,293,2907,2907,491,0,0,True,den520d-random-14.scen,20,True,opti
20,den520d.map,planner,1,2907,2907,293,293,2907,2907,543,0,1,True,den520d-random-14.scen,20,True,opti
20,den520d.map,planner,1,2907,2907,293,293,2907,2907,492,0,4,True,den520d-random-14.scen,20,True,opti
20,den520d.map,planner,1,2907,2907,293,293,2907,2907,478,0,16,True,den520d-random-14.scen,20,True,opti
20,den520d.map,planner,1,2907,2907,293,293,2907,2907,491,0,64,True,den520d-random-14.scen,20,True,opti
20,den520d.map,planner,1,2907,2907,293,293,2907,2907,496,0,256,True,den520d-random-14.scen,20,True,opti
140,den520d.map,planner,1,24754,22423,373,373,22810,22423,10948,0,0,False,den520d-random-14.scen,140,True,
140,den520d.map,planner,1,24754,22423,373,373,22810,22423,10874,0,0,True,den520d-random-14.scen,140,True,opti
140,den520d.map,planner,1,24909,22423,375,373,22824,22423,10994,0,1,True,den520d-random-14.scen,140,True,opti
140,den520d.map,planner,1,24909,22423,375,373,22824,22423,11002,0,4,True,den520d-random-14.scen,140,True,opti
140,den520d.map,planner,1,24909,22423,375,373,22824,22423,11037,0,16,True,den520d-random-14.scen,140,True,opti
140,den520d.map,planner,1,24909,22423,375,373,22824,22423,11004,0,64,True,den520d-random-14.scen,140,True,opti
140,den520d.map,planner,1,24909,22423,375,373,22824,22423,10996,0,256,True,den520d-random-14.scen,140,True,opti
260,den520d.map,planner,1,49057,42548,376,376,43658,42548,10524,0,0,False,den520d-random-14.scen,260,True,
260,den520d.map,planner,1,49057,42548,376,376,43658,42548,10518,0,0,True,den520d-random-14.scen,260,True,opti
260,den520d.map,planner,1,49141,42548,376,376,43633,42548,10536,0,1,True,den520d-random-14.scen,260,True,opti
260,den520d.map,planner,1,49141,42548,376,376,43633,42548,10531,0,4,True,den520d-random-14.scen,260,True,opti
260,den520d.map,planner,1,49141,42548,376,376,43633,42548,10534,0,16,True,den520d-random-14.scen,260,True,opti
260,den520d.map,planner,1,49141,42548,376,376,43633,42548,10524,0,64,True,den520d-random-14.scen,260,True,opti
260,den520d.map,planner,1,49141,42548,376,376,43633,42548,10533,0,256,True,den520d-random-14.scen,260,True,opti
380,den520d.map,planner,1,75954,63342,376,376,65600,63342,10319,0,0,False,den520d-random-14.scen,380,True,
380,den520d.map,planner,1,76561,63342,376,376,65637,63342,10173,0,0,True,den520d-random-14.scen,380,True,opti
380,den520d.map,planner,1,75474,63342,376,376,65585,63342,10270,0,1,True,den520d-random-14.scen,380,True,opti
380,den520d.map,planner,1,76447,63342,376,376,65572,63342,10321,0,4,True,den520d-random-14.scen,380,True,opti
380,den520d.map,planner,1,75931,63342,376,376,65640,63342,10348,0,16,True,den520d-random-14.scen,380,True,opti
380,den520d.map,planner,1,76342,63342,376,376,65563,63342,10146,0,64,True,den520d-random-14.scen,380,True,opti
380,den520d.map,planner,1,76342,63342,376,376,65563,63342,10145,0,256,True,den520d-random-14.scen,380,True,opti
500,den520d.map,planner,1,104989,84935,379,379,88889,84935,10244,0,0,False,den520d-random-14.scen,500,True,
500,den520d.map,planner,1,104372,84935,379,379,88901,84935,10042,0,0,True,den520d-random-14.scen,500,True,opti
500,den520d.map,planner,1,105076,84935,379,379,88792,84935,10088,0,1,True,den520d-random-14.scen,500,True,opti
500,den520d.map,planner,1,103979,84935,381,379,88577,84935,10121,0,4,True,den520d-random-14.scen,500,True,opti
500,den520d.map,planner,1,103854,84935,381,379,88540,84935,10198,0,16,True,den520d-random-14.scen,500,True,opti
500,den520d.map,planner,1,103672,84935,381,379,88575,84935,10183,0,64,True,den520d-random-14.scen,500,True,opti
500,den520d.map,planner,1,104282,84935,381,379,88645,84935,10131,0,256,True,den520d-random-14.scen,500,True,opti
620,den520d.map,planner,1,132982,105901,381,379,111632,105901,10038,0,0,False,den520d-random-14.scen,620,True,
620,den520d.map,planner,1,133484,105901,381,379,111734,105901,10170,0,0,True,den520d-random-14.scen,620,True,opti
620,den520d.map,planner,1,133174,105901,379,379,111554,105901,10191,0,1,True,den520d-random-14.scen,620,True,opti
620,den520d.map,planner,1,132658,105901,379,379,111536,105901,10175,0,4,True,den520d-random-14.scen,620,True,opti
620,den520d.map,planner,1,132485,105901,379,379,111235,105901,10162,0,16,True,den520d-random-14.scen,620,True,opti
620,den520d.map,planner,1,132988,105901,380,379,111398,105901,10131,0,64,True,den520d-random-14.scen,620,True,opti
620,den520d.map,planner,1,133367,105901,379,379,111524,105901,10078,0,256,True,den520d-random-14.scen,620,True,opti
740,den520d.map,planner,1,161158,124911,379,379,132841,124911,10132,0,0,False,den520d-random-14.scen,740,True,
740,den520d.map,planner,1,161158,124911,379,379,132841,124911,10122,0,0,True,den520d-random-14.scen,740,True,opti
740,den520d.map,planner,1,161223,124911,379,379,132869,124911,10099,0,1,True,den520d-random-14.scen,740,True,opti
740,den520d.map,planner,1,160009,124911,381,379,132504,124911,10144,0,4,True,den520d-random-14.scen,740,True,opti
740,den520d.map,planner,1,161460,124911,379,379,132378,124911,10146,0,16,True,den520d-random-14.scen,740,True,opti
740,den520d.map,planner,1,161752,124911,381,379,132845,124911,10148,0,64,True,den520d-random-14.scen,740,True,opti
740,den520d.map,planner,1,160463,124911,383,379,132443,124911,10020,0,256,True,den520d-random-14.scen,740,True,opti
860,den520d.map,planner,1,193247,145758,384,379,157311,145758,10105,0,0,False,den520d-random-14.scen,860,True,
860,den520d.map,planner,1,193189,145758,381,379,156875,145758,10049,0,0,True,den520d-random-14.scen,860,True,opti
860,den520d.map,planner,1,191999,145758,383,379,156070,145758,10094,0,1,True,den520d-random-14.scen,860,True,opti
860,den520d.map,planner,1,192472,145758,391,379,156637,145758,10031,0,4,True,den520d-random-14.scen,860,True,opti
860,den520d.map,planner,1,192466,145758,399,379,156582,145758,10109,0,16,True,den520d-random-14.scen,860,True,opti
860,den520d.map,planner,1,192845,145758,380,379,155902,145758,10076,0,64,True,den520d-random-14.scen,860,True,opti
860,den520d.map,planner,1,192934,145758,382,379,156293,145758,10024,0,256,True,den520d-random-14.scen,860,True,opti
980,den520d.map,planner,1,225639,166685,413,412,181896,166685,10040,0,0,False,den520d-random-14.scen,980,True,
980,den520d.map,planner,1,226140,166685,412,412,181622,166685,10094,0,0,True,den520d-random-14.scen,980,True,opti
980,den520d.map,planner,1,224685,166685,414,412,181695,166685,10097,0,1,True,den520d-random-14.scen,980,True,opti
980,den520d.map,planner,1,223921,166685,414,412,180892,166685,10072,0,4,True,den520d-random-14.scen,980,True,opti
980,den520d.map,planner,1,223868,166685,414,412,180950,166685,10099,0,16,True,den520d-random-14.scen,980,True,opti
980,den520d.map,planner,1,224113,166685,414,412,180981,166685,10040,0,64,True,den520d-random-14.scen,980,True,opti
980,den520d.map,planner,1,222582,166685,412,412,180511,166685,10048,0,256,True,den520d-random-14.scen,980,True,opti
20,den520d.map,planner,1,3788,3784,322,320,3788,3784,10883,0,0,False,den520d-random-25.scen,20,True,
20,den520d.map,planner,1,3788,3784,322,320,3788,3784,10878,0,0,True,den520d-random-25.scen,20,True,opti
20,den520d.map,planner,1,3788,3784,322,320,3788,3784,10940,0,1,True,den520d-random-25.scen,20,True,opti
20,den520d.map,planner,1,3788,3784,322,320,3788,3784,10915,0,4,True,den520d-random-25.scen,20,True,opti
20,den520d.map,planner,1,3788,3784,322,320,3788,3784,10899,0,16,True,den520d-random-25.scen,20,True,opti
20,den520d.map,planner,1,3788,3784,322,320,3788,3784,10907,0,64,True,den520d-random-25.scen,20,True,opti
20,den520d.map,planner,1,3788,3784,322,320,3788,3784,10915,0,256,True,den520d-random-25.scen,20,True,opti
140,den520d.map,planner,1,29337,26673,403,403,26990,26673,10996,0,0,False,den520d-random-25.scen,140,True,
140,den520d.map,planner,1,29337,26673,403,403,26990,26673,10991,0,0,True,den520d-random-25.scen,140,True,opti
140,den520d.map,planner,1,29251,26673,405,403,26974,26673,10966,0,1,True,den520d-random-25.scen,140,True,opti
140,den520d.map,planner,1,29251,26673,405,403,26974,26673,10957,0,4,True,den520d-random-25.scen,140,True,opti
140,den520d.map,planner,1,29251,26673,405,403,26974,26673,10962,0,16,True,den520d-random-25.scen,140,True,opti
140,den520d.map,planner,1,29251,26673,405,403,26974,26673,10962,0,64,True,den520d-random-25.scen,140,True,opti
140,den520d.map,planner,1,29251,26673,405,403,26974,26673,10993,0,256,True,den520d-random-25.scen,140,True,opti
260,den520d.map,planner,1,53800,46887,403,403,47977,46887,10552,0,0,False,den520d-random-25.scen,260,True,
260,den520d.map,planner,1,53800,46887,403,403,47977,46887,10543,0,0,True,den520d-random-25.scen,260,True,opti
260,den520d.map,planner,1,52619,46887,405,403,47915,46887,10084,0,1,True,den520d-random-25.scen,260,True,opti
260,den520d.map,planner,1,52619,46887,405,403,47915,46887,10084,0,4,True,den520d-random-25.scen,260,True,opti
260,den520d.map,planner,1,52619,46887,405,403,47915,46887,10079,0,16,True,den520d-random-25.scen,260,True,opti
260,den520d.map,planner,1,52619,46887,405,403,47915,46887,10084,0,64,True,den520d-random-25.scen,260,True,opti
260,den520d.map,planner,1,52619,46887,405,403,47915,46887,10081,0,256,True,den520d-random-25.scen,260,True,opti
380,den520d.map,planner,1,79891,66761,403,403,69012,66761,10332,0,0,False,den520d-random-25.scen,380,True,
380,den520d.map,planner,1,79891,66761,403,403,69012,66761,10342,0,0,True,den520d-random-25.scen,380,True,opti
380,den520d.map,planner,1,79262,66761,403,403,68829,66761,10317,0,1,True,den520d-random-25.scen,380,True,opti
380,den520d.map,planner,1,79601,66761,403,403,68843,66761,10147,0,4,True,den520d-random-25.scen,380,True,opti
380,den520d.map,planner,1,78943,66761,403,403,68771,66761,10111,0,16,True,den520d-random-25.scen,380,True,opti
380,den520d.map,planner,1,78943,66761,403,403,68771,66761,10086,0,64,True,den520d-random-25.scen,380,True,opti
380,den520d.map,planner,1,78943,66761,403,403,68771,66761,10114,0,256,True,den520d-random-25.scen,380,True,opti
500,den520d.map,planner,1,109817,88706,403,403,92336,88706,10184,0,0,False,den520d-random-25.scen,500,True,
500,den520d.map,planner,1,109817,88706,403,403,92336,88706,10202,0,0,True,den520d-random-25.scen,500,True,opti
500,den520d.map,planner,1,107927,88706,403,403,92248,88706,10179,0,1,True,den520d-random-25.scen,500,True,opti
500,den520d.map,planner,1,109485,88706,405,403,92240,88706,10235,0,4,True,den520d-random-25.scen,500,True,opti
500,den520d.map,planner,1,108841,88706,403,403,92130,88706,10220,0,16,True,den520d-random-25.scen,500,True,opti
500,den520d.map,planner,1,109105,88706,403,403,92208,88706,10170,0,64,True,den520d-random-25.scen,500,True,opti
500,den520d.map,planner,1,108726,88706,403,403,92216,88706,10202,0,256,True,den520d-random-25.scen,500,True,opti
620,den520d.map,planner,1,137152,108372,403,403,113924,108372,10174,0,0,False,den520d-random-25.scen,620,True,
620,den520d.map,planner,1,137152,108372,403,403,113924,108372,10181,0,0,True,den520d-random-25.scen,620,True,opti
620,den520d.map,planner,1,138450,108372,403,403,113622,108372,10175,0,1,True,den520d-random-25.scen,620,True,opti
620,den520d.map,planner,1,136073,108372,405,403,113577,108372,10180,0,4,True,den520d-random-25.scen,620,True,opti
620,den520d.map,planner,1,136627,108372,405,403,113696,108372,10194,0,16,True,den520d-random-25.scen,620,True,opti
620,den520d.map,planner,1,135579,108372,403,403,113633,108372,10165,0,64,True,den520d-random-25.scen,620,True,opti
620,den520d.map,planner,1,136968,108372,405,403,113508,108372,10028,0,256,True,den520d-random-25.scen,620,True,opti
740,den520d.map,planner,1,165453,126843,403,403,134648,126843,10128,0,0,False,den520d-random-25.scen,740,True,
740,den520d.map,planner,1,165453,126843,403,403,134648,126843,10141,0,0,True,den520d-random-25.scen,740,True,opti
740,den520d.map,planner,1,164721,126843,405,403,134357,126843,10128,0,1,True,den520d-random-25.scen,740,True,opti
740,den520d.map,planner,1,164514,126843,403,403,134224,126843,10161,0,4,True,den520d-random-25.scen,740,True,opti
740,den520d.map,planner,1,164247,126843,404,403,134327,126843,10117,0,16,True,den520d-random-25.scen,740,True,opti
740,den520d.map,planner,1,163019,126843,405,403,133975,126843,10101,0,64,True,den520d-random-25.scen,740,True,opti
740,den520d.map,planner,1,164107,126843,405,403,134014,126843,10041,0,256,True,den520d-random-25.scen,740,True,opti
860,den520d.map,planner,1,196710,147403,409,409,158634,147403,10114,0,0,False,den520d-random-25.scen,860,True,
860,den520d.map,planner,1,196710,147403,409,409,158634,147403,10114,0,0,True,den520d-random-25.scen,860,True,opti
860,den520d.map,planner,1,196281,147403,413,409,157916,147403,10042,0,1,True,den520d-random-25.scen,860,True,opti
860,den520d.map,planner,1,194833,147403,409,409,157557,147403,10132,0,4,True,den520d-random-25.scen,860,True,opti
860,den520d.map,planner,1,195584,147403,409,409,157795,147403,10063,0,16,True,den520d-random-25.scen,860,True,opti
860,den520d.map,planner,1,194058,147403,412,409,157191,147403,10048,0,64,True,den520d-random-25.scen,860,True,opti
860,den520d.map,planner,1,195370,147403,411,409,157666,147403,10012,0,256,True,den520d-random-25.scen,860,True,opti
980,den520d.map,planner,1,229153,168381,409,409,183417,168381,10113,0,0,False,den520d-random-25.scen,980,True,
980,den520d.map,planner,1,229134,168381,411,409,183396,168381,10097,0,0,True,den520d-random-25.scen,980,True,opti
980,den520d.map,planner,1,228800,168381,409,409,182641,168381,10088,0,1,True,den520d-random-25.scen,980,True,opti
980,den520d.map,planner,1,229858,168381,409,409,182626,168381,10094,0,4,True,den520d-random-25.scen,980,True,opti
980,den520d.map,planner,1,229481,168381,412,409,182604,168381,10103,0,16,True,den520d-random-25.scen,980,True,opti
980,den520d.map,planner,1,229151,168381,413,409,182546,168381,10052,0,64,True,den520d-random-25.scen,980,True,opti
980,den520d.map,planner,1,228638,168381,411,409,182386,168381,10006,0,256,True,den520d-random-25.scen,980,True,opti
20,den520d.map,planner,1,2981,2981,319,319,2981,2981,7,0,0,False,den520d-random-6.scen,20,True,
20,den520d.map,planner,1,2981,2981,319,319,2981,2981,7,0,0,True,den520d-random-6.scen,20,True,opti
20,den520d.map,planner,1,2981,2981,319,319,2981,2981,7,0,1,True,den520d-random-6.scen,20,True,opti
20,den520d.map,planner,1,2981,2981,319,319,2981,2981,7,0,4,True,den520d-random-6.scen,20,True,opti
20,den520d.map,planner,1,2981,2981,319,319,2981,2981,7,0,16,True,den520d-random-6.scen,20,True,opti
20,den520d.map,planner,1,2981,2981,319,319,2981,2981,10,0,64,True,den520d-random-6.scen,20,True,opti
20,den520d.map,planner,1,2981,2981,319,319,2981,2981,7,0,256,True,den520d-random-6.scen,20,True,opti
140,den520d.map,planner,1,26094,24577,372,371,24955,24577,10283,0,0,False,den520d-random-6.scen,140,True,
140,den520d.map,planner,1,26094,24577,372,371,24955,24577,10290,0,0,True,den520d-random-6.scen,140,True,opti
140,den520d.map,planner,1,26384,24577,371,371,24997,24577,10995,0,1,True,den520d-random-6.scen,140,True,opti
140,den520d.map,planner,1,26384,24577,371,371,24997,24577,10985,0,4,True,den520d-random-6.scen,140,True,opti
140,den520d.map,planner,1,26384,24577,371,371,24997,24577,10965,0,16,True,den520d-random-6.scen,140,True,opti
140,den520d.map,planner,1,26384,24577,371,371,24997,24577,10972,0,64,True,den520d-random-6.scen,140,True,opti
140,den520d.map,planner,1,26384,24577,371,371,24997,24577,10995,0,256,True,den520d-random-6.scen,140,True,opti
260,den520d.map,planner,1,51265,45531,385,385,46693,45531,10525,0,0,False,den520d-random-6.scen,260,True,
260,den520d.map,planner,1,51265,45531,385,385,46693,45531,10512,0,0,True,den520d-random-6.scen,260,True,opti
260,den520d.map,planner,1,51993,45531,388,385,46695,45531,10425,0,1,True,den520d-random-6.scen,260,True,opti
260,den520d.map,planner,1,51890,45531,385,385,46597,45531,10374,0,4,True,den520d-random-6.scen,260,True,opti
260,den520d.map,planner,1,51890,45531,385,385,46597,45531,10374,0,16,True,den520d-random-6.scen,260,True,opti
260,den520d.map,planner,1,51890,45531,385,385,46597,45531,10361,0,64,True,den520d-random-6.scen,260,True,opti
260,den520d.map,planner,1,51890,45531,385,385,46597,45531,10360,0,256,True,den520d-random-6.scen,260,True,opti
380,den520d.map,planner,1,75712,65137,385,385,67612,65137,10217,0,0,False,den520d-random-6.scen,380,True,
380,den520d.map,planner,1,77130,65137,385,385,67649,65137,10309,0,0,True,den520d-random-6.scen,380,True,opti
380,den520d.map,planner,1,77168,65137,385,385,67415,65137,10334,0,1,True,den520d-random-6.scen,380,True,opti
380,den520d.map,planner,1,76516,65137,385,385,67288,65137,10317,0,4,True,den520d-random-6.scen,380,True,opti
380,den520d.map,planner,1,76020,65137,387,385,67396,65137,10221,0,16,True,den520d-random-6.scen,380,True,opti
380,den520d.map,planner,1,76104,65137,387,385,67435,65137,10306,0,64,True,den520d-random-6.scen,380,True,opti
380,den520d.map,planner,1,76159,65137,385,385,67315,65137,10286,0,256,True,den520d-random-6.scen,380,True,opti
500,den520d.map,planner,1,105258,86415,385,385,90425,86415,10212,0,0,False,den520d-random-6.scen,500,True,
500,den520d.map,planner,1,105058,86415,385,385,90431,86415,10229,0,0,True,den520d-random-6.scen,500,True,opti
500,den520d.map,planner,1,104274,86415,385,385,90079,86415,10183,0,1,True,den520d-random-6.scen,500,True,opti
500,den520d.map,planner,1,104604,86415,387,385,89886,86415,10166,0,4,True,den520d-random-6.scen,500,True,opti
500,den520d.map,planner,1,104143,86415,385,385,89990,86415,10228,0,16,True,den520d-random-6.scen,500,True,opti
500,den520d.map,planner,1,104727,86415,387,385,89966,86415,10185,0,64,True,den520d-random-6.scen,500,True,opti
500,den520d.map,planner,1,105052,86415,387,385,89928,86415,10040,0,256,True,den520d-random-6.scen,500,True,opti
620,den520d.map,planner,1,133031,105256,386,385,111216,105256,10064,0,0,False,den520d-random-6.scen,620,True,
620,den520d.map,planner,1,132537,105256,385,385,111060,105256,10157,0,0,True,den520d-random-6.scen,620,True,opti
620,den520d.map,planner,1,133055,105256,385,385,111013,105256,10115,0,1,True,den520d-random-6.scen,620,True,opti
620,den520d.map,planner,1,131700,105256,385,385,111140,105256,10028,0,4,True,den520d-random-6.scen,620,True,opti
620,den520d.map,planner,1,132446,105256,386,385,110735,105256,10144,0,16,True,den520d-random-6.scen,620,True,opti
620,den520d.map,planner,1,131759,105256,385,385,110691,105256,10131,0,64,True,den520d-random-6.scen,620,True,opti
620,den520d.map,planner,1,133100,105256,385,385,111044,105256,10023,0,256,True,den520d-random-6.scen,620,True,opti
740,den520d.map,planner,1,163651,127354,385,385,135965,127354,10125,0,0,False,den520d-random-6.scen,740,True,
740,den520d.map,planner,1,163251,127354,387,385,135888,127354,10092,0,0,True,den520d-random-6.scen,740,True,opti
740,den520d.map,planner,1,164129,127354,385,385,135572,127354,10045,0,1,True,den520d-random-6.scen,740,True,opti
740,den520d.map,planner,1,162928,127354,387,385,135329,127354,10146,0,4,True,den520d-random-6.scen,740,True,opti
740,den520d.map,planner,1,164104,127354,385,385,135544,127354,10102,0,16,True,den520d-random-6.scen,740,True,opti
740,den520d.map,planner,1,163134,127354,388,385,135338,127354,10033,0,64,True,den520d-random-6.scen,740,True,opti
740,den520d.map,planner,1,162840,127354,385,385,135524,127354,10082,0,256,True,den520d-random-6.scen,740,True,opti
860,den520d.map,planner,1,194482,147395,385,385,158793,147395,10120,0,0,False,den520d-random-6.scen,860,True,
860,den520d.map,planner,1,196181,147395,387,385,158935,147395,10097,0,0,True,den520d-random-6.scen,860,True,opti
860,den520d.map,planner,1,193647,147395,385,385,158610,147395,10031,0,1,True,den520d-random-6.scen,860,True,opti
860,den520d.map,planner,1,193790,147395,387,385,158058,147395,10032,0,4,True,den520d-random-6.scen,860,True,opti
860,den520d.map,planner,1,195435,147395,391,385,158667,147395,10038,0,16,True,den520d-random-6.scen,860,True,opti
860,den520d.map,planner,1,194980,147395,387,385,157954,147395,10042,0,64,True,den520d-random-6.scen,860,True,opti
860,den520d.map,planner,1,195104,147395,385,385,158549,147395,10012,0,256,True,den520d-random-6.scen,860,True,opti
980,den520d.map,planner,1,225979,167657,391,385,183188,167657,10038,0,0,False,den520d-random-6.scen,980,True,
980,den520d.map,planner,1,225280,167657,387,385,183146,167657,10042,0,0,True,den520d-random-6.scen,980,True,opti
980,den520d.map,planner,1,226296,167657,390,385,182747,167657,10122,0,1,True,den520d-random-6.scen,980,True,opti
980,den520d.map,planner,1,225081,167657,386,385,182761,167657,10054,0,4,True,den520d-random-6.scen,980,True,opti
980,den520d.map,planner,1,226480,167657,394,385,182515,167657,10101,0,16,True,den520d-random-6.scen,980,True,opti
980,den520d.map,planner,1,225061,167657,391,385,182426,167657,10036,0,64,True,den520d-random-6.scen,980,True,opti
980,den520d.map,planner,1,226462,167657,402,385,182719,167657,10031,0,256,True,den520d-random-6.scen,980,True,opti
20,den520d.map,planner,1,2628,2528,326,326,2533,2528,10814,0,0,False,den520d-random-8.scen,20,True,
20,den520d.map,planner,1,2628,2528,326,326,2533,2528,10783,0,0,True,den520d-random-8.scen,20,True,opti
20,den520d.map,planner,1,2628,2528,326,326,2533,2528,10812,0,1,True,den520d-random-8.scen,20,True,opti
20,den520d.map,planner,1,2628,2528,326,326,2533,2528,10777,0,4,True,den520d-random-8.scen,20,True,opti
20,den520d.map,planner,1,2628,2528,326,326,2533,2528,10810,0,16,True,den520d-random-8.scen,20,True,opti
20,den520d.map,planner,1,2628,2528,326,326,2533,2528,10815,0,64,True,den520d-random-8.scen,20,True,opti
20,den520d.map,planner,1,2628,2528,326,326,2533,2528,10828,0,256,True,den520d-random-8.scen,20,True,opti
140,den520d.map,planner,1,26010,23180,370,370,23531,23180,10087,0,0,False,den520d-random-8.scen,140,True,
140,den520d.map,planner,1,26010,23180,370,370,23531,23180,10092,0,0,True,den520d-random-8.scen,140,True,opti
140,den520d.map,planner,1,25999,23180,370,370,23557,23180,10046,0,1,True,den520d-random-8.scen,140,True,opti
140,den520d.map,planner,1,25999,23180,370,370,23557,23180,10048,0,4,True,den520d-random-8.scen,140,True,opti
140,den520d.map,planner,1,25999,23180,370,370,23557,23180,10045,0,16,True,den520d-random-8.scen,140,True,opti
140,den520d.map,planner,1,25999,23180,370,370,23557,23180,10044,0,64,True,den520d-random-8.scen,140,True,opti
140,den520d.map,planner,1,25999,23180,370,370,23557,23180,10050,0,256,True,den520d-random-8.scen,140,True,opti
260,den520d.map,planner,1,51422,45075,370,370,46246,45075,10067,0,0,False,den520d-random-8.scen,260,True,
260,den520d.map,planner,1,51422,45075,370,370,46246,45075,10067,0,0,True,den520d-random-8.scen,260,True,opti
260,den520d.map,planner,1,51777,45075,372,370,46261,45075,10295,0,1,True,den520d-random-8.scen,260,True,opti
260,den520d.map,planner,1,51777,45075,372,370,46261,45075,10314,0,4,True,den520d-random-8.scen,260,True,opti
260,den520d.map,planner,1,51777,45075,372,370,46261,45075,10320,0,16,True,den520d-random-8.scen,260,True,opti
260,den520d.map,planner,1,51777,45075,372,370,46261,45075,10303,0,64,True,den520d-random-8.scen,260,True,opti
260,den520d.map,planner,1,51777,45075,372,370,46261,45075,10294,0,256,True,den520d-random-8.scen,260,True,opti
380,den520d.map,planner,1,78705,65940,379,379,68337,65940,10211,0,0,False,den520d-random-8.scen,380,True,
380,den520d.map,planner,1,78705,65940,379,379,68337,65940,10216,0,0,True,den520d-random-8.scen,380,True,opti
380,den520d.map,planner,1,77423,65940,381,379,67995,65940,10047,0,1,True,den520d-random-8.scen,380,True,opti
380,den520d.map,planner,1,77673,65940,380,379,68051,65940,10177,0,4,True,den520d-random-8.scen,380,True,opti
380,den520d.map,planner,1,77967,65940,381,379,68103,65940,10074,0,16,True,den520d-random-8.scen,380,True,opti
380,den520d.map,planner,1,77887,65940,382,379,68054,65940,10306,0,64,True,den520d-random-8.scen,380,True,opti
380,den520d.map,planner,1,77985,65940,381,379,68095,65940,10252,0,256,True,den520d-random-8.scen,380,True,opti
500,den520d.map,planner,1,105328,86994,379,379,90652,86994,10208,0,0,False,den520d-random-8.scen,500,True,
500,den520d.map,planner,1,105328,86994,379,379,90652,86994,10203,0,0,True,den520d-random-8.scen,500,True,opti
500,den520d.map,planner,1,104804,86994,379,379,90644,86994,10143,0,1,True,den520d-random-8.scen,500,True,opti
500,den520d.map,planner,1,105175,86994,379,379,90612,86994,10261,0,4,True,den520d-random-8.scen,500,True,opti
500,den520d.map,planner,1,104782,86994,381,379,90575,86994,10073,0,16,True,den520d-random-8.scen,500,True,opti
500,den520d.map,planner,1,104847,86994,379,379,90625,86994,10187,0,64,True,den520d-random-8.scen,500,True,opti
500,den520d.map,planner,1,105030,86994,379,379,90561,86994,10055,0,256,True,den520d-random-8.scen,500,True,opti
620,den520d.map,planner,1,135396,108184,390,390,114181,108184,10188,0,0,False,den520d-random-8.scen,620,True,
620,den520d.map,planner,1,136255,108184,390,390,114193,108184,10135,0,0,True,den520d-random-8.scen,620,True,opti
620,den520d.map,planner,1,135189,108184,392,390,113991,108184,10192,0,1,True,den520d-random-8.scen,620,True,opti
620,den520d.map,planner,1,134485,108184,392,390,113718,108184,10170,0,4,True,den520d-random-8.scen,620,True,opti
620,den520d.map,planner,1,133606,108184,390,390,113713,108184,10168,0,16,True,den520d-random-8.scen,620,True,opti
620,den520d.map,planner,1,134347,108184,391,390,113569,108184,10107,0,64,True,den520d-random-8.scen,620,True,opti
620,den520d.map,planner,1,135073,108184,393,390,113707,108184,10009,0,256,True,den520d-random-8.scen,620,True,opti
740,den520d.map,planner,1,167779,128481,411,390,137260,128481,10146,0,0,False,den520d-random-8.scen,740,True,
740,den520d.map,planner,1,167216,128481,390,390,137428,128481,10152,0,0,True,den520d-random-8.scen,740,True,opti
740,den520d.map,planner,1,166003,128481,390,390,136790,128481,10154,0,1,True,den520d-random-8.scen,740,True,opti
740,den520d.map,planner,1,166615,128481,392,390,137169,128481,10149,0,4,True,den520d-random-8.scen,740,True,opti
740,den520d.map,planner,1,165755,128481,390,390,136823,128481,10148,0,16,True,den520d-random-8.scen,740,True,opti
740,den520d.map,planner,1,163813,128481,391,390,136433,128481,10067,0,64,True,den520d-random-8.scen,740,True,opti
740,den520d.map,planner,1,166895,128481,390,390,136954,128481,10022,0,256,True,den520d-random-8.scen,740,True,opti
860,den520d.map,planner,1,197361,149755,400,395,161899,149755,10069,0,0,False,den520d-random-8.scen,860,True,
860,den520d.map,planner,1,199366,149755,395,395,162218,149755,10134,0,0,True,den520d-random-8.scen,860,True,opti
860,den520d.map,planner,1,198594,149755,397,395,161619,149755,10134,0,1,True,den520d-random-8.scen,860,True,opti
860,den520d.map,planner,1,198687,149755,397,395,161285,149755,10126,0,4,True,den520d-random-8.scen,860,True,opti
860,den520d.map,planner,1,199715,149755,402,395,161961,149755,10032,0,16,True,den520d-random-8.scen,860,True,opti
860,den520d.map,planner,1,197152,149755,396,395,161371,149755,10041,0,64,True,den520d-random-8.scen,860,True,opti
860,den520d.map,planner,1,196730,149755,398,395,161305,149755,10017,0,256,True,den520d-random-8.scen,860,True,opti
980,den520d.map,planner,1,230469,168705,395,395,184408,168705,10033,0,0,False,den520d-random-8.scen,980,True,
980,den520d.map,planner,1,230469,168705,395,395,184408,168705,10029,0,0,True,den520d-random-8.scen,980,True,opti
980,den520d.map,planner,1,228227,168705,407,395,183587,168705,10065,0,1,True,den520d-random-8.scen,980,True,opti
980,den520d.map,planner,1,226635,168705,406,395,183427,168705,10114,0,4,True,den520d-random-8.scen,980,True,opti
980,den520d.map,planner,1,229235,168705,401,395,183560,168705,10059,0,16,True,den520d-random-8.scen,980,True,opti
980,den520d.map,planner,1,226951,168705,404,395,184106,168705,10029,0,64,True,den520d-random-8.scen,980,True,opti
980,den520d.map,planner,1,225888,168705,395,395,183158,168705,10032,0,256,True,den520d-random-8.scen,980,True,opti
20,den520d.map,planner,1,3808,3803,343,343,3808,3803,10343,0,0,False,den520d-random-11.scen,20,True,
20,den520d.map,planner,1,3808,3803,343,343,3808,3803,10339,0,0,True,den520d-random-11.scen,20,True,opti
20,den520d.map,planner,1,3808,3803,343,343,3808,3803,10352,0,1,True,den520d-random-11.scen,20,True,opti
20,den520d.map,planner,1,3808,3803,343,343,3808,3803,10335,0,4,True,den520d-random-11.scen,20,True,opti
20,den520d.map,planner,1,3808,3803,343,343,3808,3803,10346,0,16,True,den520d-random-11.scen,20,True,opti
20,den520d.map,planner,1,3808,3803,343,343,3808,3803,10334,0,64,True,den520d-random-11.scen,20,True,opti
20,den520d.map,planner,1,3808,3803,343,343,3808,3803,10344,0,256,True,den520d-random-11.scen,20,True,opti
140,den520d.map,planner,1,27321,25367,395,395,25720,25367,11059,0,0,False,den520d-random-11.scen,140,True,
140,den520d.map,planner,1,27321,25367,395,395,25720,25367,10969,0,0,True,den520d-random-11.scen,140,True,opti
140,den520d.map,planner,1,27476,25367,397,395,25671,25367,10556,0,1,True,den520d-random-11.scen,140,True,opti
140,den520d.map,planner,1,27476,25367,397,395,25671,25367,10515,0,4,True,den520d-random-11.scen,140,True,opti
140,den520d.map,planner,1,27476,25367,397,395,25671,25367,10543,0,16,True,den520d-random-11.scen,140,True,opti
140,den520d.map,planner,1,27476,25367,397,395,25671,25367,10552,0,64,True,den520d-random-11.scen,140,True,opti
140,den520d.map,planner,1,27476,25367,397,395,25671,25367,10545,0,256,True,den520d-random-11.scen,140,True,opti
260,den520d.map,planner,1,51670,47326,395,395,48354,47326,10484,0,0,False,den520d-random-11.scen,260,True,
260,den520d.map,planner,1,51670,47326,395,395,48354,47326,10493,0,0,True,den520d-random-11.scen,260,True,opti
260,den520d.map,planner,1,51935,47326,395,395,48297,47326,10516,0,1,True,den520d-random-11.scen,260,True,opti
260,den520d.map,planner,1,51935,47326,395,395,48297,47326,10544,0,4,True,den520d-random-11.scen,260,True,opti
260,den520d.map,planner,1,51935,47326,395,395,48297,47326,10522,0,16,True,den520d-random-11.scen,260,True,opti
260,den520d.map,planner,1,51935,47326,395,395,48297,47326,10504,0,64,True,den520d-random-11.scen,260,True,opti
260,den520d.map,planner,1,51935,47326,395,395,48297,47326,10506,0,256,True,den520d-random-11.scen,260,True,opti
380,den520d.map,planner,1,78003,67702,395,395,69992,67702,10102,0,0,False,den520d-random-11.scen,380,True,
380,den520d.map,planner,1,78003,67702,395,395,69992,67702,10103,0,0,True,den520d-random-11.scen,380,True,opti
380,den520d.map,planner,1,77949,67702,395,395,69676,67702,10051,0,1,True,den520d-random-11.scen,380,True,opti
380,den520d.map,planner,1,78199,67702,395,395,69711,67702,10305,0,4,True,den520d-random-11.scen,380,True,opti
380,den520d.map,planner,1,78199,67702,395,395,69711,67702,10328,0,16,True,den520d-random-11.scen,380,True,opti
380,den520d.map,planner,1,78199,67702,395,395,69711,67702,10330,0,64,True,den520d-random-11.scen,380,True,opti
380,den520d.map,planner,1,78199,67702,395,395,69711,67702,10324,0,256,True,den520d-random-11.scen,380,True,opti
500,den520d.map,planner,1,105920,88797,395,395,92329,88797,10224,0,0,False,den520d-random-11.scen,500,True,
500,den520d.map,planner,1,105736,88797,395,395,92450,88797,10236,0,0,True,den520d-random-11.scen,500,True,opti
500,den520d.map,planner,1,105929,88797,395,395,92221,88797,10208,0,1,True,den520d-random-11.scen,500,True,opti
500,den520d.map,planner,1,104728,88797,395,395,92134,88797,10257,0,4,True,den520d-random-11.scen,500,True,opti
500,den520d.map,planner,1,105169,88797,395,395,92317,88797,10061,0,16,True,den520d-random-11.scen,500,True,opti
500,den520d.map,planner,1,105490,88797,395,395,92190,88797,10133,0,64,True,den520d-random-11.scen,500,True,opti
500,den520d.map,planner,1,105239,88797,395,395,92238,88797,10080,0,256,True,den520d-random-11.scen,500,True,opti
620,den520d.map,planner,1,131892,107991,397,395,113576,107991,10176,0,0,False,den520d-random-11.scen,620,True,
620,den520d.map,planner,1,134561,107991,397,395,113790,107991,10060,0,0,True,den520d-random-11.scen,620,True,opti
620,den520d.map,planner,1,130203,107991,398,395,113202,107991,10117,0,1,True,den520d-random-11.scen,620,True,opti
620,den520d.map,planner,1,132937,107991,397,395,113280,107991,10054,0,4,True,den520d-random-11.scen,620,True,opti
620,den520d.map,planner,1,132800,107991,395,395,113194,107991,10096,0,16,True,den520d-random-11.scen,620,True,opti
620,den520d.map,planner,1,131383,107991,395,395,113409,107991,10045,0,64,True,den520d-random-11.scen,620,True,opti
620,den520d.map,planner,1,132254,107991,397,395,113018,107991,10120,0,256,True,den520d-random-11.scen,620,True,opti
740,den520d.map,planner,1,161279,128883,395,395,136863,128883,10134,0,0,False,den520d-random-11.scen,740,True,
740,den520d.map,planner,1,161279,128883,395,395,136863,128883,10134,0,0,True,den520d-random-11.scen,740,True,opti
740,den520d.map,planner,1,162250,128883,395,395,136220,128883,10040,0,1,True,den520d-random-11.scen,740,True,opti
740,den520d.map,planner,1,162878,128883,399,395,136513,128883,10102,0,4,True,den520d-random-11.scen,740,True,opti
740,den520d.map,planner,1,161402,128883,395,395,136171,128883,10076,0,16,True,den520d-random-11.scen,740,True,opti
740,den520d.map,planner,1,161247,128883,414,395,136582,128883,10027,0,64,True,den520d-random-11.scen,740,True,opti
740,den520d.map,planner,1,161585,128883,397,395,136268,128883,10025,0,256,True,den520d-random-11.scen,740,True,opti
860,den520d.map,planner,1,193961,149664,395,395,160724,149664,10036,0,0,False,den520d-random-11.scen,860,True,
860,den520d.map,planner,1,194149,149664,395,395,160736,149664,10042,0,0,True,den520d-random-11.scen,860,True,opti
860,den520d.map,planner,1,193615,149664,395,395,160400,149664,10032,0,1,True,den520d-random-11.scen,860,True,opti
860,den520d.map,planner,1,194149,149664,395,395,159973,149664,10139,0,4,True,den520d-random-11.scen,860,True,opti
860,den520d.map,planner,1,193154,149664,395,395,159968,149664,10035,0,16,True,den520d-random-11.scen,860,True,opti
860,den520d.map,planner,1,194049,149664,398,395,160095,149664,10050,0,64,True,den520d-random-11.scen,860,True,opti
860,den520d.map,planner,1,194282,149664,397,395,160107,149664,10040,0,256,True,den520d-random-11.scen,860,True,opti
980,den520d.map,planner,1,225162,167841,395,395,182300,167841,10095,0,0,False,den520d-random-11.scen,980,True,
980,den520d.map,planner,1,225578,167841,396,395,182634,167841,10043,0,0,True,den520d-random-11.scen,980,True,opti
980,den520d.map,planner,1,223846,167841,395,395,181565,167841,10084,0,1,True,den520d-random-11.scen,980,True,opti
980,den520d.map,planner,1,224708,167841,404,395,181790,167841,10045,0,4,True,den520d-random-11.scen,980,True,opti
980,den520d.map,planner,1,223390,167841,395,395,180824,167841,10100,0,16,True,den520d-random-11.scen,980,True,opti
980,den520d.map,planner,1,221299,167841,407,395,181238,167841,10060,0,64,True,den520d-random-11.scen,980,True,opti
980,den520d.map,planner,1,224555,167841,398,395,181160,167841,10006,0,256,True,den520d-random-11.scen,980,True,opti
20,den520d.map,planner,1,3431,3424,362,362,3431,3424,10449,0,0,False,den520d-random-19.scen,20,True,
20,den520d.map,planner,1,3431,3424,362,362,3431,3424,10421,0,0,True,den520d-random-19.scen,20,True,opti
20,den520d.map,planner,1,3431,3424,362,362,3431,3424,10362,0,1,True,den520d-random-19.scen,20,True,opti
20,den520d.map,planner,1,3431,3424,362,362,3431,3424,10367,0,4,True,den520d-random-19.scen,20,True,opti
20,den520d.map,planner,1,3431,3424,362,362,3431,3424,10351,0,16,True,den520d-random-19.scen,20,True,opti
20,den520d.map,planner,1,3431,3424,362,362,3431,3424,10367,0,64,True,den520d-random-19.scen,20,True,opti
20,den520d.map,planner,1,3431,3424,362,362,3431,3424,10349,0,256,True,den520d-random-19.scen,20,True,opti
140,den520d.map,planner,1,27431,24720,363,363,25108,24720,10094,0,0,False,den520d-random-19.scen,140,True,
140,den520d.map,planner,1,27431,24720,363,363,25108,24720,10096,0,0,True,den520d-random-19.scen,140,True,opti
140,den520d.map,planner,1,27124,24720,363,363,25013,24720,10125,0,1,True,den520d-random-19.scen,140,True,opti
140,den520d.map,planner,1,27124,24720,363,363,25013,24720,10168,0,4,True,den520d-random-19.scen,140,True,opti
140,den520d.map,planner,1,27124,24720,363,363,25013,24720,10163,0,16,True,den520d-random-19.scen,140,True,opti
140,den520d.map,planner,1,27124,24720,363,363,25013,24720,10193,0,64,True,den520d-random-19.scen,140,True,opti
140,den520d.map,planner,1,27124,24720,363,363,25013,24720,10157,0,256,True,den520d-random-19.scen,140,True,opti
260,den520d.map,planner,1,51263,45644,387,385,46732,45644,10236,0,0,False,den520d-random-19.scen,260,True,
260,den520d.map,planner,1,51263,45644,387,385,46732,45644,10249,0,0,True,den520d-random-19.scen,260,True,opti
260,den520d.map,planner,1,51735,45644,385,385,46623,45644,10516,0,1,True,den520d-random-19.scen,260,True,opti
260,den520d.map,planner,1,51735,45644,385,385,46623,45644,10529,0,4,True,den520d-random-19.scen,260,True,opti
260,den520d.map,planner,1,51735,45644,385,385,46623,45644,10511,0,16,True,den520d-random-19.scen,260,True,opti
260,den520d.map,planner,1,51735,45644,385,385,46623,45644,10512,0,64,True,den520d-random-19.scen,260,True,opti
260,den520d.map,planner,1,51735,45644,385,385,46623,45644,10511,0,256,True,den520d-random-19.scen,260,True,opti
380,den520d.map,planner,1,80730,67432,385,385,69718,67432,10105,0,0,False,den520d-random-19.scen,380,True,
380,den520d.map,planner,1,80730,67432,385,385,69718,67432,10128,0,0,True,den520d-random-19.scen,380,True,opti
380,den520d.map,planner,1,81048,67432,385,385,69702,67432,10133,0,1,True,den520d-random-19.scen,380,True,opti
380,den520d.map,planner,1,79921,67432,385,385,69752,67432,10305,0,4,True,den520d-random-19.scen,380,True,opti
380,den520d.map,planner,1,80417,67432,385,385,69725,67432,10169,0,16,True,den520d-random-19.scen,380,True,opti
380,den520d.map,planner,1,80252,67432,385,385,69784,67432,10167,0,64,True,den520d-random-19.scen,380,True,opti
380,den520d.map,planner,1,80862,67432,387,385,69710,67432,10163,0,256,True,den520d-random-19.scen,380,True,opti
500,den520d.map,planner,1,108439,88290,420,420,92397,88290,10059,0,0,False,den520d-random-19.scen,500,True,
500,den520d.map,planner,1,108439,88290,420,420,92397,88290,10055,0,0,True,den520d-random-19.scen,500,True,opti
500,den520d.map,planner,1,107137,88290,420,420,92000,88290,10042,0,1,True,den520d-random-19.scen,500,True,opti
500,den520d.map,planner,1,107676,88290,423,420,92041,88290,10042,0,4,True,den520d-random-19.scen,500,True,opti
500,den520d.map,planner,1,108038,88290,421,420,92077,88290,10147,0,16,True,den520d-random-19.scen,500,True,opti
500,den520d.map,planner,1,107828,88290,420,420,92038,88290,10118,0,64,True,den520d-random-19.scen,500,True,opti
500,den520d.map,planner,1,107625,88290,420,420,91992,88290,10043,0,256,True,den520d-random-19.scen,500,True,opti
620,den520d.map,planner,1,137016,110657,439,436,116688,110657,10134,0,0,False,den520d-random-19.scen,620,True,
620,den520d.map,planner,1,137016,110657,439,436,116688,110657,10150,0,0,True,den520d-random-19.scen,620,True,opti
620,den520d.map,planner,1,137731,110657,436,436,116317,110657,10182,0,1,True,den520d-random-19.scen,620,True,opti
620,den520d.map,planner,1,136871,110657,440,436,116438,110657,10152,0,4,True,den520d-random-19.scen,620,True,opti
620,den520d.map,planner,1,137672,110657,436,436,116237,110657,10171,0,16,True,den520d-random-19.scen,620,True,opti
620,den520d.map,planner,1,138216,110657,442,436,116651,110657,10036,0,64,True,den520d-random-19.scen,620,True,opti
620,den520d.map,planner,1,138500,110657,436,436,116286,110657,10034,0,256,True,den520d-random-19.scen,620,True,opti
740,den520d.map,planner,1,168760,130836,436,436,140171,130836,10138,0,0,False,den520d-random-19.scen,740,True,
740,den520d.map,planner,1,168760,130836,436,436,140171,130836,10135,0,0,True,den520d-random-19.scen,740,True,opti
740,den520d.map,planner,1,168557,130836,442,436,139665,130836,10151,0,1,True,den520d-random-19.scen,740,True,opti
740,den520d.map,planner,1,167042,130836,437,436,139214,130836,10126,0,4,True,den520d-random-19.scen,740,True,opti
740,den520d.map,planner,1,167514,130836,438,436,139191,130836,10126,0,16,True,den520d-random-19.scen,740,True,opti
740,den520d.map,planner,1,166800,130836,444,436,139416,130836,10090,0,64,True,den520d-random-19.scen,740,True,opti
740,den520d.map,planner,1,166981,130836,436,436,139456,130836,10075,0,256,True,den520d-random-19.scen,740,True,opti
860,den520d.map,planner,1,200275,152763,438,436,165280,152763,10105,0,0,False,den520d-random-19.scen,860,True,
860,den520d.map,planner,1,201775,152763,436,436,165646,152763,10092,0,0,True,den520d-random-19.scen,860,True,opti
860,den520d.map,planner,1,198069,152763,450,436,164828,152763,10034,0,1,True,den520d-random-19.scen,860,True,opti
860,den520d.map,planner,1,200411,152763,450,436,164507,152763,10104,0,4,True,den520d-random-19.scen,860,True,opti
860,den520d.map,planner,1,197520,152763,440,436,163987,152763,10037,0,16,True,den520d-random-19.scen,860,True,opti
860,den520d.map,planner,1,197504,152763,448,436,164226,152763,10017,0,64,True,den520d-random-19.scen,860,True,opti
860,den520d.map,planner,1,202632,152763,440,436,165079,152763,10018,0,256,True,den520d-random-19.scen,860,True,opti
980,den520d.map,planner,1,235731,173956,436,436,191125,173956,10121,0,0,False,den520d-random-19.scen,980,True,
980,den520d.map,planner,1,232695,173956,438,436,190264,173956,10094,0,0,True,den520d-random-19.scen,980,True,opti
980,den520d.map,planner,1,232929,173956,438,436,190654,173956,10060,0,1,True,den520d-random-19.scen,980,True,opti
980,den520d.map,planner,1,234849,173956,436,436,189806,173956,10141,0,4,True,den520d-random-19.scen,980,True,opti
980,den520d.map,planner,1,232042,173956,438,436,189417,173956,10069,0,16,True,den520d-random-19.scen,980,True,opti
980,den520d.map,planner,1,234081,173956,441,436,189967,173956,10041,0,64,True,den520d-random-19.scen,980,True,opti
980,den520d.map,planner,1,233245,173956,440,436,189466,173956,10007,0,256,True,den520d-random-19.scen,980,True,opti
20,den520d.map,planner,1,3686,3685,396,395,3686,3685,10658,0,0,False,den520d-random-1.scen,20,True,
20,den520d.map,planner,1,3686,3685,396,395,3686,3685,10647,0,0,True,den520d-random-1.scen,20,True,opti
20,den520d.map,planner,1,3686,3685,396,395,3686,3685,10636,0,1,True,den520d-random-1.scen,20,True,opti
20,den520d.map,planner,1,3686,3685,396,395,3686,3685,10626,0,4,True,den520d-random-1.scen,20,True,opti
20,den520d.map,planner,1,3686,3685,396,395,3686,3685,10645,0,16,True,den520d-random-1.scen,20,True,opti
20,den520d.map,planner,1,3686,3685,396,395,3686,3685,10626,0,64,True,den520d-random-1.scen,20,True,opti
20,den520d.map,planner,1,3686,3685,396,395,3686,3685,10636,0,256,True,den520d-random-1.scen,20,True,opti
140,den520d.map,planner,1,25471,24867,401,401,25102,24867,10835,0,0,False,den520d-random-1.scen,140,True,
140,den520d.map,planner,1,25471,24867,401,401,25102,24867,10784,0,0,True,den520d-random-1.scen,140,True,opti
140,den520d.map,planner,1,25682,24867,401,401,25132,24867,10542,0,1,True,den520d-random-1.scen,140,True,opti
140,den520d.map,planner,1,25682,24867,401,401,25132,24867,10625,0,4,True,den520d-random-1.scen,140,True,opti
140,den520d.map,planner,1,25682,24867,401,401,25132,24867,10572,0,16,True,den520d-random-1.scen,140,True,opti
140,den520d.map,planner,1,25682,24867,401,401,25132,24867,10550,0,64,True,den520d-random-1.scen,140,True,opti
140,den520d.map,planner,1,25682,24867,401,401,25132,24867,10568,0,256,True,den520d-random-1.scen,140,True,opti
260,den520d.map,planner,1,50136,45818,401,401,46747,45818,10497,0,0,False,den520d-random-1.scen,260,True,
260,den520d.map,planner,1,50136,45818,401,401,46747,45818,10514,0,0,True,den520d-random-1.scen,260,True,opti
260,den520d.map,planner,1,50202,45818,401,401,46689,45818,10539,0,1,True,den520d-random-1.scen,260,True,opti
260,den520d.map,planner,1,50619,45818,401,401,46728,45818,10516,0,4,True,den520d-random-1.scen,260,True,opti
260,den520d.map,planner,1,50619,45818,401,401,46728,45818,10519,0,16,True,den520d-random-1.scen,260,True,opti
260,den520d.map,planner,1,50619,45818,401,401,46728,45818,10529,0,64,True,den520d-random-1.scen,260,True,opti
260,den520d.map,planner,1,50619,45818,401,401,46728,45818,10516,0,256,True,den520d-random-1.scen,260,True,opti
380,den520d.map,planner,1,75074,64580,403,401,66454,64580,10285,0,0,False,den520d-random-1.scen,380,True,
380,den520d.map,planner,1,75074,64580,403,401,66454,64580,10279,0,0,True,den520d-random-1.scen,380,True,opti
380,den520d.map,planner,1,75191,64580,403,401,66443,64580,10162,0,1,True,den520d-random-1.scen,380,True,opti
380,den520d.map,planner,1,75194,64580,401,401,66457,64580,10341,0,4,True,den520d-random-1.scen,380,True,opti
380,den520d.map,planner,1,75185,64580,401,401,66445,64580,10298,0,16,True,den520d-random-1.scen,380,True,opti
380,den520d.map,planner,1,75185,64580,401,401,66445,64580,10293,0,64,True,den520d-random-1.scen,380,True,opti
380,den520d.map,planner,1,75185,64580,401,401,66445,64580,10301,0,256,True,den520d-random-1.scen,380,True,opti
500,den520d.map,planner,1,102671,84864,401,401,88190,84864,10234,0,0,False,den520d-random-1.scen,500,True,
500,den520d.map,planner,1,102671,84864,401,401,88190,84864,10235,0,0,True,den520d-random-1.scen,500,True,opti
500,den520d.map,planner,1,102877,84864,401,401,88193,84864,10258,0,1,True,den520d-random-1.scen,500,True,opti
500,den520d.map,planner,1,103370,84864,401,401,88095,84864,10203,0,4,True,den520d-random-1.scen,500,True,opti
500,den520d.map,planner,1,102255,84864,403,401,87961,84864,10213,0,16,True,den520d-random-1.scen,500,True,opti
500,den520d.map,planner,1,102765,84864,401,401,87981,84864,10209,0,64,True,den520d-random-1.scen,500,True,opti
500,den520d.map,planner,1,102695,84864,403,401,88103,84864,10179,0,256,True,den520d-random-1.scen,500,True,opti
620,den520d.map,planner,1,132805,104954,401,401,110923,104954,10187,0,0,False,den520d-random-1.scen,620,True,
620,den520d.map,planner,1,132805,104954,401,401,110923,104954,10192,0,0,True,den520d-random-1.scen,620,True,opti
620,den520d.map,planner,1,130293,104954,401,401,110105,104954,10125,0,1,True,den520d-random-1.scen,620,True,opti
620,den520d.map,planner,1,131146,104954,403,401,110414,104954,10135,0,4,True,den520d-random-1.scen,620,True,opti
620,den520d.map,planner,1,131271,104954,402,401,110140,104954,10044,0,16,True,den520d-random-1.scen,620,True,opti
620,den520d.map,planner,1,131880,104954,401,401,110316,104954,10034,0,64,True,den520d-random-1.scen,620,True,opti
620,den520d.map,planner,1,131111,104954,401,401,110213,104954,10152,0,256,True,den520d-random-1.scen,620,True,opti
740,den520d.map,planner,1,159302,123260,401,401,131206,123260,10048,0,0,False,den520d-random-1.scen,740,True,
740,den520d.map,planner,1,159302,123260,401,401,131206,123260,10047,0,0,True,den520d-random-1.scen,740,True,opti
740,den520d.map,planner,1,159950,123260,402,401,131154,123260,10043,0,1,True,den520d-random-1.scen,740,True,opti
740,den520d.map,planner,1,158970,123260,402,401,130729,123260,10118,0,4,True,den520d-random-1.scen,740,True,opti
740,den520d.map,planner,1,158110,123260,401,401,130718,123260,10132,0,16,True,den520d-random-1.scen,740,True,opti
740,den520d.map,planner,1,158160,123260,406,401,130488,123260,10056,0,64,True,den520d-random-1.scen,740,True,opti
740,den520d.map,planner,1,158176,123260,402,401,130518,123260,10011,0,256,True,den520d-random-1.scen,740,True,opti
860,den520d.map,planner,1,187468,141766,401,401,152432,141766,10099,0,0,False,den520d-random-1.scen,860,True,
860,den520d.map,planner,1,188684,141766,408,401,152570,141766,10067,0,0,True,den520d-random-1.scen,860,True,opti
860,den520d.map,planner,1,186635,141766,401,401,152147,141766,10033,0,1,True,den520d-random-1.scen,860,True,opti
860,den520d.map,planner,1,187439,141766,401,401,151773,141766,10094,0,4,True,den520d-random-1.scen,860,True,opti
860,den520d.map,planner,1,186155,141766,401,401,151750,141766,10114,0,16,True,den520d-random-1.scen,860,True,opti
860,den520d.map,planner,1,187559,141766,405,401,152063,141766,10043,0,64,True,den520d-random-1.scen,860,True,opti
860,den520d.map,planner,1,186947,141766,401,401,152105,141766,10028,0,256,True,den520d-random-1.scen,860,True,opti
980,den520d.map,planner,1,218691,164019,401,401,178399,164019,10115,0,0,False,den520d-random-1.scen,980,True,
980,den520d.map,planner,1,222051,164019,403,401,178099,164019,10091,0,0,True,den520d-random-1.scen,980,True,opti
980,den520d.map,planner,1,220637,164019,403,401,177629,164019,10099,0,1,True,den520d-random-1.scen,980,True,opti
980,den520d.map,planner,1,220465,164019,401,401,177067,164019,10061,0,4,True,den520d-random-1.scen,980,True,opti
980,den520d.map,planner,1,220341,164019,401,401,177642,164019,10080,0,16,True,den520d-random-1.scen,980,True,opti
980,den520d.map,planner,1,220933,164019,403,401,177491,164019,10067,0,64,True,den520d-random-1.scen,980,True,opti
980,den520d.map,planner,1,220461,164019,401,401,176769,164019,10012,0,256,True,den520d-random-1.scen,980,True,opti
20,den520d.map,planner,1,3395,3392,370,370,3395,3392,11150,0,0,False,den520d-random-3.scen,20,True,
20,den520d.map,planner,1,3395,3392,370,370,3395,3392,11136,0,0,True,den520d-random-3.scen,20,True,opti
20,den520d.map,planner,1,3395,3392,370,370,3395,3392,11142,0,1,True,den520d-random-3.scen,20,True,opti
20,den520d.map,planner,1,3395,3392,370,370,3395,3392,11136,0,4,True,den520d-random-3.scen,20,True,opti
20,den520d.map,planner,1,3395,3392,370,370,3395,3392,11141,0,16,True,den520d-random-3.scen,20,True,opti
20,den520d.map,planner,1,3395,3392,370,370,3395,3392,11143,0,64,True,den520d-random-3.scen,20,True,opti
20,den520d.map,planner,1,3395,3392,370,370,3395,3392,11144,0,256,True,den520d-random-3.scen,20,True,opti
140,den520d.map,planner,1,25681,23783,379,379,24019,23783,10129,0,0,False,den520d-random-3.scen,140,True,
140,den520d.map,planner,1,25681,23783,379,379,24019,23783,10118,0,0,True,den520d-random-3.scen,140,True,opti
140,den520d.map,planner,1,25610,23783,379,379,24009,23783,10864,0,1,True,den520d-random-3.scen,140,True,opti
140,den520d.map,planner,1,25610,23783,379,379,24009,23783,10865,0,4,True,den520d-random-3.scen,140,True,opti
140,den520d.map,planner,1,25610,23783,379,379,24009,23783,10845,0,16,True,den520d-random-3.scen,140,True,opti
140,den520d.map,planner,1,25610,23783,379,379,24009,23783,10860,0,64,True,den520d-random-3.scen,140,True,opti
140,den520d.map,planner,1,25610,23783,379,379,24009,23783,10864,0,256,True,den520d-random-3.scen,140,True,opti
260,den520d.map,planner,1,49896,42718,392,392,43996,42718,10522,0,0,False,den520d-random-3.scen,260,True,
260,den520d.map,planner,1,49896,42718,392,392,43996,42718,10494,0,0,True,den520d-random-3.scen,260,True,opti
260,den520d.map,planner,1,49766,42718,392,392,43942,42718,10037,0,1,True,den520d-random-3.scen,260,True,opti
260,den520d.map,planner,1,49766,42718,392,392,43942,42718,10038,0,4,True,den520d-random-3.scen,260,True,opti
260,den520d.map,planner,1,49766,42718,392,392,43942,42718,10042,0,16,True,den520d-random-3.scen,260,True,opti
260,den520d.map,planner,1,49766,42718,392,392,43942,42718,10051,0,64,True,den520d-random-3.scen,260,True,opti
260,den520d.map,planner,1,49766,42718,392,392,43942,42718,10039,0,256,True,den520d-random-3.scen,260,True,opti
380,den520d.map,planner,1,75955,63655,394,392,66201,63655,10337,0,0,False,den520d-random-3.scen,380,True,
380,den520d.map,planner,1,75955,63655,394,392,66201,63655,10345,0,0,True,den520d-random-3.scen,380,True,opti
380,den520d.map,planner,1,77027,63655,392,392,66164,63655,10034,0,1,True,den520d-random-3.scen,380,True,opti
380,den520d.map,planner,1,75986,63655,392,392,65962,63655,10263,0,4,True,den520d-random-3.scen,380,True,opti
380,den520d.map,planner,1,75986,63655,392,392,65962,63655,10280,0,16,True,den520d-random-3.scen,380,True,opti
380,den520d.map,planner,1,75986,63655,392,392,65962,63655,10284,0,64,True,den520d-random-3.scen,380,True,opti
380,den520d.map,planner,1,75986,63655,392,392,65962,63655,10289,0,256,True,den520d-random-3.scen,380,True,opti
500,den520d.map,planner,1,105489,85138,403,401,89518,85138,10074,0,0,False,den520d-random-3.scen,500,True,
500,den520d.map,planner,1,105489,85138,403,401,89518,85138,10070,0,0,True,den520d-random-3.scen,500,True,opti
500,den520d.map,planner,1,106421,85138,401,401,89549,85138,10036,0,1,True,den520d-random-3.scen,500,True,opti
500,den520d.map,planner,1,104061,85138,407,401,88974,85138,10248,0,4,True,den520d-random-3.scen,500,True,opti
500,den520d.map,planner,1,105054,85138,401,401,89102,85138,10251,0,16,True,den520d-random-3.scen,500,True,opti
500,den520d.map,planner,1,104869,85138,403,401,88991,85138,10228,0,64,True,den520d-random-3.scen,500,True,opti
500,den520d.map,planner,1,104677,85138,405,401,88840,85138,10237,0,256,True,den520d-random-3.scen,500,True,opti
620,den520d.map,planner,1,134478,105306,401,401,111887,105306,10035,0,0,False,den520d-random-3.scen,620,True,
620,den520d.map,planner,1,134478,105306,401,401,111887,105306,10034,0,0,True,den520d-random-3.scen,620,True,opti
620,den520d.map,planner,1,133847,105306,405,401,110875,105306,10196,0,1,True,den520d-random-3.scen,620,True,opti
620,den520d.map,planner,1,134603,105306,403,401,111270,105306,10195,0,4,True,den520d-random-3.scen,620,True,opti
620,den520d.map,planner,1,133467,105306,410,401,111078,105306,10110,0,16,True,den520d-random-3.scen,620,True,opti
620,den520d.map,planner,1,133193,105306,403,401,110807,105306,10162,0,64,True,den520d-random-3.scen,620,True,opti
620,den520d.map,planner,1,134364,105306,401,401,110997,105306,10075,0,256,True,den520d-random-3.scen,620,True,opti
740,den520d.map,planner,1,163898,125287,403,401,133675,125287,10138,0,0,False,den520d-random-3.scen,740,True,
740,den520d.map,planner,1,162228,125287,401,401,133933,125287,10145,0,0,True,den520d-random-3.scen,740,True,opti
740,den520d.map,planner,1,161695,125287,403,401,133254,125287,10124,0,1,True,den520d-random-3.scen,740,True,opti
740,den520d.map,planner,1,161752,125287,410,401,133397,125287,10076,0,4,True,den520d-random-3.scen,740,True,opti
740,den520d.map,planner,1,161150,125287,407,401,133222,125287,10034,0,16,True,den520d-random-3.scen,740,True,opti
740,den520d.map,planner,1,162534,125287,406,401,133243,125287,10102,0,64,True,den520d-random-3.scen,740,True,opti
740,den520d.map,planner,1,161135,125287,405,401,132954,125287,10059,0,256,True,den520d-random-3.scen,740,True,opti
860,den520d.map,planner,1,196477,146590,418,418,158725,146590,10087,0,0,False,den520d-random-3.scen,860,True,
860,den520d.map,planner,1,196477,146590,418,418,158725,146590,10091,0,0,True,den520d-random-3.scen,860,True,opti
860,den520d.map,planner,1,196106,146590,419,418,158123,146590,10134,0,1,True,den520d-random-3.scen,860,True,opti
860,den520d.map,planner,1,194974,146590,422,418,157459,146590,10122,0,4,True,den520d-random-3.scen,860,True,opti
860,den520d.map,planner,1,194348,146590,418,418,157873,146590,10124,0,16,True,den520d-random-3.scen,860,True,opti
860,den520d.map,planner,1,195374,146590,422,418,157469,146590,10085,0,64,True,den520d-random-3.scen,860,True,opti
860,den520d.map,planner,1,194741,146590,422,418,157646,146590,10023,0,256,True,den520d-random-3.scen,860,True,opti
980,den520d.map,planner,1,230087,167496,418,418,183127,167496,10105,0,0,False,den520d-random-3.scen,980,True,
980,den520d.map,planner,1,229569,167496,418,418,183196,167496,10026,0,0,True,den520d-random-3.scen,980,True,opti
980,den520d.map,planner,1,231234,167496,418,418,182516,167496,10106,0,1,True,den520d-random-3.scen,980,True,opti
980,den520d.map,planner,1,232205,167496,422,418,183311,167496,10029,0,4,True,den520d-random-3.scen,980,True,opti
980,den520d.map,planner,1,227933,167496,424,418,182472,167496,10054,0,16,True,den520d-random-3.scen,980,True,opti
980,den520d.map,planner,1,229383,167496,420,418,182449,167496,10027,0,64,True,den520d-random-3.scen,980,True,opti
980,den520d.map,planner,1,229552,167496,418,418,183148,167496,10004,0,256,True,den520d-random-3.scen,980,True,opti
20,den520d.map,planner,1,4120,4116,365,365,4120,4116,10879,0,0,False,den520d-random-15.scen,20,True,
20,den520d.map,planner,1,4120,4116,365,365,4120,4116,10870,0,0,True,den520d-random-15.scen,20,True,opti
20,den520d.map,planner,1,4120,4116,365,365,4120,4116,10876,0,1,True,den520d-random-15.scen,20,True,opti
20,den520d.map,planner,1,4120,4116,365,365,4120,4116,10875,0,4,True,den520d-random-15.scen,20,True,opti
20,den520d.map,planner,1,4120,4116,365,365,4120,4116,10887,0,16,True,den520d-random-15.scen,20,True,opti
20,den520d.map,planner,1,4120,4116,365,365,4120,4116,10883,0,64,True,den520d-random-15.scen,20,True,opti
20,den520d.map,planner,1,4120,4116,365,365,4120,4116,10876,0,256,True,den520d-random-15.scen,20,True,opti
140,den520d.map,planner,1,25574,24067,400,400,24364,24067,10305,0,0,False,den520d-random-15.scen,140,True,
140,den520d.map,planner,1,25574,24067,400,400,24364,24067,10335,0,0,True,den520d-random-15.scen,140,True,opti
140,den520d.map,planner,1,25644,24067,400,400,24313,24067,10225,0,1,True,den520d-random-15.scen,140,True,opti
140,den520d.map,planner,1,25644,24067,400,400,24313,24067,10224,0,4,True,den520d-random-15.scen,140,True,opti
140,den520d.map,planner,1,25644,24067,400,400,24313,24067,10219,0,16,True,den520d-random-15.scen,140,True,opti
140,den520d.map,planner,1,25644,24067,400,400,24313,24067,10225,0,64,True,den520d-random-15.scen,140,True,opti
140,den520d.map,planner,1,25644,24067,400,400,24313,24067,10220,0,256,True,den520d-random-15.scen,140,True,opti
260,den520d.map,planner,1,51383,45026,400,400,45986,45026,10423,0,0,False,den520d-random-15.scen,260,True,
260,den520d.map,planner,1,51383,45026,400,400,45986,45026,10429,0,0,True,den520d-random-15.scen,260,True,opti
260,den520d.map,planner,1,49974,45026,400,400,45870,45026,10500,0,1,True,den520d-random-15.scen,260,True,opti
260,den520d.map,planner,1,49974,45026,400,400,45870,45026,10484,0,4,True,den520d-random-15.scen,260,True,opti
260,den520d.map,planner,1,49974,45026,400,400,45870,45026,10496,0,16,True,den520d-random-15.scen,260,True,opti
260,den520d.map,planner,1,49974,45026,400,400,45870,45026,10487,0,64,True,den520d-random-15.scen,260,True,opti
260,den520d.map,planner,1,49974,45026,400,400,45870,45026,10486,0,256,True,den520d-random-15.scen,260,True,opti
380,den520d.map,planner,1,78537,67617,425,425,69739,67617,10091,0,0,False,den520d-random-15.scen,380,True,
380,den520d.map,planner,1,78537,67617,425,425,69739,67617,10088,0,0,True,den520d-random-15.scen,380,True,opti
380,den520d.map,planner,1,78273,67617,425,425,69573,67617,10040,0,1,True,den520d-random-15.scen,380,True,opti
380,den520d.map,planner,1,77896,67617,426,425,69458,67617,10056,0,4,True,den520d-random-15.scen,380,True,opti
380,den520d.map,planner,1,77025,67617,429,425,69344,67617,10299,0,16,True,den520d-random-15.scen,380,True,opti
380,den520d.map,planner,1,78675,67617,425,425,69397,67617,10064,0,64,True,den520d-random-15.scen,380,True,opti
380,den520d.map,planner,1,78675,67617,425,425,69397,67617,10115,0,256,True,den520d-random-15.scen,380,True,opti
500,den520d.map,planner,1,108406,90577,425,425,94038,90577,10087,0,0,False,den520d-random-15.scen,500,True,
500,den520d.map,planner,1,108529,90577,425,425,94011,90577,10098,0,0,True,den520d-random-15.scen,500,True,opti
500,den520d.map,planner,1,108812,90577,425,425,94146,90577,10233,0,1,True,den520d-random-15.scen,500,True,opti
500,den520d.map,planner,1,108386,90577,426,425,94116,90577,10042,0,4,True,den520d-random-15.scen,500,True,opti
500,den520d.map,planner,1,107963,90577,425,425,93815,90577,10115,0,16,True,den520d-random-15.scen,500,True,opti
500,den520d.map,planner,1,108197,90577,427,425,93860,90577,10075,0,64,True,den520d-random-15.scen,500,True,opti
500,den520d.map,planner,1,108533,90577,425,425,94209,90577,10164,0,256,True,den520d-random-15.scen,500,True,opti
620,den520d.map,planner,1,139398,111453,425,425,117517,111453,10036,0,0,False,den520d-random-15.scen,620,True,
620,den520d.map,planner,1,138932,111453,425,425,117413,111453,10173,0,0,True,den520d-random-15.scen,620,True,opti
620,den520d.map,planner,1,138967,111453,427,425,117131,111453,10108,0,1,True,den520d-random-15.scen,620,True,opti
620,den520d.map,planner,1,138993,111453,426,425,117338,111453,10093,0,4,True,den520d-random-15.scen,620,True,opti
620,den520d.map,planner,1,138465,111453,429,425,117258,111453,10042,0,16,True,den520d-random-15.scen,620,True,opti
620,den520d.map,planner,1,137599,111453,427,425,117107,111453,10079,0,64,True,den520d-random-15.scen,620,True,opti
620,den520d.map,planner,1,137857,111453,433,425,117232,111453,10064,0,256,True,den520d-random-15.scen,620,True,opti
740,den520d.map,planner,1,171147,132608,425,425,141185,132608,10141,0,0,False,den520d-random-15.scen,740,True,
740,den520d.map,planner,1,171147,132608,425,425,141185,132608,10155,0,0,True,den520d-random-15.scen,740,True,opti
740,den520d.map,planner,1,169322,132608,428,425,141000,132608,10160,0,1,True,den520d-random-15.scen,740,True,opti
740,den520d.map,planner,1,169981,132608,441,425,140674,132608,10138,0,4,True,den520d-random-15.scen,740,True,opti
740,den520d.map,planner,1,170832,132608,425,425,141146,132608,10054,0,16,True,den520d-random-15.scen,740,True,opti
740,den520d.map,planner,1,169915,132608,425,425,140903,132608,10083,0,64,True,den520d-random-15.scen,740,True,opti
740,den520d.map,planner,1,170685,132608,431,425,140984,132608,10113,0,256,True,den520d-random-15.scen,740,True,opti
860,den520d.map,planner,1,203339,153460,426,425,165304,153460,10035,0,0,False,den520d-random-15.scen,860,True,
860,den520d.map,planner,1,203910,153460,426,425,165411,153460,10072,0,0,True,den520d-random-15.scen,860,True,opti
860,den520d.map,planner,1,199659,153460,425,425,164396,153460,10112,0,1,True,den520d-random-15.scen,860,True,opti
860,den520d.map,planner,1,200115,153460,431,425,165304,153460,10142,0,4,True,den520d-random-15.scen,860,True,opti
860,den520d.map,planner,1,200120,153460,429,425,164718,153460,10122,0,16,True,den520d-random-15.scen,860,True,opti
860,den520d.map,planner,1,200187,153460,426,425,164498,153460,10045,0,64,True,den520d-random-15.scen,860,True,opti
860,den520d.map,planner,1,201843,153460,436,425,164884,153460,10016,0,256,True,den520d-random-15.scen,860,True,opti
980,den520d.map,planner,1,236364,175360,425,425,192566,175360,10035,0,0,False,den520d-random-15.scen,980,True,
980,den520d.map,planner,1,238184,175360,425,425,192592,175360,10123,0,0,True,den520d-random-15.scen,980,True,opti
980,den520d.map,planner,1,238274,175360,425,425,192089,175360,10038,0,1,True,den520d-random-15.scen,980,True,opti
980,den520d.map,planner,1,235909,175360,426,425,190654,175360,10058,0,4,True,den520d-random-15.scen,980,True,opti
980,den520d.map,planner,1,233977,175360,426,425,190685,175360,10089,0,16,True,den520d-random-15.scen,980,True,opti
980,den520d.map,planner,1,235122,175360,430,425,190713,175360,10025,0,64,True,den520d-random-15.scen,980,True,opti
980,den520d.map,planner,1,235957,175360,425,425,191266,175360,10008,0,256,True,den520d-random-15.scen,980,True,opti
20,den520d.map,planner,1,3209,3202,320,320,3209,3202,11214,0,0,False,den520d-random-22.scen,20,True,
20,den520d.map,planner,1,3209,3202,320,320,3209,3202,11223,0,0,True,den520d-random-22.scen,20,True,opti
20,den520d.map,planner,1,3209,3202,320,320,3209,3202,11184,0,1,True,den520d-random-22.scen,20,True,opti
20,den520d.map,planner,1,3209,3202,320,320,3209,3202,11208,0,4,True,den520d-random-22.scen,20,True,opti
20,den520d.map,planner,1,3209,3202,320,320,3209,3202,11225,0,16,True,den520d-random-22.scen,20,True,opti
20,den520d.map,planner,1,3209,3202,320,320,3209,3202,11153,0,64,True,den520d-random-22.scen,20,True,opti
20,den520d.map,planner,1,3209,3202,320,320,3209,3202,11068,0,256,True,den520d-random-22.scen,20,True,opti
140,den520d.map,planner,1,27372,25359,376,376,25611,25359,10823,0,0,False,den520d-random-22.scen,140,True,
140,den520d.map,planner,1,27372,25359,376,376,25611,25359,10777,0,0,True,den520d-random-22.scen,140,True,opti
140,den520d.map,planner,1,27164,25359,376,376,25602,25359,10757,0,1,True,den520d-random-22.scen,140,True,opti
140,den520d.map,planner,1,27164,25359,376,376,25602,25359,10764,0,4,True,den520d-random-22.scen,140,True,opti
140,den520d.map,planner,1,27164,25359,376,376,25602,25359,10780,0,16,True,den520d-random-22.scen,140,True,opti
140,den520d.map,planner,1,27164,25359,376,376,25602,25359,10773,0,64,True,den520d-random-22.scen,140,True,opti
140,den520d.map,planner,1,27164,25359,376,376,25602,25359,10792,0,256,True,den520d-random-22.scen,140,True,opti
260,den520d.map,planner,1,50279,44398,376,376,45404,44398,10448,0,0,False,den520d-random-22.scen,260,True,
260,den520d.map,planner,1,50279,44398,376,376,45404,44398,10445,0,0,True,den520d-random-22.scen,260,True,opti
260,den520d.map,planner,1,50289,44398,376,376,45339,44398,10532,0,1,True,den520d-random-22.scen,260,True,opti
260,den520d.map,planner,1,50046,44398,376,376,45345,44398,10582,0,4,True,den520d-random-22.scen,260,True,opti
260,den520d.map,planner,1,50046,44398,376,376,45345,44398,10572,0,16,True,den520d-random-22.scen,260,True,opti
260,den520d.map,planner,1,50046,44398,376,376,45345,44398,10595,0,64,True,den520d-random-22.scen,260,True,opti
260,den520d.map,planner,1,50046,44398,376,376,45345,44398,10575,0,256,True,den520d-random-22.scen,260,True,opti
380,den520d.map,planner,1,76115,65192,376,376,67400,65192,10147,0,0,False,den520d-random-22.scen,380,True,
380,den520d.map,planner,1,76115,65192,376,376,67400,65192,10153,0,0,True,den520d-random-22.scen,380,True,opti
380,den520d.map,planner,1,76062,65192,376,376,67323,65192,10106,0,1,True,den520d-random-22.scen,380,True,opti
380,den520d.map,planner,1,75768,65192,378,376,67251,65192,10106,0,4,True,den520d-random-22.scen,380,True,opti
380,den520d.map,planner,1,75440,65192,376,376,67153,65192,10327,0,16,True,den520d-random-22.scen,380,True,opti
380,den520d.map,planner,1,75253,65192,379,376,67266,65192,10195,0,64,True,den520d-random-22.scen,380,True,opti
380,den520d.map,planner,1,75124,65192,380,376,67162,65192,10255,0,256,True,den520d-random-22.scen,380,True,opti
500,den520d.map,planner,1,103024,85523,396,396,89321,85523,10038,0,0,False,den520d-random-22.scen,500,True,
500,den520d.map,planner,1,103024,85523,396,396,89321,85523,10041,0,0,True,den520d-random-22.scen,500,True,opti
500,den520d.map,planner,1,104277,85523,396,396,89298,85523,10114,0,1,True,den520d-random-22.scen,500,True,opti
500,den520d.map,planner,1,102496,85523,399,396,89149,85523,10057,0,4,True,den520d-random-22.scen,500,True,opti
500,den520d.map,planner,1,102505,85523,396,396,89230,85523,10126,0,16,True,den520d-random-22.scen,500,True,opti
500,den520d.map,planner,1,104090,85523,403,396,89250,85523,10066,0,64,True,den520d-random-22.scen,500,True,opti
500,den520d.map,planner,1,102742,85523,396,396,89169,85523,10069,0,256,True,den520d-random-22.scen,500,True,opti
620,den520d.map,planner,1,132414,105417,398,396,111263,105417,10037,0,0,False,den520d-random-22.scen,620,True,
620,den520d.map,planner,1,132414,105417,398,396,111263,105417,10039,0,0,True,den520d-random-22.scen,620,True,opti
620,den520d.map,planner,1,129796,105417,397,396,110607,105417,10155,0,1,True,den520d-random-22.scen,620,True,opti
620,den520d.map,planner,1,132136,105417,396,396,110791,105417,10198,0,4,True,den520d-random-22.scen,620,True,opti
620,den520d.map,planner,1,130020,105417,398,396,110684,105417,10140,0,16,True,den520d-random-22.scen,620,True,opti
620,den520d.map,planner,1,132624,105417,396,396,110702,105417,10071,0,64,True,den520d-random-22.scen,620,True,opti
620,den520d.map,planner,1,132071,105417,396,396,110806,105417,10027,0,256,True,den520d-random-22.scen,620,True,opti
740,den520d.map,planner,1,162892,127904,398,396,136124,127904,10127,0,0,False,den520d-random-22.scen,740,True,
740,den520d.map,planner,1,162892,127904,398,396,136124,127904,10127,0,0,True,den520d-random-22.scen,740,True,opti
740,den520d.map,planner,1,163360,127904,396,396,135576,127904,10122,0,1,True,den520d-random-22.scen,740,True,opti
740,den520d.map,planner,1,163224,127904,398,396,135601,127904,10121,0,4,True,den520d-random-22.scen,740,True,opti
740,den520d.map,planner,1,161292,127904,396,396,135289,127904,10085,0,16,True,den520d-random-22.scen,740,True,opti
740,den520d.map,planner,1,163118,127904,399,396,135338,127904,10032,0,64,True,den520d-random-22.scen,740,True,opti
740,den520d.map,planner,1,163741,127904,396,396,135325,127904,10025,0,256,True,den520d-random-22.scen,740,True,opti
860,den520d.map,planner,1,197703,149273,396,396,161127,149273,10101,0,0,False,den520d-random-22.scen,860,True,
860,den520d.map,planner,1,197703,149273,396,396,161127,149273,10111,0,0,True,den520d-random-22.scen,860,True,opti
860,den520d.map,planner,1,195796,149273,396,396,160363,149273,10054,0,1,True,den520d-random-22.scen,860,True,opti
860,den520d.map,planner,1,194017,149273,397,396,160036,149273,10104,0,4,True,den520d-random-22.scen,860,True,opti
860,den520d.map,planner,1,195068,149273,400,396,160435,149273,10090,0,16,True,den520d-random-22.scen,860,True,opti
860,den520d.map,planner,1,195569,149273,398,396,160192,149273,10074,0,64,True,den520d-random-22.scen,860,True,opti
860,den520d.map,planner,1,196651,149273,398,396,160078,149273,10089,0,256,True,den520d-random-22.scen,860,True,opti
980,den520d.map,planner,1,227364,169402,397,396,184214,169402,10062,0,0,False,den520d-random-22.scen,980,True,
980,den520d.map,planner,1,227364,169402,397,396,184214,169402,10088,0,0,True,den520d-random-22.scen,980,True,opti
980,den520d.map,planner,1,227131,169402,399,396,183464,169402,10038,0,1,True,den520d-random-22.scen,980,True,opti
980,den520d.map,planner,1,227079,169402,400,396,183429,169402,10100,0,4,True,den520d-random-22.scen,980,True,opti
980,den520d.map,planner,1,231883,169402,421,396,184134,169402,10080,0,16,True,den520d-random-22.scen,980,True,opti
980,den520d.map,planner,1,227466,169402,396,396,183731,169402,10041,0,64,True,den520d-random-22.scen,980,True,opti
980,den520d.map,planner,1,228180,169402,397,396,184199,169402,10009,0,256,True,den520d-random-22.scen,980,True,opti
20,den520d.map,planner,1,3902,3897,347,347,3902,3897,10526,0,0,False,den520d-random-24.scen,20,True,
20,den520d.map,planner,1,3902,3897,347,347,3902,3897,10501,0,0,True,den520d-random-24.scen,20,True,opti
20,den520d.map,planner,1,3902,3897,347,347,3902,3897,11032,0,1,True,den520d-random-24.scen,20,True,opti
20,den520d.map,planner,1,3902,3897,347,347,3902,3897,11045,0,4,True,den520d-random-24.scen,20,True,opti
20,den520d.map,planner,1,3902,3897,347,347,3902,3897,11029,0,16,True,den520d-random-24.scen,20,True,opti
20,den520d.map,planner,1,3902,3897,347,347,3902,3897,11017,0,64,True,den520d-random-24.scen,20,True,opti
20,den520d.map,planner,1,3902,3897,347,347,3902,3897,11048,0,256,True,den520d-random-24.scen,20,True,opti
140,den520d.map,planner,1,26301,24499,362,360,24805,24499,10734,0,0,False,den520d-random-24.scen,140,True,
140,den520d.map,planner,1,26301,24499,362,360,24805,24499,10773,0,0,True,den520d-random-24.scen,140,True,opti
140,den520d.map,planner,1,26554,24499,360,360,24845,24499,10971,0,1,True,den520d-random-24.scen,140,True,opti
140,den520d.map,planner,1,26554,24499,360,360,24845,24499,10958,0,4,True,den520d-random-24.scen,140,True,opti
140,den520d.map,planner,1,26554,24499,360,360,24845,24499,10973,0,16,True,den520d-random-24.scen,140,True,opti
140,den520d.map,planner,1,26554,24499,360,360,24845,24499,10969,0,64,True,den520d-random-24.scen,140,True,opti
140,den520d.map,planner,1,26554,24499,360,360,24845,24499,10977,0,256,True,den520d-random-24.scen,140,True,opti
260,den520d.map,planner,1,50487,45664,360,360,46622,45664,10483,0,0,False,den520d-random-24.scen,260,True,
260,den520d.map,planner,1,50487,45664,360,360,46622,45664,10487,0,0,True,den520d-random-24.scen,260,True,opti
260,den520d.map,planner,1,51310,45664,360,360,46628,45664,10106,0,1,True,den520d-random-24.scen,260,True,opti
260,den520d.map,planner,1,51310,45664,360,360,46628,45664,10104,0,4,True,den520d-random-24.scen,260,True,opti
260,den520d.map,planner,1,51310,45664,360,360,46628,45664,10090,0,16,True,den520d-random-24.scen,260,True,opti
260,den520d.map,planner,1,51310,45664,360,360,46628,45664,10099,0,64,True,den520d-random-24.scen,260,True,opti
260,den520d.map,planner,1,51310,45664,360,360,46628,45664,10095,0,256,True,den520d-random-24.scen,260,True,opti
380,den520d.map,planner,1,80079,68604,413,413,70801,68604,10306,0,0,False,den520d-random-24.scen,380,True,
380,den520d.map,planner,1,79295,68604,413,413,70812,68604,10321,0,0,True,den520d-random-24.scen,380,True,opti
380,den520d.map,planner,1,79657,68604,413,413,70572,68604,10321,0,1,True,den520d-random-24.scen,380,True,opti
380,den520d.map,planner,1,80222,68604,413,413,70593,68604,10317,0,4,True,den520d-random-24.scen,380,True,opti
380,den520d.map,planner,1,79853,68604,413,413,70600,68604,10202,0,16,True,den520d-random-24.scen,380,True,opti
380,den520d.map,planner,1,80593,68604,413,413,70654,68604,10133,0,64,True,den520d-random-24.scen,380,True,opti
380,den520d.map,planner,1,80788,68604,413,413,70627,68604,10335,0,256,True,den520d-random-24.scen,380,True,opti
500,den520d.map,planner,1,108120,89417,415,413,92880,89417,10196,0,0,False,den520d-random-24.scen,500,True,
500,den520d.map,planner,1,107782,89417,417,413,92900,89417,10247,0,0,True,den520d-random-24.scen,500,True,opti
500,den520d.map,planner,1,108015,89417,413,413,92685,89417,10255,0,1,True,den520d-random-24.scen,500,True,opti
500,den520d.map,planner,1,108628,89417,417,413,92663,89417,10216,0,4,True,den520d-random-24.scen,500,True,opti
500,den520d.map,planner,1,106554,89417,415,413,92696,89417,10237,0,16,True,den520d-random-24.scen,500,True,opti
500,den520d.map,planner,1,107476,89417,413,413,92655,89417,10229,0,64,True,den520d-random-24.scen,500,True,opti
500,den520d.map,planner,1,107764,89417,413,413,92628,89417,10226,0,256,True,den520d-random-24.scen,500,True,opti
620,den520d.map,planner,1,137563,109929,413,413,115649,109929,10068,0,0,False,den520d-random-24.scen,620,True,
620,den520d.map,planner,1,137158,109929,413,413,115512,109929,10181,0,0,True,den520d-random-24.scen,620,True,opti
620,den520d.map,planner,1,136705,109929,413,413,115069,109929,10160,0,1,True,den520d-random-24.scen,620,True,opti
620,den520d.map,planner,1,136865,109929,415,413,115001,109929,10198,0,4,True,den520d-random-24.scen,620,True,opti
620,den520d.map,planner,1,136351,109929,415,413,115140,109929,10161,0,16,True,den520d-random-24.scen,620,True,opti
620,den520d.map,planner,1,137446,109929,413,413,114981,109929,10151,0,64,True,den520d-random-24.scen,620,True,opti
620,den520d.map,planner,1,137606,109929,413,413,114977,109929,10057,0,256,True,den520d-random-24.scen,620,True,opti
740,den520d.map,planner,1,167583,130469,413,413,138770,130469,10148,0,0,False,den520d-random-24.scen,740,True,
740,den520d.map,planner,1,167084,130469,413,413,139006,130469,10163,0,0,True,den520d-random-24.scen,740,True,opti
740,den520d.map,planner,1,165560,130469,413,413,138221,130469,10148,0,1,True,den520d-random-24.scen,740,True,opti
740,den520d.map,planner,1,166626,130469,416,413,138023,130469,10129,0,4,True,den520d-random-24.scen,740,True,opti
740,den520d.map,planner,1,166779,130469,413,413,138129,130469,10143,0,16,True,den520d-random-24.scen,740,True,opti
740,den520d.map,planner,1,167364,130469,417,413,137932,130469,10048,0,64,True,den520d-random-24.scen,740,True,opti
740,den520d.map,planner,1,166736,130469,414,413,138100,130469,10107,0,256,True,den520d-random-24.scen,740,True,opti
860,den520d.map,planner,1,200312,150610,415,413,161961,150610,10118,0,0,False,den520d-random-24.scen,860,True,
860,den520d.map,planner,1,199396,150610,415,413,162054,150610,10132,0,0,True,den520d-random-24.scen,860,True,opti
860,den520d.map,planner,1,197627,150610,413,413,161101,150610,10127,0,1,True,den520d-random-24.scen,860,True,opti
860,den520d.map,planner,1,196565,150610,417,413,161104,150610,10101,0,4,True,den520d-random-24.scen,860,True,opti
860,den520d.map,planner,1,198342,150610,416,413,160849,150610,10078,0,16,True,den520d-random-24.scen,860,True,opti
860,den520d.map,planner,1,196470,150610,417,413,161042,150610,10025,0,64,True,den520d-random-24.scen,860,True,opti
860,den520d.map,planner,1,197883,150610,414,413,160966,150610,10027,0,256,True,den520d-random-24.scen,860,True,opti
980,den520d.map,planner,1,230614,171507,414,413,186761,171507,10030,0,0,False,den520d-random-24.scen,980,True,
980,den520d.map,planner,1,230614,171507,414,413,186761,171507,10031,0,0,True,den520d-random-24.scen,980,True,opti
980,den520d.map,planner,1,230794,171507,415,413,185736,171507,10072,0,1,True,den520d-random-24.scen,980,True,opti
980,den520d.map,planner,1,229445,171507,415,413,185206,171507,10050,0,4,True,den520d-random-24.scen,980,True,opti
980,den520d.map,planner,1,229598,171507,413,413,185368,171507,10066,0,16,True,den520d-random-24.scen,980,True,opti
980,den520d.map,planner,1,230402,171507,415,413,185790,171507,10073,0,64,True,den520d-random-24.scen,980,True,opti
980,den520d.map,planner,1,227943,171507,414,413,184697,171507,10012,0,256,True,den520d-random-24.scen,980,True,opti
