agents,map_file,solver,solved,soc,soc_lb,makespan,makespan_lb,sum_of_loss,sum_of_loss_lb,comp_time,seed,Opti_Deadline,Bool_Opti,Scenario_File,N,opti_objective,functype
20,warehouse-10-20-10-2-1.map,planner,1,1640,1542,175,175,1589,1542,10883,0,0,False,warehouse-10-20-10-2-1-random-16.scen,20,True,
20,warehouse-10-20-10-2-1.map,planner,1,1640,1542,175,175,1589,1542,10854,0,0,True,warehouse-10-20-10-2-1-random-16.scen,20,True,opti
20,warehouse-10-20-10-2-1.map,planner,1,1640,1542,175,175,1589,1542,10884,0,1,True,warehouse-10-20-10-2-1-random-16.scen,20,True,opti
20,warehouse-10-20-10-2-1.map,planner,1,1640,1542,175,175,1589,1542,10871,0,4,True,warehouse-10-20-10-2-1-random-16.scen,20,True,opti
20,warehouse-10-20-10-2-1.map,planner,1,1640,1542,175,175,1589,1542,10872,0,16,True,warehouse-10-20-10-2-1-random-16.scen,20,True,opti
20,warehouse-10-20-10-2-1.map,planner,1,1640,1542,175,175,1589,1542,10867,0,64,True,warehouse-10-20-10-2-1-random-16.scen,20,True,opti
20,warehouse-10-20-10-2-1.map,planner,1,1640,1542,175,175,1589,1542,10868,0,256,True,warehouse-10-20-10-2-1-random-16.scen,20,True,opti
60,warehouse-10-20-10-2-1.map,planner,1,6667,5554,194,194,6010,5554,10142,0,0,False,warehouse-10-20-10-2-1-random-16.scen,60,True,
60,warehouse-10-20-10-2-1.map,planner,1,6554,5554,194,194,5931,5554,10378,0,0,True,warehouse-10-20-10-2-1-random-16.scen,60,True,opti
60,warehouse-10-20-10-2-1.map,planner,1,6712,5554,194,194,5957,5554,10381,0,1,True,warehouse-10-20-10-2-1-random-16.scen,60,True,opti
60,warehouse-10-20-10-2-1.map,planner,1,6712,5554,194,194,5957,5554,10421,0,4,True,warehouse-10-20-10-2-1-random-16.scen,60,True,opti
60,warehouse-10-20-10-2-1.map,planner,1,6712,5554,194,194,5957,5554,10414,0,16,True,warehouse-10-20-10-2-1-random-16.scen,60,True,opti
60,warehouse-10-20-10-2-1.map,planner,1,6712,5554,194,194,5957,5554,10344,0,64,True,warehouse-10-20-10-2-1-random-16.scen,60,True,opti
60,warehouse-10-20-10-2-1.map,planner,1,6712,5554,194,194,5957,5554,10404,0,256,True,warehouse-10-20-10-2-1-random-16.scen,60,True,opti
100,warehouse-10-20-10-2-1.map,planner,1,11569,8918,196,194,10269,8918,10123,0,0,False,warehouse-10-20-10-2-1-random-16.scen,100,True,
100,warehouse-10-20-10-2-1.map,planner,1,11810,8918,201,194,10492,8918,10182,0,0,True,warehouse-10-20-10-2-1-random-16.scen,100,True,opti
100,warehouse-10-20-10-2-1.map,planner,1,11907,8918,195,194,10549,8918,10841,0,1,True,warehouse-10-20-10-2-1-random-16.scen,100,True,opti
100,warehouse-10-20-10-2-1.map,planner,1,11907,8918,195,194,10549,8918,10858,0,4,True,warehouse-10-20-10-2-1-random-16.scen,100,True,opti
100,warehouse-10-20-10-2-1.map,planner,1,11907,8918,195,194,10549,8918,10818,0,16,True,warehouse-10-20-10-2-1-random-16.scen,100,True,opti
100,warehouse-10-20-10-2-1.map,planner,1,11907,8918,195,194,10549,8918,10790,0,64,True,warehouse-10-20-10-2-1-random-16.scen,100,True,opti
100,warehouse-10-20-10-2-1.map,planner,1,11907,8918,195,194,10549,8918,10823,0,256,True,warehouse-10-20-10-2-1-random-16.scen,100,True,opti
140,warehouse-10-20-10-2-1.map,planner,1,16266,11786,194,194,14259,11786,10059,0,0,False,warehouse-10-20-10-2-1-random-16.scen,140,True,
140,warehouse-10-20-10-2-1.map,planner,0,0,11786,0,194,0,11786,10488,0,0,True,warehouse-10-20-10-2-1-random-16.scen,140,True,opti
140,warehouse-10-20-10-2-1.map,planner,0,0,11786,0,194,0,11786,10568,0,1,True,warehouse-10-20-10-2-1-random-16.scen,140,True,opti
140,warehouse-10-20-10-2-1.map,planner,0,0,11786,0,194,0,11786,10558,0,4,True,warehouse-10-20-10-2-1-random-16.scen,140,True,opti
140,warehouse-10-20-10-2-1.map,planner,0,0,11786,0,194,0,11786,10539,0,16,True,warehouse-10-20-10-2-1-random-16.scen,140,True,opti
140,warehouse-10-20-10-2-1.map,planner,0,0,11786,0,194,0,11786,10531,0,64,True,warehouse-10-20-10-2-1-random-16.scen,140,True,opti
140,warehouse-10-20-10-2-1.map,planner,0,0,11786,0,194,0,11786,10538,0,256,True,warehouse-10-20-10-2-1-random-16.scen,140,True,opti
180,warehouse-10-20-10-2-1.map,planner,1,20444,14584,194,194,17792,14584,10085,0,0,False,warehouse-10-20-10-2-1-random-16.scen,180,True,
180,warehouse-10-20-10-2-1.map,planner,1,21531,14584,221,194,18908,14584,10317,0,0,True,warehouse-10-20-10-2-1-random-16.scen,180,True,opti
180,warehouse-10-20-10-2-1.map,planner,0,0,14584,0,194,0,14584,10444,0,1,True,warehouse-10-20-10-2-1-random-16.scen,180,True,opti
180,warehouse-10-20-10-2-1.map,planner,1,24518,14584,361,194,20349,14584,10339,0,4,True,warehouse-10-20-10-2-1-random-16.scen,180,True,opti
180,warehouse-10-20-10-2-1.map,planner,1,22366,14584,260,194,19121,14584,10296,0,16,True,warehouse-10-20-10-2-1-random-16.scen,180,True,opti
180,warehouse-10-20-10-2-1.map,planner,1,22366,14584,260,194,19121,14584,10298,0,64,True,warehouse-10-20-10-2-1-random-16.scen,180,True,opti
180,warehouse-10-20-10-2-1.map,planner,1,22366,14584,260,194,19121,14584,10305,0,256,True,warehouse-10-20-10-2-1-random-16.scen,180,True,opti
20,warehouse-10-20-10-2-1.map,planner,1,1556,1552,185,185,1556,1552,11117,0,0,False,warehouse-10-20-10-2-1-random-17.scen,20,True,
20,warehouse-10-20-10-2-1.map,planner,1,1556,1552,185,185,1556,1552,11105,0,0,True,warehouse-10-20-10-2-1-random-17.scen,20,True,opti
20,warehouse-10-20-10-2-1.map,planner,1,1556,1552,185,185,1556,1552,11096,0,1,True,warehouse-10-20-10-2-1-random-17.scen,20,True,opti
20,warehouse-10-20-10-2-1.map,planner,1,1556,1552,185,185,1556,1552,11105,0,4,True,warehouse-10-20-10-2-1-random-17.scen,20,True,opti
20,warehouse-10-20-10-2-1.map,planner,1,1556,1552,185,185,1556,1552,11080,0,16,True,warehouse-10-20-10-2-1-random-17.scen,20,True,opti
20,warehouse-10-20-10-2-1.map,planner,1,1556,1552,185,185,1556,1552,11109,0,64,True,warehouse-10-20-10-2-1-random-17.scen,20,True,opti
20,warehouse-10-20-10-2-1.map,planner,1,1556,1552,185,185,1556,1552,11047,0,256,True,warehouse-10-20-10-2-1-random-17.scen,20,True,opti
60,warehouse-10-20-10-2-1.map,planner,1,5999,5221,185,185,5659,5221,10278,0,0,False,warehouse-10-20-10-2-1-random-17.scen,60,True,
60,warehouse-10-20-10-2-1.map,planner,1,5950,5221,185,185,5591,5221,10355,0,0,True,warehouse-10-20-10-2-1-random-17.scen,60,True,opti
60,warehouse-10-20-10-2-1.map,planner,1,6094,5221,198,185,5724,5221,10191,0,1,True,warehouse-10-20-10-2-1-random-17.scen,60,True,opti
60,warehouse-10-20-10-2-1.map,planner,1,5925,5221,187,185,5572,5221,10286,0,4,True,warehouse-10-20-10-2-1-random-17.scen,60,True,opti
60,warehouse-10-20-10-2-1.map,planner,1,5925,5221,187,185,5572,5221,10295,0,16,True,warehouse-10-20-10-2-1-random-17.scen,60,True,opti
60,warehouse-10-20-10-2-1.map,planner,1,5925,5221,187,185,5572,5221,10294,0,64,True,warehouse-10-20-10-2-1-random-17.scen,60,True,opti
60,warehouse-10-20-10-2-1.map,planner,1,5925,5221,187,185,5572,5221,10292,0,256,True,warehouse-10-20-10-2-1-random-17.scen,60,True,opti
100,warehouse-10-20-10-2-1.map,planner,1,10798,8671,200,185,9975,8671,10169,0,0,False,warehouse-10-20-10-2-1-random-17.scen,100,True,
100,warehouse-10-20-10-2-1.map,planner,1,11614,8671,232,185,10527,8671,10214,0,0,True,warehouse-10-20-10-2-1-random-17.scen,100,True,opti
100,warehouse-10-20-10-2-1.map,planner,1,11363,8671,230,185,10242,8671,10334,0,1,True,warehouse-10-20-10-2-1-random-17.scen,100,True,opti
100,warehouse-10-20-10-2-1.map,planner,1,11372,8671,310,185,10406,8671,10368,0,4,True,warehouse-10-20-10-2-1-random-17.scen,100,True,opti
100,warehouse-10-20-10-2-1.map,planner,1,11372,8671,310,185,10406,8671,10314,0,16,True,warehouse-10-20-10-2-1-random-17.scen,100,True,opti
100,warehouse-10-20-10-2-1.map,planner,1,11577,8671,254,185,10596,8671,10299,0,64,True,warehouse-10-20-10-2-1-random-17.scen,100,True,opti
100,warehouse-10-20-10-2-1.map,planner,1,11577,8671,254,185,10596,8671,10300,0,256,True,warehouse-10-20-10-2-1-random-17.scen,100,True,opti
140,warehouse-10-20-10-2-1.map,planner,1,15724,11456,198,185,14193,11456,10210,0,0,False,warehouse-10-20-10-2-1-random-17.scen,140,True,
140,warehouse-10-20-10-2-1.map,planner,1,16694,11456,244,185,14762,11456,10428,0,0,True,warehouse-10-20-10-2-1-random-17.scen,140,True,opti
140,warehouse-10-20-10-2-1.map,planner,1,16569,11456,263,185,15105,11456,10301,0,1,True,warehouse-10-20-10-2-1-random-17.scen,140,True,opti
140,warehouse-10-20-10-2-1.map,planner,1,16569,11456,263,185,15105,11456,10262,0,4,True,warehouse-10-20-10-2-1-random-17.scen,140,True,opti
140,warehouse-10-20-10-2-1.map,planner,1,16569,11456,263,185,15105,11456,10256,0,16,True,warehouse-10-20-10-2-1-random-17.scen,140,True,opti
140,warehouse-10-20-10-2-1.map,planner,1,16569,11456,263,185,15105,11456,10251,0,64,True,warehouse-10-20-10-2-1-random-17.scen,140,True,opti
140,warehouse-10-20-10-2-1.map,planner,1,16569,11456,263,185,15105,11456,10261,0,256,True,warehouse-10-20-10-2-1-random-17.scen,140,True,opti
180,warehouse-10-20-10-2-1.map,planner,1,20465,14387,252,185,17999,14387,10310,0,0,False,warehouse-10-20-10-2-1-random-17.scen,180,True,
180,warehouse-10-20-10-2-1.map,planner,0,0,14387,0,185,0,14387,10475,0,0,True,warehouse-10-20-10-2-1-random-17.scen,180,True,opti
180,warehouse-10-20-10-2-1.map,planner,0,0,14387,0,185,0,14387,10452,0,1,True,warehouse-10-20-10-2-1-random-17.scen,180,True,opti
180,warehouse-10-20-10-2-1.map,planner,0,0,14387,0,185,0,14387,10452,0,4,True,warehouse-10-20-10-2-1-random-17.scen,180,True,opti
180,warehouse-10-20-10-2-1.map,planner,0,0,14387,0,185,0,14387,10455,0,16,True,warehouse-10-20-10-2-1-random-17.scen,180,True,opti
180,warehouse-10-20-10-2-1.map,planner,0,0,14387,0,185,0,14387,10464,0,64,True,warehouse-10-20-10-2-1-random-17.scen,180,True,opti
180,warehouse-10-20-10-2-1.map,planner,0,0,14387,0,185,0,14387,10453,0,256,True,warehouse-10-20-10-2-1-random-17.scen,180,True,opti
20,warehouse-10-20-10-2-1.map,planner,1,1371,1369,167,167,1371,1369,10949,0,0,False,warehouse-10-20-10-2-1-random-9.scen,20,True,
20,warehouse-10-20-10-2-1.map,planner,1,1371,1369,167,167,1371,1369,10907,0,0,True,warehouse-10-20-10-2-1-random-9.scen,20,True,opti
20,warehouse-10-20-10-2-1.map,planner,1,1371,1369,167,167,1371,1369,10907,0,1,True,warehouse-10-20-10-2-1-random-9.scen,20,True,opti
20,warehouse-10-20-10-2-1.map,planner,1,1371,1369,167,167,1371,1369,10920,0,4,True,warehouse-10-20-10-2-1-random-9.scen,20,True,opti
20,warehouse-10-20-10-2-1.map,planner,1,1371,1369,167,167,1371,1369,10927,0,16,True,warehouse-10-20-10-2-1-random-9.scen,20,True,opti
20,warehouse-10-20-10-2-1.map,planner,1,1371,1369,167,167,1371,1369,10950,0,64,True,warehouse-10-20-10-2-1-random-9.scen,20,True,opti
20,warehouse-10-20-10-2-1.map,planner,1,1371,1369,167,167,1371,1369,10927,0,256,True,warehouse-10-20-10-2-1-random-9.scen,20,True,opti
60,warehouse-10-20-10-2-1.map,planner,1,6131,5184,178,167,5505,5184,10220,0,0,False,warehouse-10-20-10-2-1-random-9.scen,60,True,
60,warehouse-10-20-10-2-1.map,planner,1,5856,5184,178,167,5495,5184,10335,0,0,True,warehouse-10-20-10-2-1-random-9.scen,60,True,opti
60,warehouse-10-20-10-2-1.map,planner,1,5944,5184,225,167,5567,5184,10226,0,1,True,warehouse-10-20-10-2-1-random-9.scen,60,True,opti
60,warehouse-10-20-10-2-1.map,planner,1,5944,5184,225,167,5567,5184,10225,0,4,True,warehouse-10-20-10-2-1-random-9.scen,60,True,opti
60,warehouse-10-20-10-2-1.map,planner,1,5944,5184,225,167,5567,5184,10227,0,16,True,warehouse-10-20-10-2-1-random-9.scen,60,True,opti
60,warehouse-10-20-10-2-1.map,planner,1,5944,5184,225,167,5567,5184,10235,0,64,True,warehouse-10-20-10-2-1-random-9.scen,60,True,opti
60,warehouse-10-20-10-2-1.map,planner,1,5944,5184,225,167,5567,5184,10234,0,256,True,warehouse-10-20-10-2-1-random-9.scen,60,True,opti
100,warehouse-10-20-10-2-1.map,planner,1,11098,8856,204,190,10052,8856,10219,0,0,False,warehouse-10-20-10-2-1-random-9.scen,100,True,
100,warehouse-10-20-10-2-1.map,planner,1,11104,8856,200,190,10197,8856,10329,0,0,True,warehouse-10-20-10-2-1-random-9.scen,100,True,opti
100,warehouse-10-20-10-2-1.map,planner,1,11753,8856,275,190,10603,8856,10158,0,1,True,warehouse-10-20-10-2-1-random-9.scen,100,True,opti
100,warehouse-10-20-10-2-1.map,planner,1,11753,8856,275,190,10603,8856,10165,0,4,True,warehouse-10-20-10-2-1-random-9.scen,100,True,opti
100,warehouse-10-20-10-2-1.map,planner,1,11753,8856,275,190,10603,8856,10154,0,16,True,warehouse-10-20-10-2-1-random-9.scen,100,True,opti
100,warehouse-10-20-10-2-1.map,planner,1,11753,8856,275,190,10603,8856,10195,0,64,True,warehouse-10-20-10-2-1-random-9.scen,100,True,opti
100,warehouse-10-20-10-2-1.map,planner,1,11753,8856,275,190,10603,8856,10158,0,256,True,warehouse-10-20-10-2-1-random-9.scen,100,True,opti
140,warehouse-10-20-10-2-1.map,planner,1,16218,12080,195,190,14679,12080,10072,0,0,False,warehouse-10-20-10-2-1-random-9.scen,140,True,
140,warehouse-10-20-10-2-1.map,planner,1,16278,12080,232,190,14795,12080,10179,0,0,True,warehouse-10-20-10-2-1-random-9.scen,140,True,opti
140,warehouse-10-20-10-2-1.map,planner,1,16739,12080,253,190,14981,12080,10377,0,1,True,warehouse-10-20-10-2-1-random-9.scen,140,True,opti
140,warehouse-10-20-10-2-1.map,planner,1,16809,12080,250,190,15001,12080,10368,0,4,True,warehouse-10-20-10-2-1-random-9.scen,140,True,opti
140,warehouse-10-20-10-2-1.map,planner,0,0,12080,0,190,0,12080,10560,0,16,True,warehouse-10-20-10-2-1-random-9.scen,140,True,opti
140,warehouse-10-20-10-2-1.map,planner,0,0,12080,0,190,0,12080,10567,0,64,True,warehouse-10-20-10-2-1-random-9.scen,140,True,opti
140,warehouse-10-20-10-2-1.map,planner,0,0,12080,0,190,0,12080,10547,0,256,True,warehouse-10-20-10-2-1-random-9.scen,140,True,opti
180,warehouse-10-20-10-2-1.map,planner,1,21487,15038,272,190,19110,15038,10106,0,0,False,warehouse-10-20-10-2-1-random-9.scen,180,True,
180,warehouse-10-20-10-2-1.map,planner,0,0,15038,0,190,0,15038,10409,0,0,True,warehouse-10-20-10-2-1-random-9.scen,180,True,opti
180,warehouse-10-20-10-2-1.map,planner,0,0,15038,0,190,0,15038,10427,0,1,True,warehouse-10-20-10-2-1-random-9.scen,180,True,opti
180,warehouse-10-20-10-2-1.map,planner,0,0,15038,0,190,0,15038,10432,0,4,True,warehouse-10-20-10-2-1-random-9.scen,180,True,opti
180,warehouse-10-20-10-2-1.map,planner,0,0,15038,0,190,0,15038,10435,0,16,True,warehouse-10-20-10-2-1-random-9.scen,180,True,opti
180,warehouse-10-20-10-2-1.map,planner,0,0,15038,0,190,0,15038,10431,0,64,True,warehouse-10-20-10-2-1-random-9.scen,180,True,opti
180,warehouse-10-20-10-2-1.map,planner,0,0,15038,0,190,0,15038,10444,0,256,True,warehouse-10-20-10-2-1-random-9.scen,180,True,opti
20,warehouse-10-20-10-2-1.map,planner,1,1816,1816,176,176,1816,1816,4436,0,0,False,warehouse-10-20-10-2-1-random-15.scen,20,True,
20,warehouse-10-20-10-2-1.map,planner,1,1818,1816,176,176,1818,1816,10965,0,0,True,warehouse-10-20-10-2-1-random-15.scen,20,True,opti
20,warehouse-10-20-10-2-1.map,planner,1,1829,1816,178,176,1829,1816,10564,0,1,True,warehouse-10-20-10-2-1-random-15.scen,20,True,opti
20,warehouse-10-20-10-2-1.map,planner,1,1829,1816,178,176,1829,1816,10568,0,4,True,warehouse-10-20-10-2-1-random-15.scen,20,True,opti
20,warehouse-10-20-10-2-1.map,planner,1,1829,1816,178,176,1829,1816,10580,0,16,True,warehouse-10-20-10-2-1-random-15.scen,20,True,opti
20,warehouse-10-20-10-2-1.map,planner,1,1829,1816,178,176,1829,1816,10562,0,64,True,warehouse-10-20-10-2-1-random-15.scen,20,True,opti
20,warehouse-10-20-10-2-1.map,planner,1,1829,1816,178,176,1829,1816,10599,0,256,True,warehouse-10-20-10-2-1-random-15.scen,20,True,opti
60,warehouse-10-20-10-2-1.map,planner,1,6403,5196,181,179,5716,5196,10399,0,0,False,warehouse-10-20-10-2-1-random-15.scen,60,True,
60,warehouse-10-20-10-2-1.map,planner,1,6070,5196,227,179,5662,5196,10273,0,0,True,warehouse-10-20-10-2-1-random-15.scen,60,True,opti
60,warehouse-10-20-10-2-1.map,planner,1,6479,5196,205,179,5783,5196,10360,0,1,True,warehouse-10-20-10-2-1-random-15.scen,60,True,opti
60,warehouse-10-20-10-2-1.map,planner,1,6479,5196,205,179,5783,5196,10321,0,4,True,warehouse-10-20-10-2-1-random-15.scen,60,True,opti
60,warehouse-10-20-10-2-1.map,planner,1,6479,5196,205,179,5783,5196,10331,0,16,True,warehouse-10-20-10-2-1-random-15.scen,60,True,opti
60,warehouse-10-20-10-2-1.map,planner,1,6479,5196,205,179,5783,5196,10329,0,64,True,warehouse-10-20-10-2-1-random-15.scen,60,True,opti
60,warehouse-10-20-10-2-1.map,planner,1,6479,5196,205,179,5783,5196,10333,0,256,True,warehouse-10-20-10-2-1-random-15.scen,60,True,opti
100,warehouse-10-20-10-2-1.map,planner,1,11479,8619,194,193,9988,8619,10095,0,0,False,warehouse-10-20-10-2-1-random-15.scen,100,True,
100,warehouse-10-20-10-2-1.map,planner,1,11613,8619,233,193,10427,8619,10086,0,0,True,warehouse-10-20-10-2-1-random-15.scen,100,True,opti
100,warehouse-10-20-10-2-1.map,planner,1,11112,8619,199,193,9887,8619,10200,0,1,True,warehouse-10-20-10-2-1-random-15.scen,100,True,opti
100,warehouse-10-20-10-2-1.map,planner,1,11112,8619,199,193,9887,8619,10269,0,4,True,warehouse-10-20-10-2-1-random-15.scen,100,True,opti
100,warehouse-10-20-10-2-1.map,planner,1,11112,8619,199,193,9887,8619,10182,0,16,True,warehouse-10-20-10-2-1-random-15.scen,100,True,opti
100,warehouse-10-20-10-2-1.map,planner,1,11112,8619,199,193,9887,8619,10283,0,64,True,warehouse-10-20-10-2-1-random-15.scen,100,True,opti
100,warehouse-10-20-10-2-1.map,planner,1,11112,8619,199,193,9887,8619,10299,0,256,True,warehouse-10-20-10-2-1-random-15.scen,100,True,opti
140,warehouse-10-20-10-2-1.map,planner,1,16383,11308,200,193,13785,11308,10212,0,0,False,warehouse-10-20-10-2-1-random-15.scen,140,True,
140,warehouse-10-20-10-2-1.map,planner,1,15816,11308,205,193,13953,11308,10205,0,0,True,warehouse-10-20-10-2-1-random-15.scen,140,True,opti
140,warehouse-10-20-10-2-1.map,planner,1,16312,11308,197,193,14413,11308,10110,0,1,True,warehouse-10-20-10-2-1-random-15.scen,140,True,opti
140,warehouse-10-20-10-2-1.map,planner,1,16312,11308,197,193,14413,11308,10105,0,4,True,warehouse-10-20-10-2-1-random-15.scen,140,True,opti
140,warehouse-10-20-10-2-1.map,planner,1,16312,11308,197,193,14413,11308,10106,0,16,True,warehouse-10-20-10-2-1-random-15.scen,140,True,opti
140,warehouse-10-20-10-2-1.map,planner,1,16312,11308,197,193,14413,11308,10101,0,64,True,warehouse-10-20-10-2-1-random-15.scen,140,True,opti
140,warehouse-10-20-10-2-1.map,planner,1,16312,11308,197,193,14413,11308,10097,0,256,True,warehouse-10-20-10-2-1-random-15.scen,140,True,opti
180,warehouse-10-20-10-2-1.map,planner,1,21495,14572,198,193,18464,14572,10145,0,0,False,warehouse-10-20-10-2-1-random-15.scen,180,True,
180,warehouse-10-20-10-2-1.map,planner,1,21989,14572,238,193,19244,14572,10185,0,0,True,warehouse-10-20-10-2-1-random-15.scen,180,True,opti
180,warehouse-10-20-10-2-1.map,planner,1,23008,14572,250,193,20034,14572,10269,0,1,True,warehouse-10-20-10-2-1-random-15.scen,180,True,opti
180,warehouse-10-20-10-2-1.map,planner,0,0,14572,0,193,0,14572,10422,0,4,True,warehouse-10-20-10-2-1-random-15.scen,180,True,opti
180,warehouse-10-20-10-2-1.map,planner,1,25024,14572,331,193,20714,14572,10254,0,16,True,warehouse-10-20-10-2-1-random-15.scen,180,True,opti
180,warehouse-10-20-10-2-1.map,planner,1,25024,14572,331,193,20714,14572,10239,0,64,True,warehouse-10-20-10-2-1-random-15.scen,180,True,opti
180,warehouse-10-20-10-2-1.map,planner,1,24139,14572,336,193,20509,14572,10256,0,256,True,warehouse-10-20-10-2-1-random-15.scen,180,True,opti
20,warehouse-10-20-10-2-1.map,planner,1,1721,1618,172,172,1641,1618,10852,0,0,False,warehouse-10-20-10-2-1-random-12.scen,20,True,
20,warehouse-10-20-10-2-1.map,planner,1,1721,1618,172,172,1641,1618,10843,0,0,True,warehouse-10-20-10-2-1-random-12.scen,20,True,opti
20,warehouse-10-20-10-2-1.map,planner,1,1722,1618,173,172,1642,1618,10884,0,1,True,warehouse-10-20-10-2-1-random-12.scen,20,True,opti
20,warehouse-10-20-10-2-1.map,planner,1,1722,1618,173,172,1642,1618,10887,0,4,True,warehouse-10-20-10-2-1-random-12.scen,20,True,opti
20,warehouse-10-20-10-2-1.map,planner,1,1722,1618,173,172,1642,1618,10880,0,16,True,warehouse-10-20-10-2-1-random-12.scen,20,True,opti
20,warehouse-10-20-10-2-1.map,planner,1,1722,1618,173,172,1642,1618,10868,0,64,True,warehouse-10-20-10-2-1-random-12.scen,20,True,opti
20,warehouse-10-20-10-2-1.map,planner,1,1722,1618,173,172,1642,1618,10904,0,256,True,warehouse-10-20-10-2-1-random-12.scen,20,True,opti
60,warehouse-10-20-10-2-1.map,planner,1,5958,4772,174,172,5294,4772,10377,0,0,False,warehouse-10-20-10-2-1-random-12.scen,60,True,
60,warehouse-10-20-10-2-1.map,planner,1,5797,4772,180,172,5351,4772,10342,0,0,True,warehouse-10-20-10-2-1-random-12.scen,60,True,opti
60,warehouse-10-20-10-2-1.map,planner,1,5743,4772,174,172,5279,4772,10413,0,1,True,warehouse-10-20-10-2-1-random-12.scen,60,True,opti
60,warehouse-10-20-10-2-1.map,planner,1,5743,4772,174,172,5279,4772,10421,0,4,True,warehouse-10-20-10-2-1-random-12.scen,60,True,opti
60,warehouse-10-20-10-2-1.map,planner,1,5743,4772,174,172,5279,4772,10421,0,16,True,warehouse-10-20-10-2-1-random-12.scen,60,True,opti
60,warehouse-10-20-10-2-1.map,planner,1,5743,4772,174,172,5279,4772,10410,0,64,True,warehouse-10-20-10-2-1-random-12.scen,60,True,opti
60,warehouse-10-20-10-2-1.map,planner,1,5743,4772,174,172,5279,4772,10449,0,256,True,warehouse-10-20-10-2-1-random-12.scen,60,True,opti
100,warehouse-10-20-10-2-1.map,planner,1,10687,8269,199,182,9609,8269,10157,0,0,False,warehouse-10-20-10-2-1-random-12.scen,100,True,
100,warehouse-10-20-10-2-1.map,planner,1,11055,8269,217,182,9936,8269,10162,0,0,True,warehouse-10-20-10-2-1-random-12.scen,100,True,opti
100,warehouse-10-20-10-2-1.map,planner,1,10826,8269,197,182,9964,8269,10296,0,1,True,warehouse-10-20-10-2-1-random-12.scen,100,True,opti
100,warehouse-10-20-10-2-1.map,planner,1,11145,8269,262,182,9985,8269,10221,0,4,True,warehouse-10-20-10-2-1-random-12.scen,100,True,opti
100,warehouse-10-20-10-2-1.map,planner,1,11145,8269,262,182,9985,8269,10207,0,16,True,warehouse-10-20-10-2-1-random-12.scen,100,True,opti
100,warehouse-10-20-10-2-1.map,planner,1,11145,8269,262,182,9985,8269,10207,0,64,True,warehouse-10-20-10-2-1-random-12.scen,100,True,opti
100,warehouse-10-20-10-2-1.map,planner,1,11145,8269,262,182,9985,8269,10198,0,256,True,warehouse-10-20-10-2-1-random-12.scen,100,True,opti
140,warehouse-10-20-10-2-1.map,planner,1,15322,10910,219,182,13491,10910,10299,0,0,False,warehouse-10-20-10-2-1-random-12.scen,140,True,
140,warehouse-10-20-10-2-1.map,planner,1,14908,10910,214,182,13452,10910,10226,0,0,True,warehouse-10-20-10-2-1-random-12.scen,140,True,opti
140,warehouse-10-20-10-2-1.map,planner,1,15504,10910,230,182,14004,10910,10316,0,1,True,warehouse-10-20-10-2-1-random-12.scen,140,True,opti
140,warehouse-10-20-10-2-1.map,planner,1,15504,10910,230,182,14004,10910,10318,0,4,True,warehouse-10-20-10-2-1-random-12.scen,140,True,opti
140,warehouse-10-20-10-2-1.map,planner,1,15504,10910,230,182,14004,10910,10264,0,16,True,warehouse-10-20-10-2-1-random-12.scen,140,True,opti
140,warehouse-10-20-10-2-1.map,planner,1,15504,10910,230,182,14004,10910,10312,0,64,True,warehouse-10-20-10-2-1-random-12.scen,140,True,opti
140,warehouse-10-20-10-2-1.map,planner,1,15504,10910,230,182,14004,10910,10304,0,256,True,warehouse-10-20-10-2-1-random-12.scen,140,True,opti
180,warehouse-10-20-10-2-1.map,planner,1,20696,14169,203,182,17908,14169,10229,0,0,False,warehouse-10-20-10-2-1-random-12.scen,180,True,
180,warehouse-10-20-10-2-1.map,planner,1,20760,14169,232,182,18328,14169,10216,0,0,True,warehouse-10-20-10-2-1-random-12.scen,180,True,opti
180,warehouse-10-20-10-2-1.map,planner,1,21903,14169,267,182,18832,14169,10395,0,1,True,warehouse-10-20-10-2-1-random-12.scen,180,True,opti
180,warehouse-10-20-10-2-1.map,planner,1,20993,14169,258,182,18566,14169,10350,0,4,True,warehouse-10-20-10-2-1-random-12.scen,180,True,opti
180,warehouse-10-20-10-2-1.map,planner,1,20993,14169,258,182,18566,14169,10360,0,16,True,warehouse-10-20-10-2-1-random-12.scen,180,True,opti
180,warehouse-10-20-10-2-1.map,planner,1,20993,14169,258,182,18566,14169,10351,0,64,True,warehouse-10-20-10-2-1-random-12.scen,180,True,opti
180,warehouse-10-20-10-2-1.map,planner,1,20993,14169,258,182,18566,14169,10352,0,256,True,warehouse-10-20-10-2-1-random-12.scen,180,True,opti
20,warehouse-10-20-10-2-1.map,planner,1,1651,1650,179,178,1651,1650,10849,0,0,False,warehouse-10-20-10-2-1-random-13.scen,20,True,
20,warehouse-10-20-10-2-1.map,planner,1,1651,1650,179,178,1651,1650,10832,0,0,True,warehouse-10-20-10-2-1-random-13.scen,20,True,opti
20,warehouse-10-20-10-2-1.map,planner,1,1652,1650,180,178,1652,1650,10826,0,1,True,warehouse-10-20-10-2-1-random-13.scen,20,True,opti
20,warehouse-10-20-10-2-1.map,planner,1,1652,1650,180,178,1652,1650,10805,0,4,True,warehouse-10-20-10-2-1-random-13.scen,20,True,opti
20,warehouse-10-20-10-2-1.map,planner,1,1652,1650,180,178,1652,1650,10815,0,16,True,warehouse-10-20-10-2-1-random-13.scen,20,True,opti
20,warehouse-10-20-10-2-1.map,planner,1,1652,1650,180,178,1652,1650,10815,0,64,True,warehouse-10-20-10-2-1-random-13.scen,20,True,opti
20,warehouse-10-20-10-2-1.map,planner,1,1652,1650,180,178,1652,1650,10811,0,256,True,warehouse-10-20-10-2-1-random-13.scen,20,True,opti
60,warehouse-10-20-10-2-1.map,planner,1,6052,5067,178,178,5612,5067,10379,0,0,False,warehouse-10-20-10-2-1-random-13.scen,60,True,
60,warehouse-10-20-10-2-1.map,planner,1,5898,5067,208,178,5545,5067,10332,0,0,True,warehouse-10-20-10-2-1-random-13.scen,60,True,opti
60,warehouse-10-20-10-2-1.map,planner,1,6081,5067,200,178,5656,5067,10289,0,1,True,warehouse-10-20-10-2-1-random-13.scen,60,True,opti
60,warehouse-10-20-10-2-1.map,planner,1,6081,5067,200,178,5656,5067,10295,0,4,True,warehouse-10-20-10-2-1-random-13.scen,60,True,opti
60,warehouse-10-20-10-2-1.map,planner,1,6081,5067,200,178,5656,5067,10318,0,16,True,warehouse-10-20-10-2-1-random-13.scen,60,True,opti
60,warehouse-10-20-10-2-1.map,planner,1,6081,5067,200,178,5656,5067,10286,0,64,True,warehouse-10-20-10-2-1-random-13.scen,60,True,opti
60,warehouse-10-20-10-2-1.map,planner,1,6081,5067,200,178,5656,5067,10290,0,256,True,warehouse-10-20-10-2-1-random-13.scen,60,True,opti
100,warehouse-10-20-10-2-1.map,planner,1,10579,8316,197,196,9664,8316,10445,0,0,False,warehouse-10-20-10-2-1-random-13.scen,100,True,
100,warehouse-10-20-10-2-1.map,planner,1,11231,8316,218,196,10028,8316,10271,0,0,True,warehouse-10-20-10-2-1-random-13.scen,100,True,opti
100,warehouse-10-20-10-2-1.map,planner,1,10934,8316,197,196,9752,8316,10351,0,1,True,warehouse-10-20-10-2-1-random-13.scen,100,True,opti
100,warehouse-10-20-10-2-1.map,planner,1,10934,8316,197,196,9752,8316,10309,0,4,True,warehouse-10-20-10-2-1-random-13.scen,100,True,opti
100,warehouse-10-20-10-2-1.map,planner,1,10934,8316,197,196,9752,8316,10438,0,16,True,warehouse-10-20-10-2-1-random-13.scen,100,True,opti
100,warehouse-10-20-10-2-1.map,planner,1,10934,8316,197,196,9752,8316,10319,0,64,True,warehouse-10-20-10-2-1-random-13.scen,100,True,opti
100,warehouse-10-20-10-2-1.map,planner,1,10934,8316,197,196,9752,8316,10320,0,256,True,warehouse-10-20-10-2-1-random-13.scen,100,True,opti
140,warehouse-10-20-10-2-1.map,planner,1,15634,11393,205,196,13759,11393,10155,0,0,False,warehouse-10-20-10-2-1-random-13.scen,140,True,
140,warehouse-10-20-10-2-1.map,planner,0,0,11393,0,196,0,11393,10534,0,0,True,warehouse-10-20-10-2-1-random-13.scen,140,True,opti
140,warehouse-10-20-10-2-1.map,planner,0,0,11393,0,196,0,11393,10546,0,1,True,warehouse-10-20-10-2-1-random-13.scen,140,True,opti
140,warehouse-10-20-10-2-1.map,planner,0,0,11393,0,196,0,11393,10545,0,4,True,warehouse-10-20-10-2-1-random-13.scen,140,True,opti
140,warehouse-10-20-10-2-1.map,planner,0,0,11393,0,196,0,11393,10536,0,16,True,warehouse-10-20-10-2-1-random-13.scen,140,True,opti
140,warehouse-10-20-10-2-1.map,planner,0,0,11393,0,196,0,11393,10578,0,64,True,warehouse-10-20-10-2-1-random-13.scen,140,True,opti
140,warehouse-10-20-10-2-1.map,planner,0,0,11393,0,196,0,11393,10555,0,256,True,warehouse-10-20-10-2-1-random-13.scen,140,True,opti
180,warehouse-10-20-10-2-1.map,planner,1,21255,14647,221,196,18148,14647,10169,0,0,False,warehouse-10-20-10-2-1-random-13.scen,180,True,
180,warehouse-10-20-10-2-1.map,planner,0,0,14647,0,196,0,14647,10418,0,0,True,warehouse-10-20-10-2-1-random-13.scen,180,True,opti
180,warehouse-10-20-10-2-1.map,planner,0,0,14647,0,196,0,14647,10445,0,1,True,warehouse-10-20-10-2-1-random-13.scen,180,True,opti
180,warehouse-10-20-10-2-1.map,planner,0,0,14647,0,196,0,14647,10450,0,4,True,warehouse-10-20-10-2-1-random-13.scen,180,True,opti
180,warehouse-10-20-10-2-1.map,planner,0,0,14647,0,196,0,14647,10438,0,16,True,warehouse-10-20-10-2-1-random-13.scen,180,True,opti
180,warehouse-10-20-10-2-1.map,planner,0,0,14647,0,196,0,14647,10450,0,64,True,warehouse-10-20-10-2-1-random-13.scen,180,True,opti
180,warehouse-10-20-10-2-1.map,planner,0,0,14647,0,196,0,14647,10457,0,256,True,warehouse-10-20-10-2-1-random-13.scen,180,True,opti
20,warehouse-10-20-10-2-1.map,planner,1,1726,1654,180,179,1704,1654,10869,0,0,False,warehouse-10-20-10-2-1-random-24.scen,20,True,
20,warehouse-10-20-10-2-1.map,planner,1,1814,1654,179,179,1765,1654,10832,0,0,True,warehouse-10-20-10-2-1-random-24.scen,20,True,opti
20,warehouse-10-20-10-2-1.map,planner,1,1820,1654,180,179,1793,1654,11099,0,1,True,warehouse-10-20-10-2-1-random-24.scen,20,True,opti
20,warehouse-10-20-10-2-1.map,planner,1,1820,1654,180,179,1793,1654,11121,0,4,True,warehouse-10-20-10-2-1-random-24.scen,20,True,opti
20,warehouse-10-20-10-2-1.map,planner,1,1820,1654,180,179,1793,1654,11099,0,16,True,warehouse-10-20-10-2-1-random-24.scen,20,True,opti
20,warehouse-10-20-10-2-1.map,planner,1,1820,1654,180,179,1793,1654,11133,0,64,True,warehouse-10-20-10-2-1-random-24.scen,20,True,opti
20,warehouse-10-20-10-2-1.map,planner,1,1820,1654,180,179,1793,1654,11126,0,256,True,warehouse-10-20-10-2-1-random-24.scen,20,True,opti
60,warehouse-10-20-10-2-1.map,planner,1,6167,5501,212,212,5887,5501,10197,0,0,False,warehouse-10-20-10-2-1-random-24.scen,60,True,
60,warehouse-10-20-10-2-1.map,planner,1,6486,5501,212,212,5975,5501,10182,0,0,True,warehouse-10-20-10-2-1-random-24.scen,60,True,opti
60,warehouse-10-20-10-2-1.map,planner,1,6271,5501,213,212,5962,5501,10113,0,1,True,warehouse-10-20-10-2-1-random-24.scen,60,True,opti
60,warehouse-10-20-10-2-1.map,planner,1,6271,5501,213,212,5962,5501,10104,0,4,True,warehouse-10-20-10-2-1-random-24.scen,60,True,opti
60,warehouse-10-20-10-2-1.map,planner,1,6271,5501,213,212,5962,5501,10102,0,16,True,warehouse-10-20-10-2-1-random-24.scen,60,True,opti
60,warehouse-10-20-10-2-1.map,planner,1,6271,5501,213,212,5962,5501,10099,0,64,True,warehouse-10-20-10-2-1-random-24.scen,60,True,opti
60,warehouse-10-20-10-2-1.map,planner,1,6271,5501,213,212,5962,5501,10107,0,256,True,warehouse-10-20-10-2-1-random-24.scen,60,True,opti
100,warehouse-10-20-10-2-1.map,planner,1,11374,9213,212,212,10606,9213,10359,0,0,False,warehouse-10-20-10-2-1-random-24.scen,100,True,
100,warehouse-10-20-10-2-1.map,planner,1,11802,9213,261,212,10853,9213,10378,0,0,True,warehouse-10-20-10-2-1-random-24.scen,100,True,opti
100,warehouse-10-20-10-2-1.map,planner,1,12109,9213,259,212,11145,9213,10188,0,1,True,warehouse-10-20-10-2-1-random-24.scen,100,True,opti
100,warehouse-10-20-10-2-1.map,planner,1,11948,9213,234,212,10997,9213,10320,0,4,True,warehouse-10-20-10-2-1-random-24.scen,100,True,opti
100,warehouse-10-20-10-2-1.map,planner,1,12263,9213,265,212,11234,9213,10262,0,16,True,warehouse-10-20-10-2-1-random-24.scen,100,True,opti
100,warehouse-10-20-10-2-1.map,planner,1,12263,9213,265,212,11234,9213,10360,0,64,True,warehouse-10-20-10-2-1-random-24.scen,100,True,opti
100,warehouse-10-20-10-2-1.map,planner,1,12263,9213,265,212,11234,9213,10285,0,256,True,warehouse-10-20-10-2-1-random-24.scen,100,True,opti
140,warehouse-10-20-10-2-1.map,planner,1,16432,12267,213,212,14903,12267,10311,0,0,False,warehouse-10-20-10-2-1-random-24.scen,140,True,
140,warehouse-10-20-10-2-1.map,planner,1,17046,12267,250,212,15706,12267,10453,0,0,True,warehouse-10-20-10-2-1-random-24.scen,140,True,opti
140,warehouse-10-20-10-2-1.map,planner,1,18193,12267,276,212,16397,12267,10332,0,1,True,warehouse-10-20-10-2-1-random-24.scen,140,True,opti
140,warehouse-10-20-10-2-1.map,planner,1,18193,12267,276,212,16397,12267,10344,0,4,True,warehouse-10-20-10-2-1-random-24.scen,140,True,opti
140,warehouse-10-20-10-2-1.map,planner,1,18193,12267,276,212,16397,12267,10326,0,16,True,warehouse-10-20-10-2-1-random-24.scen,140,True,opti
140,warehouse-10-20-10-2-1.map,planner,1,18193,12267,276,212,16397,12267,10318,0,64,True,warehouse-10-20-10-2-1-random-24.scen,140,True,opti
140,warehouse-10-20-10-2-1.map,planner,1,18193,12267,276,212,16397,12267,10331,0,256,True,warehouse-10-20-10-2-1-random-24.scen,140,True,opti
180,warehouse-10-20-10-2-1.map,planner,1,22217,15474,240,212,19790,15474,10332,0,0,False,warehouse-10-20-10-2-1-random-24.scen,180,True,
180,warehouse-10-20-10-2-1.map,planner,0,0,15474,0,212,0,15474,10480,0,0,True,warehouse-10-20-10-2-1-random-24.scen,180,True,opti
180,warehouse-10-20-10-2-1.map,planner,0,0,15474,0,212,0,15474,10452,0,1,True,warehouse-10-20-10-2-1-random-24.scen,180,True,opti
180,warehouse-10-20-10-2-1.map,planner,0,0,15474,0,212,0,15474,10464,0,4,True,warehouse-10-20-10-2-1-random-24.scen,180,True,opti
180,warehouse-10-20-10-2-1.map,planner,0,0,15474,0,212,0,15474,10465,0,16,True,warehouse-10-20-10-2-1-random-24.scen,180,True,opti
180,warehouse-10-20-10-2-1.map,planner,0,0,15474,0,212,0,15474,10482,0,64,True,warehouse-10-20-10-2-1-random-24.scen,180,True,opti
180,warehouse-10-20-10-2-1.map,planner,0,0,15474,0,212,0,15474,10460,0,256,True,warehouse-10-20-10-2-1-random-24.scen,180,True,opti
20,warehouse-10-20-10-2-1.map,planner,1,1643,1640,162,162,1643,1640,11046,0,0,False,warehouse-10-20-10-2-1-random-22.scen,20,True,
20,warehouse-10-20-10-2-1.map,planner,1,1643,1640,162,162,1643,1640,11026,0,0,True,warehouse-10-20-10-2-1-random-22.scen,20,True,opti
20,warehouse-10-20-10-2-1.map,planner,1,1643,1640,162,162,1643,1640,10998,0,1,True,warehouse-10-20-10-2-1-random-22.scen,20,True,opti
20,warehouse-10-20-10-2-1.map,planner,1,1643,1640,162,162,1643,1640,11033,0,4,True,warehouse-10-20-10-2-1-random-22.scen,20,True,opti
20,warehouse-10-20-10-2-1.map,planner,1,1643,1640,162,162,1643,1640,10883,0,16,True,warehouse-10-20-10-2-1-random-22.scen,20,True,opti
20,warehouse-10-20-10-2-1.map,planner,1,1643,1640,162,162,1643,1640,11014,0,64,True,warehouse-10-20-10-2-1-random-22.scen,20,True,opti
20,warehouse-10-20-10-2-1.map,planner,1,1643,1640,162,162,1643,1640,10956,0,256,True,warehouse-10-20-10-2-1-random-22.scen,20,True,opti
60,warehouse-10-20-10-2-1.map,planner,1,6268,5229,181,181,5681,5229,10258,0,0,False,warehouse-10-20-10-2-1-random-22.scen,60,True,
60,warehouse-10-20-10-2-1.map,planner,1,6316,5229,198,181,5760,5229,10390,0,0,True,warehouse-10-20-10-2-1-random-22.scen,60,True,opti
60,warehouse-10-20-10-2-1.map,planner,1,6309,5229,198,181,5711,5229,10315,0,1,True,warehouse-10-20-10-2-1-random-22.scen,60,True,opti
60,warehouse-10-20-10-2-1.map,planner,1,6309,5229,198,181,5711,5229,10314,0,4,True,warehouse-10-20-10-2-1-random-22.scen,60,True,opti
60,warehouse-10-20-10-2-1.map,planner,1,6309,5229,198,181,5711,5229,10319,0,16,True,warehouse-10-20-10-2-1-random-22.scen,60,True,opti
60,warehouse-10-20-10-2-1.map,planner,1,6309,5229,198,181,5711,5229,10317,0,64,True,warehouse-10-20-10-2-1-random-22.scen,60,True,opti
60,warehouse-10-20-10-2-1.map,planner,1,6309,5229,198,181,5711,5229,10310,0,256,True,warehouse-10-20-10-2-1-random-22.scen,60,True,opti
100,warehouse-10-20-10-2-1.map,planner,1,11521,8583,201,181,10192,8583,10205,0,0,False,warehouse-10-20-10-2-1-random-22.scen,100,True,
100,warehouse-10-20-10-2-1.map,planner,1,11377,8583,219,181,10070,8583,10177,0,0,True,warehouse-10-20-10-2-1-random-22.scen,100,True,opti
100,warehouse-10-20-10-2-1.map,planner,1,11885,8583,292,181,10562,8583,10248,0,1,True,warehouse-10-20-10-2-1-random-22.scen,100,True,opti
100,warehouse-10-20-10-2-1.map,planner,1,11885,8583,292,181,10562,8583,10245,0,4,True,warehouse-10-20-10-2-1-random-22.scen,100,True,opti
100,warehouse-10-20-10-2-1.map,planner,1,11885,8583,292,181,10562,8583,10242,0,16,True,warehouse-10-20-10-2-1-random-22.scen,100,True,opti
100,warehouse-10-20-10-2-1.map,planner,1,11885,8583,292,181,10562,8583,10263,0,64,True,warehouse-10-20-10-2-1-random-22.scen,100,True,opti
100,warehouse-10-20-10-2-1.map,planner,1,11885,8583,292,181,10562,8583,10255,0,256,True,warehouse-10-20-10-2-1-random-22.scen,100,True,opti
140,warehouse-10-20-10-2-1.map,planner,1,16068,11338,203,181,14386,11338,10233,0,0,False,warehouse-10-20-10-2-1-random-22.scen,140,True,
140,warehouse-10-20-10-2-1.map,planner,1,16128,11338,230,181,14417,11338,10164,0,0,True,warehouse-10-20-10-2-1-random-22.scen,140,True,opti
140,warehouse-10-20-10-2-1.map,planner,1,18557,11338,323,181,15893,11338,10425,0,1,True,warehouse-10-20-10-2-1-random-22.scen,140,True,opti
140,warehouse-10-20-10-2-1.map,planner,1,21042,11338,438,181,16962,11338,10422,0,4,True,warehouse-10-20-10-2-1-random-22.scen,140,True,opti
140,warehouse-10-20-10-2-1.map,planner,1,21042,11338,438,181,16962,11338,10419,0,16,True,warehouse-10-20-10-2-1-random-22.scen,140,True,opti
140,warehouse-10-20-10-2-1.map,planner,1,21042,11338,438,181,16962,11338,10426,0,64,True,warehouse-10-20-10-2-1-random-22.scen,140,True,opti
140,warehouse-10-20-10-2-1.map,planner,1,21042,11338,438,181,16962,11338,10439,0,256,True,warehouse-10-20-10-2-1-random-22.scen,140,True,opti
180,warehouse-10-20-10-2-1.map,planner,1,21384,14498,206,181,18876,14498,10236,0,0,False,warehouse-10-20-10-2-1-random-22.scen,180,True,
180,warehouse-10-20-10-2-1.map,planner,0,0,14498,0,181,0,14498,10415,0,0,True,warehouse-10-20-10-2-1-random-22.scen,180,True,opti
180,warehouse-10-20-10-2-1.map,planner,1,25133,14498,383,181,20952,14498,10350,0,1,True,warehouse-10-20-10-2-1-random-22.scen,180,True,opti
180,warehouse-10-20-10-2-1.map,planner,0,0,14498,0,181,0,14498,10419,0,4,True,warehouse-10-20-10-2-1-random-22.scen,180,True,opti
180,warehouse-10-20-10-2-1.map,planner,0,0,14498,0,181,0,14498,10443,0,16,True,warehouse-10-20-10-2-1-random-22.scen,180,True,opti
180,warehouse-10-20-10-2-1.map,planner,0,0,14498,0,181,0,14498,10433,0,64,True,warehouse-10-20-10-2-1-random-22.scen,180,True,opti
180,warehouse-10-20-10-2-1.map,planner,0,0,14498,0,181,0,14498,10439,0,256,True,warehouse-10-20-10-2-1-random-22.scen,180,True,opti
20,warehouse-10-20-10-2-1.map,planner,1,1491,1491,167,167,1491,1491,4168,0,0,False,warehouse-10-20-10-2-1-random-21.scen,20,True,
20,warehouse-10-20-10-2-1.map,planner,1,1491,1491,167,167,1491,1491,4208,0,0,True,warehouse-10-20-10-2-1-random-21.scen,20,True,opti
20,warehouse-10-20-10-2-1.map,planner,1,1491,1491,167,167,1491,1491,4244,0,1,True,warehouse-10-20-10-2-1-random-21.scen,20,True,opti
20,warehouse-10-20-10-2-1.map,planner,1,1491,1491,167,167,1491,1491,4214,0,4,True,warehouse-10-20-10-2-1-random-21.scen,20,True,opti
20,warehouse-10-20-10-2-1.map,planner,1,1491,1491,167,167,1491,1491,4184,0,16,True,warehouse-10-20-10-2-1-random-21.scen,20,True,opti
20,warehouse-10-20-10-2-1.map,planner,1,1491,1491,167,167,1491,1491,4188,0,64,True,warehouse-10-20-10-2-1-random-21.scen,20,True,opti
20,warehouse-10-20-10-2-1.map,planner,1,1491,1491,167,167,1491,1491,4193,0,256,True,warehouse-10-20-10-2-1-random-21.scen,20,True,opti
60,warehouse-10-20-10-2-1.map,planner,1,6192,5369,183,183,5787,5369,10311,0,0,False,warehouse-10-20-10-2-1-random-21.scen,60,True,
60,warehouse-10-20-10-2-1.map,planner,1,6291,5369,222,183,5910,5369,10380,0,0,True,warehouse-10-20-10-2-1-random-21.scen,60,True,opti
60,warehouse-10-20-10-2-1.map,planner,1,6379,5369,183,183,5922,5369,10238,0,1,True,warehouse-10-20-10-2-1-random-21.scen,60,True,opti
60,warehouse-10-20-10-2-1.map,planner,1,6325,5369,188,183,5915,5369,10244,0,4,True,warehouse-10-20-10-2-1-random-21.scen,60,True,opti
60,warehouse-10-20-10-2-1.map,planner,1,6379,5369,183,183,5922,5369,10232,0,16,True,warehouse-10-20-10-2-1-random-21.scen,60,True,opti
60,warehouse-10-20-10-2-1.map,planner,1,6325,5369,188,183,5915,5369,10252,0,64,True,warehouse-10-20-10-2-1-random-21.scen,60,True,opti
60,warehouse-10-20-10-2-1.map,planner,1,6325,5369,188,183,5915,5369,10264,0,256,True,warehouse-10-20-10-2-1-random-21.scen,60,True,opti
100,warehouse-10-20-10-2-1.map,planner,1,11232,8812,183,183,10383,8812,10194,0,0,False,warehouse-10-20-10-2-1-random-21.scen,100,True,
100,warehouse-10-20-10-2-1.map,planner,1,11310,8812,217,183,10357,8812,10177,0,0,True,warehouse-10-20-10-2-1-random-21.scen,100,True,opti
100,warehouse-10-20-10-2-1.map,planner,1,11022,8812,206,183,10322,8812,10159,0,1,True,warehouse-10-20-10-2-1-random-21.scen,100,True,opti
100,warehouse-10-20-10-2-1.map,planner,1,11022,8812,206,183,10322,8812,10152,0,4,True,warehouse-10-20-10-2-1-random-21.scen,100,True,opti
100,warehouse-10-20-10-2-1.map,planner,1,11022,8812,206,183,10322,8812,10151,0,16,True,warehouse-10-20-10-2-1-random-21.scen,100,True,opti
100,warehouse-10-20-10-2-1.map,planner,1,11022,8812,206,183,10322,8812,10150,0,64,True,warehouse-10-20-10-2-1-random-21.scen,100,True,opti
100,warehouse-10-20-10-2-1.map,planner,1,11022,8812,206,183,10322,8812,10147,0,256,True,warehouse-10-20-10-2-1-random-21.scen,100,True,opti
140,warehouse-10-20-10-2-1.map,planner,1,16053,11766,183,183,14432,11766,10240,0,0,False,warehouse-10-20-10-2-1-random-21.scen,140,True,
140,warehouse-10-20-10-2-1.map,planner,0,0,11766,0,183,0,11766,10561,0,0,True,warehouse-10-20-10-2-1-random-21.scen,140,True,opti
140,warehouse-10-20-10-2-1.map,planner,0,0,11766,0,183,0,11766,10560,0,1,True,warehouse-10-20-10-2-1-random-21.scen,140,True,opti
140,warehouse-10-20-10-2-1.map,planner,0,0,11766,0,183,0,11766,10557,0,4,True,warehouse-10-20-10-2-1-random-21.scen,140,True,opti
140,warehouse-10-20-10-2-1.map,planner,0,0,11766,0,183,0,11766,10558,0,16,True,warehouse-10-20-10-2-1-random-21.scen,140,True,opti
140,warehouse-10-20-10-2-1.map,planner,0,0,11766,0,183,0,11766,10558,0,64,True,warehouse-10-20-10-2-1-random-21.scen,140,True,opti
140,warehouse-10-20-10-2-1.map,planner,0,0,11766,0,183,0,11766,10560,0,256,True,warehouse-10-20-10-2-1-random-21.scen,140,True,opti
180,warehouse-10-20-10-2-1.map,planner,1,22071,14534,215,183,19299,14534,10197,0,0,False,warehouse-10-20-10-2-1-random-21.scen,180,True,
180,warehouse-10-20-10-2-1.map,planner,0,0,14534,0,183,0,14534,10470,0,0,True,warehouse-10-20-10-2-1-random-21.scen,180,True,opti
180,warehouse-10-20-10-2-1.map,planner,0,0,14534,0,183,0,14534,10409,0,1,True,warehouse-10-20-10-2-1-random-21.scen,180,True,opti
180,warehouse-10-20-10-2-1.map,planner,0,0,14534,0,183,0,14534,10408,0,4,True,warehouse-10-20-10-2-1-random-21.scen,180,True,opti
180,warehouse-10-20-10-2-1.map,planner,0,0,14534,0,183,0,14534,10407,0,16,True,warehouse-10-20-10-2-1-random-21.scen,180,True,opti
180,warehouse-10-20-10-2-1.map,planner,0,0,14534,0,183,0,14534,10404,0,64,True,warehouse-10-20-10-2-1-random-21.scen,180,True,opti
180,warehouse-10-20-10-2-1.map,planner,0,0,14534,0,183,0,14534,10396,0,256,True,warehouse-10-20-10-2-1-random-21.scen,180,True,opti
20,warehouse-10-20-10-2-1.map,planner,1,1624,1508,176,168,1534,1508,11063,0,0,False,warehouse-10-20-10-2-1-random-14.scen,20,True,
20,warehouse-10-20-10-2-1.map,planner,1,1593,1508,168,168,1522,1508,10558,0,0,True,warehouse-10-20-10-2-1-random-14.scen,20,True,opti
20,warehouse-10-20-10-2-1.map,planner,1,1662,1508,169,168,1538,1508,10703,0,1,True,warehouse-10-20-10-2-1-random-14.scen,20,True,opti
20,warehouse-10-20-10-2-1.map,planner,1,1662,1508,169,168,1538,1508,10700,0,4,True,warehouse-10-20-10-2-1-random-14.scen,20,True,opti
20,warehouse-10-20-10-2-1.map,planner,1,1662,1508,169,168,1538,1508,10706,0,16,True,warehouse-10-20-10-2-1-random-14.scen,20,True,opti
20,warehouse-10-20-10-2-1.map,planner,1,1662,1508,169,168,1538,1508,10737,0,64,True,warehouse-10-20-10-2-1-random-14.scen,20,True,opti
20,warehouse-10-20-10-2-1.map,planner,1,1662,1508,169,168,1538,1508,10672,0,256,True,warehouse-10-20-10-2-1-random-14.scen,20,True,opti
60,warehouse-10-20-10-2-1.map,planner,1,6457,5253,188,173,5756,5253,10215,0,0,False,warehouse-10-20-10-2-1-random-14.scen,60,True,
60,warehouse-10-20-10-2-1.map,planner,1,6631,5253,197,173,5856,5253,10288,0,0,True,warehouse-10-20-10-2-1-random-14.scen,60,True,opti
60,warehouse-10-20-10-2-1.map,planner,1,6452,5253,193,173,5785,5253,10487,0,1,True,warehouse-10-20-10-2-1-random-14.scen,60,True,opti
60,warehouse-10-20-10-2-1.map,planner,1,6547,5253,209,173,5821,5253,10303,0,4,True,warehouse-10-20-10-2-1-random-14.scen,60,True,opti
60,warehouse-10-20-10-2-1.map,planner,1,6547,5253,209,173,5821,5253,10293,0,16,True,warehouse-10-20-10-2-1-random-14.scen,60,True,opti
60,warehouse-10-20-10-2-1.map,planner,1,6547,5253,209,173,5821,5253,10293,0,64,True,warehouse-10-20-10-2-1-random-14.scen,60,True,opti
60,warehouse-10-20-10-2-1.map,planner,1,6547,5253,209,173,5821,5253,10296,0,256,True,warehouse-10-20-10-2-1-random-14.scen,60,True,opti
100,warehouse-10-20-10-2-1.map,planner,1,11854,8842,211,182,10352,8842,10290,0,0,False,warehouse-10-20-10-2-1-random-14.scen,100,True,
100,warehouse-10-20-10-2-1.map,planner,1,12328,8842,205,182,10708,8842,10283,0,0,True,warehouse-10-20-10-2-1-random-14.scen,100,True,opti
100,warehouse-10-20-10-2-1.map,planner,1,12300,8842,254,182,10784,8842,10159,0,1,True,warehouse-10-20-10-2-1-random-14.scen,100,True,opti
100,warehouse-10-20-10-2-1.map,planner,1,12300,8842,254,182,10784,8842,10149,0,4,True,warehouse-10-20-10-2-1-random-14.scen,100,True,opti
100,warehouse-10-20-10-2-1.map,planner,1,12300,8842,254,182,10784,8842,10239,0,16,True,warehouse-10-20-10-2-1-random-14.scen,100,True,opti
100,warehouse-10-20-10-2-1.map,planner,1,12300,8842,254,182,10784,8842,10155,0,64,True,warehouse-10-20-10-2-1-random-14.scen,100,True,opti
100,warehouse-10-20-10-2-1.map,planner,1,12300,8842,254,182,10784,8842,10172,0,256,True,warehouse-10-20-10-2-1-random-14.scen,100,True,opti
140,warehouse-10-20-10-2-1.map,planner,1,16721,11607,183,182,14348,11607,10157,0,0,False,warehouse-10-20-10-2-1-random-14.scen,140,True,
140,warehouse-10-20-10-2-1.map,planner,0,0,11607,0,182,0,11607,10642,0,0,True,warehouse-10-20-10-2-1-random-14.scen,140,True,opti
140,warehouse-10-20-10-2-1.map,planner,0,0,11607,0,182,0,11607,10620,0,1,True,warehouse-10-20-10-2-1-random-14.scen,140,True,opti
140,warehouse-10-20-10-2-1.map,planner,0,0,11607,0,182,0,11607,10633,0,4,True,warehouse-10-20-10-2-1-random-14.scen,140,True,opti
140,warehouse-10-20-10-2-1.map,planner,0,0,11607,0,182,0,11607,10640,0,16,True,warehouse-10-20-10-2-1-random-14.scen,140,True,opti
140,warehouse-10-20-10-2-1.map,planner,0,0,11607,0,182,0,11607,10624,0,64,True,warehouse-10-20-10-2-1-random-14.scen,140,True,opti
140,warehouse-10-20-10-2-1.map,planner,0,0,11607,0,182,0,11607,10627,0,256,True,warehouse-10-20-10-2-1-random-14.scen,140,True,opti
180,warehouse-10-20-10-2-1.map,planner,1,21976,14519,243,193,18576,14519,10350,0,0,False,warehouse-10-20-10-2-1-random-14.scen,180,True,
180,warehouse-10-20-10-2-1.map,planner,0,0,14519,0,193,0,14519,10467,0,0,True,warehouse-10-20-10-2-1-random-14.scen,180,True,opti
180,warehouse-10-20-10-2-1.map,planner,0,0,14519,0,193,0,14519,10455,0,1,True,warehouse-10-20-10-2-1-random-14.scen,180,True,opti
180,warehouse-10-20-10-2-1.map,planner,0,0,14519,0,193,0,14519,10461,0,4,True,warehouse-10-20-10-2-1-random-14.scen,180,True,opti
180,warehouse-10-20-10-2-1.map,planner,0,0,14519,0,193,0,14519,10463,0,16,True,warehouse-10-20-10-2-1-random-14.scen,180,True,opti
180,warehouse-10-20-10-2-1.map,planner,0,0,14519,0,193,0,14519,10463,0,64,True,warehouse-10-20-10-2-1-random-14.scen,180,True,opti
180,warehouse-10-20-10-2-1.map,planner,0,0,14519,0,193,0,14519,10472,0,256,True,warehouse-10-20-10-2-1-random-14.scen,180,True,opti
20,warehouse-10-20-10-2-1.map,planner,1,1674,1594,175,175,1603,1594,10942,0,0,False,warehouse-10-20-10-2-1-random-20.scen,20,True,
20,warehouse-10-20-10-2-1.map,planner,1,1674,1594,175,175,1603,1594,10926,0,0,True,warehouse-10-20-10-2-1-random-20.scen,20,True,opti
20,warehouse-10-20-10-2-1.map,planner,1,1675,1594,175,175,1604,1594,10847,0,1,True,warehouse-10-20-10-2-1-random-20.scen,20,True,opti
20,warehouse-10-20-10-2-1.map,planner,1,1675,1594,175,175,1604,1594,10889,0,4,True,warehouse-10-20-10-2-1-random-20.scen,20,True,opti
20,warehouse-10-20-10-2-1.map,planner,1,1675,1594,175,175,1604,1594,10856,0,16,True,warehouse-10-20-10-2-1-random-20.scen,20,True,opti
20,warehouse-10-20-10-2-1.map,planner,1,1675,1594,175,175,1604,1594,10857,0,64,True,warehouse-10-20-10-2-1-random-20.scen,20,True,opti
20,warehouse-10-20-10-2-1.map,planner,1,1675,1594,175,175,1604,1594,10859,0,256,True,warehouse-10-20-10-2-1-random-20.scen,20,True,opti
60,warehouse-10-20-10-2-1.map,planner,1,6248,5328,175,175,5825,5328,10316,0,0,False,warehouse-10-20-10-2-1-random-20.scen,60,True,
60,warehouse-10-20-10-2-1.map,planner,1,6248,5328,175,175,5825,5328,10340,0,0,True,warehouse-10-20-10-2-1-random-20.scen,60,True,opti
60,warehouse-10-20-10-2-1.map,planner,1,6224,5328,193,175,5813,5328,10184,0,1,True,warehouse-10-20-10-2-1-random-20.scen,60,True,opti
60,warehouse-10-20-10-2-1.map,planner,1,6224,5328,193,175,5813,5328,10186,0,4,True,warehouse-10-20-10-2-1-random-20.scen,60,True,opti
60,warehouse-10-20-10-2-1.map,planner,1,6224,5328,193,175,5813,5328,10189,0,16,True,warehouse-10-20-10-2-1-random-20.scen,60,True,opti
60,warehouse-10-20-10-2-1.map,planner,1,6224,5328,193,175,5813,5328,10189,0,64,True,warehouse-10-20-10-2-1-random-20.scen,60,True,opti
60,warehouse-10-20-10-2-1.map,planner,1,6224,5328,193,175,5813,5328,10184,0,256,True,warehouse-10-20-10-2-1-random-20.scen,60,True,opti
100,warehouse-10-20-10-2-1.map,planner,1,11410,8805,179,175,10162,8805,10089,0,0,False,warehouse-10-20-10-2-1-random-20.scen,100,True,
100,warehouse-10-20-10-2-1.map,planner,1,11815,8805,242,175,10582,8805,10189,0,0,True,warehouse-10-20-10-2-1-random-20.scen,100,True,opti
100,warehouse-10-20-10-2-1.map,planner,1,12018,8805,247,175,10659,8805,10069,0,1,True,warehouse-10-20-10-2-1-random-20.scen,100,True,opti
100,warehouse-10-20-10-2-1.map,planner,1,12018,8805,247,175,10659,8805,10073,0,4,True,warehouse-10-20-10-2-1-random-20.scen,100,True,opti
100,warehouse-10-20-10-2-1.map,planner,1,12018,8805,247,175,10659,8805,10080,0,16,True,warehouse-10-20-10-2-1-random-20.scen,100,True,opti
100,warehouse-10-20-10-2-1.map,planner,1,12018,8805,247,175,10659,8805,10073,0,64,True,warehouse-10-20-10-2-1-random-20.scen,100,True,opti
100,warehouse-10-20-10-2-1.map,planner,1,12018,8805,247,175,10659,8805,10076,0,256,True,warehouse-10-20-10-2-1-random-20.scen,100,True,opti
140,warehouse-10-20-10-2-1.map,planner,1,16470,11446,188,175,14160,11446,10208,0,0,False,warehouse-10-20-10-2-1-random-20.scen,140,True,
140,warehouse-10-20-10-2-1.map,planner,1,16627,11446,232,175,14650,11446,10213,0,0,True,warehouse-10-20-10-2-1-random-20.scen,140,True,opti
140,warehouse-10-20-10-2-1.map,planner,1,16943,11446,250,175,14599,11446,10251,0,1,True,warehouse-10-20-10-2-1-random-20.scen,140,True,opti
140,warehouse-10-20-10-2-1.map,planner,1,17527,11446,276,175,15420,11446,10299,0,4,True,warehouse-10-20-10-2-1-random-20.scen,140,True,opti
140,warehouse-10-20-10-2-1.map,planner,1,17527,11446,276,175,15420,11446,10275,0,16,True,warehouse-10-20-10-2-1-random-20.scen,140,True,opti
140,warehouse-10-20-10-2-1.map,planner,1,17527,11446,276,175,15420,11446,10264,0,64,True,warehouse-10-20-10-2-1-random-20.scen,140,True,opti
140,warehouse-10-20-10-2-1.map,planner,1,17527,11446,276,175,15420,11446,10162,0,256,True,warehouse-10-20-10-2-1-random-20.scen,140,True,opti
180,warehouse-10-20-10-2-1.map,planner,1,21458,14280,213,175,18706,14280,10485,0,0,False,warehouse-10-20-10-2-1-random-20.scen,180,True,
180,warehouse-10-20-10-2-1.map,planner,0,0,14280,0,175,0,14280,10465,0,0,True,warehouse-10-20-10-2-1-random-20.scen,180,True,opti
180,warehouse-10-20-10-2-1.map,planner,0,0,14280,0,175,0,14280,10440,0,1,True,warehouse-10-20-10-2-1-random-20.scen,180,True,opti
180,warehouse-10-20-10-2-1.map,planner,0,0,14280,0,175,0,14280,10432,0,4,True,warehouse-10-20-10-2-1-random-20.scen,180,True,opti
180,warehouse-10-20-10-2-1.map,planner,0,0,14280,0,175,0,14280,10433,0,16,True,warehouse-10-20-10-2-1-random-20.scen,180,True,opti
180,warehouse-10-20-10-2-1.map,planner,0,0,14280,0,175,0,14280,10431,0,64,True,warehouse-10-20-10-2-1-random-20.scen,180,True,opti
180,warehouse-10-20-10-2-1.map,planner,0,0,14280,0,175,0,14280,10448,0,256,True,warehouse-10-20-10-2-1-random-20.scen,180,True,opti
20,warehouse-10-20-10-2-1.map,planner,1,1760,1752,178,177,1755,1752,10797,0,0,False,warehouse-10-20-10-2-1-random-2.scen,20,True,
20,warehouse-10-20-10-2-1.map,planner,1,1760,1752,178,177,1755,1752,10795,0,0,True,warehouse-10-20-10-2-1-random-2.scen,20,True,opti
20,warehouse-10-20-10-2-1.map,planner,1,1760,1752,178,177,1755,1752,10783,0,1,True,warehouse-10-20-10-2-1-random-2.scen,20,True,opti
20,warehouse-10-20-10-2-1.map,planner,1,1760,1752,178,177,1755,1752,10781,0,4,True,warehouse-10-20-10-2-1-random-2.scen,20,True,opti
20,warehouse-10-20-10-2-1.map,planner,1,1760,1752,178,177,1755,1752,10820,0,16,True,warehouse-10-20-10-2-1-random-2.scen,20,True,opti
20,warehouse-10-20-10-2-1.map,planner,1,1760,1752,178,177,1755,1752,10790,0,64,True,warehouse-10-20-10-2-1-random-2.scen,20,True,opti
20,warehouse-10-20-10-2-1.map,planner,1,1760,1752,178,177,1755,1752,10790,0,256,True,warehouse-10-20-10-2-1-random-2.scen,20,True,opti
60,warehouse-10-20-10-2-1.map,planner,1,5964,5359,178,178,5586,5359,10429,0,0,False,warehouse-10-20-10-2-1-random-2.scen,60,True,
60,warehouse-10-20-10-2-1.map,planner,1,6045,5359,179,178,5638,5359,10372,0,0,True,warehouse-10-20-10-2-1-random-2.scen,60,True,opti
60,warehouse-10-20-10-2-1.map,planner,1,6113,5359,185,178,5759,5359,10206,0,1,True,warehouse-10-20-10-2-1-random-2.scen,60,True,opti
60,warehouse-10-20-10-2-1.map,planner,1,6113,5359,185,178,5759,5359,10204,0,4,True,warehouse-10-20-10-2-1-random-2.scen,60,True,opti
60,warehouse-10-20-10-2-1.map,planner,1,6113,5359,185,178,5759,5359,10204,0,16,True,warehouse-10-20-10-2-1-random-2.scen,60,True,opti
60,warehouse-10-20-10-2-1.map,planner,1,6113,5359,185,178,5759,5359,10205,0,64,True,warehouse-10-20-10-2-1-random-2.scen,60,True,opti
60,warehouse-10-20-10-2-1.map,planner,1,6113,5359,185,178,5759,5359,10208,0,256,True,warehouse-10-20-10-2-1-random-2.scen,60,True,opti
100,warehouse-10-20-10-2-1.map,planner,1,11016,8963,195,194,10191,8963,10364,0,0,False,warehouse-10-20-10-2-1-random-2.scen,100,True,
100,warehouse-10-20-10-2-1.map,planner,1,10998,8963,219,194,10192,8963,10389,0,0,True,warehouse-10-20-10-2-1-random-2.scen,100,True,opti
100,warehouse-10-20-10-2-1.map,planner,1,11308,8963,241,194,10450,8963,10272,0,1,True,warehouse-10-20-10-2-1-random-2.scen,100,True,opti
100,warehouse-10-20-10-2-1.map,planner,1,11308,8963,241,194,10450,8963,10263,0,4,True,warehouse-10-20-10-2-1-random-2.scen,100,True,opti
100,warehouse-10-20-10-2-1.map,planner,1,11308,8963,241,194,10450,8963,10280,0,16,True,warehouse-10-20-10-2-1-random-2.scen,100,True,opti
100,warehouse-10-20-10-2-1.map,planner,1,11308,8963,241,194,10450,8963,10263,0,64,True,warehouse-10-20-10-2-1-random-2.scen,100,True,opti
100,warehouse-10-20-10-2-1.map,planner,1,11308,8963,241,194,10450,8963,10269,0,256,True,warehouse-10-20-10-2-1-random-2.scen,100,True,opti
140,warehouse-10-20-10-2-1.map,planner,1,15655,11668,195,194,13903,11668,10231,0,0,False,warehouse-10-20-10-2-1-random-2.scen,140,True,
140,warehouse-10-20-10-2-1.map,planner,1,16550,11668,229,194,14853,11668,10116,0,0,True,warehouse-10-20-10-2-1-random-2.scen,140,True,opti
140,warehouse-10-20-10-2-1.map,planner,1,16671,11668,204,194,14682,11668,10277,0,1,True,warehouse-10-20-10-2-1-random-2.scen,140,True,opti
140,warehouse-10-20-10-2-1.map,planner,1,16671,11668,204,194,14682,11668,10277,0,4,True,warehouse-10-20-10-2-1-random-2.scen,140,True,opti
140,warehouse-10-20-10-2-1.map,planner,1,16671,11668,204,194,14682,11668,10296,0,16,True,warehouse-10-20-10-2-1-random-2.scen,140,True,opti
140,warehouse-10-20-10-2-1.map,planner,1,16671,11668,204,194,14682,11668,10291,0,64,True,warehouse-10-20-10-2-1-random-2.scen,140,True,opti
140,warehouse-10-20-10-2-1.map,planner,1,16671,11668,204,194,14682,11668,10280,0,256,True,warehouse-10-20-10-2-1-random-2.scen,140,True,opti
180,warehouse-10-20-10-2-1.map,planner,1,21588,14675,241,194,18653,14675,10115,0,0,False,warehouse-10-20-10-2-1-random-2.scen,180,True,
180,warehouse-10-20-10-2-1.map,planner,1,22171,14675,232,194,19223,14675,10240,0,0,True,warehouse-10-20-10-2-1-random-2.scen,180,True,opti
180,warehouse-10-20-10-2-1.map,planner,0,0,14675,0,194,0,14675,10477,0,1,True,warehouse-10-20-10-2-1-random-2.scen,180,True,opti
180,warehouse-10-20-10-2-1.map,planner,1,22972,14675,325,194,19324,14675,10307,0,4,True,warehouse-10-20-10-2-1-random-2.scen,180,True,opti
180,warehouse-10-20-10-2-1.map,planner,0,0,14675,0,194,0,14675,10432,0,16,True,warehouse-10-20-10-2-1-random-2.scen,180,True,opti
180,warehouse-10-20-10-2-1.map,planner,0,0,14675,0,194,0,14675,10435,0,64,True,warehouse-10-20-10-2-1-random-2.scen,180,True,opti
180,warehouse-10-20-10-2-1.map,planner,0,0,14675,0,194,0,14675,10437,0,256,True,warehouse-10-20-10-2-1-random-2.scen,180,True,opti
20,warehouse-10-20-10-2-1.map,planner,1,1504,1491,169,168,1495,1491,10319,0,0,False,warehouse-10-20-10-2-1-random-7.scen,20,True,
20,warehouse-10-20-10-2-1.map,planner,1,1504,1491,169,168,1495,1491,10317,0,0,True,warehouse-10-20-10-2-1-random-7.scen,20,True,opti
20,warehouse-10-20-10-2-1.map,planner,1,1504,1491,169,168,1495,1491,10322,0,1,True,warehouse-10-20-10-2-1-random-7.scen,20,True,opti
20,warehouse-10-20-10-2-1.map,planner,1,1504,1491,169,168,1495,1491,10317,0,4,True,warehouse-10-20-10-2-1-random-7.scen,20,True,opti
20,warehouse-10-20-10-2-1.map,planner,1,1504,1491,169,168,1495,1491,10316,0,16,True,warehouse-10-20-10-2-1-random-7.scen,20,True,opti
20,warehouse-10-20-10-2-1.map,planner,1,1504,1491,169,168,1495,1491,10332,0,64,True,warehouse-10-20-10-2-1-random-7.scen,20,True,opti
20,warehouse-10-20-10-2-1.map,planner,1,1504,1491,169,168,1495,1491,10296,0,256,True,warehouse-10-20-10-2-1-random-7.scen,20,True,opti
60,warehouse-10-20-10-2-1.map,planner,1,5071,4341,175,173,4674,4341,10442,0,0,False,warehouse-10-20-10-2-1-random-7.scen,60,True,
60,warehouse-10-20-10-2-1.map,planner,1,5488,4341,196,173,4833,4341,10403,0,0,True,warehouse-10-20-10-2-1-random-7.scen,60,True,opti
60,warehouse-10-20-10-2-1.map,planner,1,5337,4341,197,173,4861,4341,10127,0,1,True,warehouse-10-20-10-2-1-random-7.scen,60,True,opti
60,warehouse-10-20-10-2-1.map,planner,1,5337,4341,197,173,4861,4341,10345,0,4,True,warehouse-10-20-10-2-1-random-7.scen,60,True,opti
60,warehouse-10-20-10-2-1.map,planner,1,5337,4341,197,173,4861,4341,10341,0,16,True,warehouse-10-20-10-2-1-random-7.scen,60,True,opti
60,warehouse-10-20-10-2-1.map,planner,1,5337,4341,197,173,4861,4341,10303,0,64,True,warehouse-10-20-10-2-1-random-7.scen,60,True,opti
60,warehouse-10-20-10-2-1.map,planner,1,5337,4341,197,173,4861,4341,10357,0,256,True,warehouse-10-20-10-2-1-random-7.scen,60,True,opti
100,warehouse-10-20-10-2-1.map,planner,1,10374,8165,196,183,9374,8165,10148,0,0,False,warehouse-10-20-10-2-1-random-7.scen,100,True,
100,warehouse-10-20-10-2-1.map,planner,1,10280,8165,185,183,9337,8165,10203,0,0,True,warehouse-10-20-10-2-1-random-7.scen,100,True,opti
100,warehouse-10-20-10-2-1.map,planner,1,10723,8165,217,183,9515,8165,10271,0,1,True,warehouse-10-20-10-2-1-random-7.scen,100,True,opti
100,warehouse-10-20-10-2-1.map,planner,1,11068,8165,224,183,9621,8165,10242,0,4,True,warehouse-10-20-10-2-1-random-7.scen,100,True,opti
100,warehouse-10-20-10-2-1.map,planner,1,11068,8165,224,183,9621,8165,10239,0,16,True,warehouse-10-20-10-2-1-random-7.scen,100,True,opti
100,warehouse-10-20-10-2-1.map,planner,1,11068,8165,224,183,9621,8165,10245,0,64,True,warehouse-10-20-10-2-1-random-7.scen,100,True,opti
100,warehouse-10-20-10-2-1.map,planner,1,11068,8165,224,183,9621,8165,10249,0,256,True,warehouse-10-20-10-2-1-random-7.scen,100,True,opti
140,warehouse-10-20-10-2-1.map,planner,1,14922,11175,205,203,13174,11175,10144,0,0,False,warehouse-10-20-10-2-1-random-7.scen,140,True,
140,warehouse-10-20-10-2-1.map,planner,1,15701,11175,203,203,13465,11175,10122,0,0,True,warehouse-10-20-10-2-1-random-7.scen,140,True,opti
140,warehouse-10-20-10-2-1.map,planner,1,16574,11175,215,203,14037,11175,10081,0,1,True,warehouse-10-20-10-2-1-random-7.scen,140,True,opti
140,warehouse-10-20-10-2-1.map,planner,1,16338,11175,308,203,13775,11175,10311,0,4,True,warehouse-10-20-10-2-1-random-7.scen,140,True,opti
140,warehouse-10-20-10-2-1.map,planner,1,16574,11175,215,203,14037,11175,10193,0,16,True,warehouse-10-20-10-2-1-random-7.scen,140,True,opti
140,warehouse-10-20-10-2-1.map,planner,1,16574,11175,215,203,14037,11175,10208,0,64,True,warehouse-10-20-10-2-1-random-7.scen,140,True,opti
140,warehouse-10-20-10-2-1.map,planner,1,16574,11175,215,203,14037,11175,10142,0,256,True,warehouse-10-20-10-2-1-random-7.scen,140,True,opti
180,warehouse-10-20-10-2-1.map,planner,1,21320,14428,211,203,18166,14428,10221,0,0,False,warehouse-10-20-10-2-1-random-7.scen,180,True,
180,warehouse-10-20-10-2-1.map,planner,1,22541,14428,243,203,18936,14428,10114,0,0,True,warehouse-10-20-10-2-1-random-7.scen,180,True,opti
180,warehouse-10-20-10-2-1.map,planner,1,23373,14428,403,203,19166,14428,10198,0,1,True,warehouse-10-20-10-2-1-random-7.scen,180,True,opti
180,warehouse-10-20-10-2-1.map,planner,1,23173,14428,335,203,19405,14428,10188,0,4,True,warehouse-10-20-10-2-1-random-7.scen,180,True,opti
180,warehouse-10-20-10-2-1.map,planner,1,22910,14428,282,203,18897,14428,10230,0,16,True,warehouse-10-20-10-2-1-random-7.scen,180,True,opti
180,warehouse-10-20-10-2-1.map,planner,1,23173,14428,335,203,19405,14428,10185,0,64,True,warehouse-10-20-10-2-1-random-7.scen,180,True,opti
180,warehouse-10-20-10-2-1.map,planner,1,23173,14428,335,203,19405,14428,10263,0,256,True,warehouse-10-20-10-2-1-random-7.scen,180,True,opti
20,warehouse-10-20-10-2-1.map,planner,1,1416,1391,184,182,1408,1391,10810,0,0,False,warehouse-10-20-10-2-1-random-6.scen,20,True,
20,warehouse-10-20-10-2-1.map,planner,1,1416,1391,184,182,1408,1391,10798,0,0,True,warehouse-10-20-10-2-1-random-6.scen,20,True,opti
20,warehouse-10-20-10-2-1.map,planner,1,1416,1391,184,182,1408,1391,10807,0,1,True,warehouse-10-20-10-2-1-random-6.scen,20,True,opti
20,warehouse-10-20-10-2-1.map,planner,1,1416,1391,184,182,1408,1391,10808,0,4,True,warehouse-10-20-10-2-1-random-6.scen,20,True,opti
20,warehouse-10-20-10-2-1.map,planner,1,1416,1391,184,182,1408,1391,10802,0,16,True,warehouse-10-20-10-2-1-random-6.scen,20,True,opti
20,warehouse-10-20-10-2-1.map,planner,1,1416,1391,184,182,1408,1391,10844,0,64,True,warehouse-10-20-10-2-1-random-6.scen,20,True,opti
20,warehouse-10-20-10-2-1.map,planner,1,1416,1391,184,182,1408,1391,10795,0,256,True,warehouse-10-20-10-2-1-random-6.scen,20,True,opti
60,warehouse-10-20-10-2-1.map,planner,1,6358,5311,190,189,5715,5311,10442,0,0,False,warehouse-10-20-10-2-1-random-6.scen,60,True,
60,warehouse-10-20-10-2-1.map,planner,1,6340,5311,189,189,5728,5311,10304,0,0,True,warehouse-10-20-10-2-1-random-6.scen,60,True,opti
60,warehouse-10-20-10-2-1.map,planner,1,6365,5311,192,189,5806,5311,10274,0,1,True,warehouse-10-20-10-2-1-random-6.scen,60,True,opti
60,warehouse-10-20-10-2-1.map,planner,1,6365,5311,192,189,5806,5311,10254,0,4,True,warehouse-10-20-10-2-1-random-6.scen,60,True,opti
60,warehouse-10-20-10-2-1.map,planner,1,6365,5311,192,189,5806,5311,10256,0,16,True,warehouse-10-20-10-2-1-random-6.scen,60,True,opti
60,warehouse-10-20-10-2-1.map,planner,1,6365,5311,192,189,5806,5311,10257,0,64,True,warehouse-10-20-10-2-1-random-6.scen,60,True,opti
60,warehouse-10-20-10-2-1.map,planner,1,6365,5311,192,189,5806,5311,10252,0,256,True,warehouse-10-20-10-2-1-random-6.scen,60,True,opti
100,warehouse-10-20-10-2-1.map,planner,1,11601,8750,196,189,10108,8750,10249,0,0,False,warehouse-10-20-10-2-1-random-6.scen,100,True,
100,warehouse-10-20-10-2-1.map,planner,1,11644,8750,224,189,10282,8750,10199,0,0,True,warehouse-10-20-10-2-1-random-6.scen,100,True,opti
100,warehouse-10-20-10-2-1.map,planner,1,11603,8750,196,189,10249,8750,10252,0,1,True,warehouse-10-20-10-2-1-random-6.scen,100,True,opti
100,warehouse-10-20-10-2-1.map,planner,1,11603,8750,196,189,10249,8750,10219,0,4,True,warehouse-10-20-10-2-1-random-6.scen,100,True,opti
100,warehouse-10-20-10-2-1.map,planner,1,11603,8750,196,189,10249,8750,10223,0,16,True,warehouse-10-20-10-2-1-random-6.scen,100,True,opti
100,warehouse-10-20-10-2-1.map,planner,1,11603,8750,196,189,10249,8750,10212,0,64,True,warehouse-10-20-10-2-1-random-6.scen,100,True,opti
100,warehouse-10-20-10-2-1.map,planner,1,11603,8750,196,189,10249,8750,10205,0,256,True,warehouse-10-20-10-2-1-random-6.scen,100,True,opti
140,warehouse-10-20-10-2-1.map,planner,1,16413,11804,218,189,14382,11804,10171,0,0,False,warehouse-10-20-10-2-1-random-6.scen,140,True,
140,warehouse-10-20-10-2-1.map,planner,1,16608,11804,191,189,14512,11804,10149,0,0,True,warehouse-10-20-10-2-1-random-6.scen,140,True,opti
140,warehouse-10-20-10-2-1.map,planner,1,17046,11804,226,189,14988,11804,10184,0,1,True,warehouse-10-20-10-2-1-random-6.scen,140,True,opti
140,warehouse-10-20-10-2-1.map,planner,1,17677,11804,332,189,14938,11804,10170,0,4,True,warehouse-10-20-10-2-1-random-6.scen,140,True,opti
140,warehouse-10-20-10-2-1.map,planner,1,18064,11804,263,189,15369,11804,10113,0,16,True,warehouse-10-20-10-2-1-random-6.scen,140,True,opti
140,warehouse-10-20-10-2-1.map,planner,1,17013,11804,210,189,14826,11804,10242,0,64,True,warehouse-10-20-10-2-1-random-6.scen,140,True,opti
140,warehouse-10-20-10-2-1.map,planner,1,16578,11804,201,189,14735,11804,10239,0,256,True,warehouse-10-20-10-2-1-random-6.scen,140,True,opti
180,warehouse-10-20-10-2-1.map,planner,1,21832,14864,254,189,19266,14864,10264,0,0,False,warehouse-10-20-10-2-1-random-6.scen,180,True,
180,warehouse-10-20-10-2-1.map,planner,1,21833,14864,222,189,18933,14864,10160,0,0,True,warehouse-10-20-10-2-1-random-6.scen,180,True,opti
180,warehouse-10-20-10-2-1.map,planner,1,22784,14864,254,189,19644,14864,10414,0,1,True,warehouse-10-20-10-2-1-random-6.scen,180,True,opti
180,warehouse-10-20-10-2-1.map,planner,1,23114,14864,253,189,20075,14864,10353,0,4,True,warehouse-10-20-10-2-1-random-6.scen,180,True,opti
180,warehouse-10-20-10-2-1.map,planner,1,23023,14864,285,189,19844,14864,10209,0,16,True,warehouse-10-20-10-2-1-random-6.scen,180,True,opti
180,warehouse-10-20-10-2-1.map,planner,1,23023,14864,285,189,19844,14864,10196,0,64,True,warehouse-10-20-10-2-1-random-6.scen,180,True,opti
180,warehouse-10-20-10-2-1.map,planner,1,23023,14864,285,189,19844,14864,10209,0,256,True,warehouse-10-20-10-2-1-random-6.scen,180,True,opti
20,warehouse-10-20-10-2-1.map,planner,1,1474,1470,164,162,1474,1470,10803,0,0,False,warehouse-10-20-10-2-1-random-4.scen,20,True,
20,warehouse-10-20-10-2-1.map,planner,1,1474,1470,164,162,1474,1470,10791,0,0,True,warehouse-10-20-10-2-1-random-4.scen,20,True,opti
20,warehouse-10-20-10-2-1.map,planner,1,1470,1470,162,162,1470,1470,2339,0,1,True,warehouse-10-20-10-2-1-random-4.scen,20,True,opti
20,warehouse-10-20-10-2-1.map,planner,1,1470,1470,162,162,1470,1470,2293,0,4,True,warehouse-10-20-10-2-1-random-4.scen,20,True,opti
20,warehouse-10-20-10-2-1.map,planner,1,1470,1470,162,162,1470,1470,2331,0,16,True,warehouse-10-20-10-2-1-random-4.scen,20,True,opti
20,warehouse-10-20-10-2-1.map,planner,1,1470,1470,162,162,1470,1470,2319,0,64,True,warehouse-10-20-10-2-1-random-4.scen,20,True,opti
20,warehouse-10-20-10-2-1.map,planner,1,1470,1470,162,162,1470,1470,2368,0,256,True,warehouse-10-20-10-2-1-random-4.scen,20,True,opti
60,warehouse-10-20-10-2-1.map,planner,1,5854,4766,192,190,5131,4766,10149,0,0,False,warehouse-10-20-10-2-1-random-4.scen,60,True,
60,warehouse-10-20-10-2-1.map,planner,1,5810,4766,190,190,5241,4766,10131,0,0,True,warehouse-10-20-10-2-1-random-4.scen,60,True,opti
60,warehouse-10-20-10-2-1.map,planner,1,5865,4766,190,190,5337,4766,10178,0,1,True,warehouse-10-20-10-2-1-random-4.scen,60,True,opti
60,warehouse-10-20-10-2-1.map,planner,1,5865,4766,190,190,5337,4766,10170,0,4,True,warehouse-10-20-10-2-1-random-4.scen,60,True,opti
60,warehouse-10-20-10-2-1.map,planner,1,5865,4766,190,190,5337,4766,10172,0,16,True,warehouse-10-20-10-2-1-random-4.scen,60,True,opti
60,warehouse-10-20-10-2-1.map,planner,1,5865,4766,190,190,5337,4766,10165,0,64,True,warehouse-10-20-10-2-1-random-4.scen,60,True,opti
60,warehouse-10-20-10-2-1.map,planner,1,5865,4766,190,190,5337,4766,10168,0,256,True,warehouse-10-20-10-2-1-random-4.scen,60,True,opti
100,warehouse-10-20-10-2-1.map,planner,1,9687,7810,226,202,8812,7810,10272,0,0,False,warehouse-10-20-10-2-1-random-4.scen,100,True,
100,warehouse-10-20-10-2-1.map,planner,1,10346,7810,203,202,8914,7810,10180,0,0,True,warehouse-10-20-10-2-1-random-4.scen,100,True,opti
100,warehouse-10-20-10-2-1.map,planner,1,9575,7810,202,202,8927,7810,10231,0,1,True,warehouse-10-20-10-2-1-random-4.scen,100,True,opti
100,warehouse-10-20-10-2-1.map,planner,1,9575,7810,202,202,8927,7810,10230,0,4,True,warehouse-10-20-10-2-1-random-4.scen,100,True,opti
100,warehouse-10-20-10-2-1.map,planner,1,9575,7810,202,202,8927,7810,10235,0,16,True,warehouse-10-20-10-2-1-random-4.scen,100,True,opti
100,warehouse-10-20-10-2-1.map,planner,1,9575,7810,202,202,8927,7810,10231,0,64,True,warehouse-10-20-10-2-1-random-4.scen,100,True,opti
100,warehouse-10-20-10-2-1.map,planner,1,9575,7810,202,202,8927,7810,10231,0,256,True,warehouse-10-20-10-2-1-random-4.scen,100,True,opti
140,warehouse-10-20-10-2-1.map,planner,1,14458,10430,205,202,12451,10430,10134,0,0,False,warehouse-10-20-10-2-1-random-4.scen,140,True,
140,warehouse-10-20-10-2-1.map,planner,1,14920,10430,237,202,12880,10430,10175,0,0,True,warehouse-10-20-10-2-1-random-4.scen,140,True,opti
140,warehouse-10-20-10-2-1.map,planner,1,15843,10430,261,202,13245,10430,10134,0,1,True,warehouse-10-20-10-2-1-random-4.scen,140,True,opti
140,warehouse-10-20-10-2-1.map,planner,1,15843,10430,261,202,13245,10430,10126,0,4,True,warehouse-10-20-10-2-1-random-4.scen,140,True,opti
140,warehouse-10-20-10-2-1.map,planner,1,15843,10430,261,202,13245,10430,10130,0,16,True,warehouse-10-20-10-2-1-random-4.scen,140,True,opti
140,warehouse-10-20-10-2-1.map,planner,1,15843,10430,261,202,13245,10430,10134,0,64,True,warehouse-10-20-10-2-1-random-4.scen,140,True,opti
140,warehouse-10-20-10-2-1.map,planner,1,15843,10430,261,202,13245,10430,10134,0,256,True,warehouse-10-20-10-2-1-random-4.scen,140,True,opti
180,warehouse-10-20-10-2-1.map,planner,1,18723,13159,206,202,16170,13159,10119,0,0,False,warehouse-10-20-10-2-1-random-4.scen,180,True,
180,warehouse-10-20-10-2-1.map,planner,1,19542,13159,224,202,16675,13159,10186,0,0,True,warehouse-10-20-10-2-1-random-4.scen,180,True,opti
180,warehouse-10-20-10-2-1.map,planner,1,20655,13159,323,202,17226,13159,10148,0,1,True,warehouse-10-20-10-2-1-random-4.scen,180,True,opti
180,warehouse-10-20-10-2-1.map,planner,1,20655,13159,323,202,17226,13159,10198,0,4,True,warehouse-10-20-10-2-1-random-4.scen,180,True,opti
180,warehouse-10-20-10-2-1.map,planner,1,20655,13159,323,202,17226,13159,10163,0,16,True,warehouse-10-20-10-2-1-random-4.scen,180,True,opti
180,warehouse-10-20-10-2-1.map,planner,1,20655,13159,323,202,17226,13159,10171,0,64,True,warehouse-10-20-10-2-1-random-4.scen,180,True,opti
180,warehouse-10-20-10-2-1.map,planner,1,20655,13159,323,202,17226,13159,10136,0,256,True,warehouse-10-20-10-2-1-random-4.scen,180,True,opti
20,warehouse-10-20-10-2-1.map,planner,1,1468,1460,174,174,1468,1460,10637,0,0,False,warehouse-10-20-10-2-1-random-8.scen,20,True,
20,warehouse-10-20-10-2-1.map,planner,1,1468,1460,174,174,1468,1460,10659,0,0,True,warehouse-10-20-10-2-1-random-8.scen,20,True,opti
20,warehouse-10-20-10-2-1.map,planner,1,1467,1460,174,174,1467,1460,10944,0,1,True,warehouse-10-20-10-2-1-random-8.scen,20,True,opti
20,warehouse-10-20-10-2-1.map,planner,1,1467,1460,174,174,1467,1460,10982,0,4,True,warehouse-10-20-10-2-1-random-8.scen,20,True,opti
20,warehouse-10-20-10-2-1.map,planner,1,1467,1460,174,174,1467,1460,10943,0,16,True,warehouse-10-20-10-2-1-random-8.scen,20,True,opti
20,warehouse-10-20-10-2-1.map,planner,1,1467,1460,174,174,1467,1460,10739,0,64,True,warehouse-10-20-10-2-1-random-8.scen,20,True,opti
20,warehouse-10-20-10-2-1.map,planner,1,1467,1460,174,174,1467,1460,10986,0,256,True,warehouse-10-20-10-2-1-random-8.scen,20,True,opti
60,warehouse-10-20-10-2-1.map,planner,1,5545,4904,174,174,5243,4904,10237,0,0,False,warehouse-10-20-10-2-1-random-8.scen,60,True,
60,warehouse-10-20-10-2-1.map,planner,1,5401,4904,174,174,5178,4904,10372,0,0,True,warehouse-10-20-10-2-1-random-8.scen,60,True,opti
60,warehouse-10-20-10-2-1.map,planner,1,5491,4904,174,174,5263,4904,10242,0,1,True,warehouse-10-20-10-2-1-random-8.scen,60,True,opti
60,warehouse-10-20-10-2-1.map,planner,1,5502,4904,175,174,5288,4904,10380,0,4,True,warehouse-10-20-10-2-1-random-8.scen,60,True,opti
60,warehouse-10-20-10-2-1.map,planner,1,5669,4904,183,174,5249,4904,10264,0,16,True,warehouse-10-20-10-2-1-random-8.scen,60,True,opti
60,warehouse-10-20-10-2-1.map,planner,1,5539,4904,203,174,5206,4904,10274,0,64,True,warehouse-10-20-10-2-1-random-8.scen,60,True,opti
60,warehouse-10-20-10-2-1.map,planner,1,5539,4904,203,174,5206,4904,10269,0,256,True,warehouse-10-20-10-2-1-random-8.scen,60,True,opti
100,warehouse-10-20-10-2-1.map,planner,1,9837,7916,174,174,8997,7916,10181,0,0,False,warehouse-10-20-10-2-1-random-8.scen,100,True,
100,warehouse-10-20-10-2-1.map,planner,1,9713,7916,176,174,9121,7916,10108,0,0,True,warehouse-10-20-10-2-1-random-8.scen,100,True,opti
100,warehouse-10-20-10-2-1.map,planner,1,9730,7916,191,174,9032,7916,10220,0,1,True,warehouse-10-20-10-2-1-random-8.scen,100,True,opti
100,warehouse-10-20-10-2-1.map,planner,1,9607,7916,174,174,9063,7916,10243,0,4,True,warehouse-10-20-10-2-1-random-8.scen,100,True,opti
100,warehouse-10-20-10-2-1.map,planner,1,10021,7916,186,174,9091,7916,10174,0,16,True,warehouse-10-20-10-2-1-random-8.scen,100,True,opti
100,warehouse-10-20-10-2-1.map,planner,1,9596,7916,194,174,8919,7916,10298,0,64,True,warehouse-10-20-10-2-1-random-8.scen,100,True,opti
100,warehouse-10-20-10-2-1.map,planner,1,9874,7916,202,174,9208,7916,10227,0,256,True,warehouse-10-20-10-2-1-random-8.scen,100,True,opti
140,warehouse-10-20-10-2-1.map,planner,1,14592,10622,181,174,12679,10622,10183,0,0,False,warehouse-10-20-10-2-1-random-8.scen,140,True,
140,warehouse-10-20-10-2-1.map,planner,1,14572,10622,207,174,12944,10622,10125,0,0,True,warehouse-10-20-10-2-1-random-8.scen,140,True,opti
140,warehouse-10-20-10-2-1.map,planner,1,14729,10622,247,174,13190,10622,10141,0,1,True,warehouse-10-20-10-2-1-random-8.scen,140,True,opti
140,warehouse-10-20-10-2-1.map,planner,1,14562,10622,185,174,13033,10622,10193,0,4,True,warehouse-10-20-10-2-1-random-8.scen,140,True,opti
140,warehouse-10-20-10-2-1.map,planner,1,14729,10622,247,174,13190,10622,10088,0,16,True,warehouse-10-20-10-2-1-random-8.scen,140,True,opti
140,warehouse-10-20-10-2-1.map,planner,1,14729,10622,247,174,13190,10622,10240,0,64,True,warehouse-10-20-10-2-1-random-8.scen,140,True,opti
140,warehouse-10-20-10-2-1.map,planner,1,14729,10622,247,174,13190,10622,10297,0,256,True,warehouse-10-20-10-2-1-random-8.scen,140,True,opti
180,warehouse-10-20-10-2-1.map,planner,1,19653,13211,197,186,16812,13211,10247,0,0,False,warehouse-10-20-10-2-1-random-8.scen,180,True,
180,warehouse-10-20-10-2-1.map,planner,1,19659,13211,206,186,16759,13211,10434,0,0,True,warehouse-10-20-10-2-1-random-8.scen,180,True,opti
180,warehouse-10-20-10-2-1.map,planner,1,20953,13211,299,186,17389,13211,10238,0,1,True,warehouse-10-20-10-2-1-random-8.scen,180,True,opti
180,warehouse-10-20-10-2-1.map,planner,1,20745,13211,275,186,18206,13211,10157,0,4,True,warehouse-10-20-10-2-1-random-8.scen,180,True,opti
180,warehouse-10-20-10-2-1.map,planner,1,20745,13211,275,186,18206,13211,10189,0,16,True,warehouse-10-20-10-2-1-random-8.scen,180,True,opti
180,warehouse-10-20-10-2-1.map,planner,1,21241,13211,338,186,18153,13211,10189,0,64,True,warehouse-10-20-10-2-1-random-8.scen,180,True,opti
180,warehouse-10-20-10-2-1.map,planner,1,21241,13211,338,186,18153,13211,10197,0,256,True,warehouse-10-20-10-2-1-random-8.scen,180,True,opti
20,warehouse-10-20-10-2-1.map,planner,1,1509,1490,167,167,1504,1490,10875,0,0,False,warehouse-10-20-10-2-1-random-3.scen,20,True,
20,warehouse-10-20-10-2-1.map,planner,1,1509,1490,167,167,1504,1490,10872,0,0,True,warehouse-10-20-10-2-1-random-3.scen,20,True,opti
20,warehouse-10-20-10-2-1.map,planner,1,1509,1490,167,167,1504,1490,11008,0,1,True,warehouse-10-20-10-2-1-random-3.scen,20,True,opti
20,warehouse-10-20-10-2-1.map,planner,1,1509,1490,167,167,1504,1490,11003,0,4,True,warehouse-10-20-10-2-1-random-3.scen,20,True,opti
20,warehouse-10-20-10-2-1.map,planner,1,1509,1490,167,167,1504,1490,10999,0,16,True,warehouse-10-20-10-2-1-random-3.scen,20,True,opti
20,warehouse-10-20-10-2-1.map,planner,1,1509,1490,167,167,1504,1490,11003,0,64,True,warehouse-10-20-10-2-1-random-3.scen,20,True,opti
20,warehouse-10-20-10-2-1.map,planner,1,1509,1490,167,167,1504,1490,11016,0,256,True,warehouse-10-20-10-2-1-random-3.scen,20,True,opti
60,warehouse-10-20-10-2-1.map,planner,1,6147,5227,167,167,5638,5227,10363,0,0,False,warehouse-10-20-10-2-1-random-3.scen,60,True,
60,warehouse-10-20-10-2-1.map,planner,1,6397,5227,195,167,5759,5227,10190,0,0,True,warehouse-10-20-10-2-1-random-3.scen,60,True,opti
60,warehouse-10-20-10-2-1.map,planner,1,6230,5227,195,167,5727,5227,10742,0,1,True,warehouse-10-20-10-2-1-random-3.scen,60,True,opti
60,warehouse-10-20-10-2-1.map,planner,1,6230,5227,195,167,5727,5227,10730,0,4,True,warehouse-10-20-10-2-1-random-3.scen,60,True,opti
60,warehouse-10-20-10-2-1.map,planner,1,6230,5227,195,167,5727,5227,10725,0,16,True,warehouse-10-20-10-2-1-random-3.scen,60,True,opti
60,warehouse-10-20-10-2-1.map,planner,1,6230,5227,195,167,5727,5227,10713,0,64,True,warehouse-10-20-10-2-1-random-3.scen,60,True,opti
60,warehouse-10-20-10-2-1.map,planner,1,6230,5227,195,167,5727,5227,10752,0,256,True,warehouse-10-20-10-2-1-random-3.scen,60,True,opti
100,warehouse-10-20-10-2-1.map,planner,1,11221,8969,230,173,10218,8969,10233,0,0,False,warehouse-10-20-10-2-1-random-3.scen,100,True,
100,warehouse-10-20-10-2-1.map,planner,1,11647,8969,232,173,10650,8969,10104,0,0,True,warehouse-10-20-10-2-1-random-3.scen,100,True,opti
100,warehouse-10-20-10-2-1.map,planner,1,11490,8969,207,173,10553,8969,10334,0,1,True,warehouse-10-20-10-2-1-random-3.scen,100,True,opti
100,warehouse-10-20-10-2-1.map,planner,1,11490,8969,207,173,10553,8969,10339,0,4,True,warehouse-10-20-10-2-1-random-3.scen,100,True,opti
100,warehouse-10-20-10-2-1.map,planner,1,11490,8969,207,173,10553,8969,10312,0,16,True,warehouse-10-20-10-2-1-random-3.scen,100,True,opti
100,warehouse-10-20-10-2-1.map,planner,1,11490,8969,207,173,10553,8969,10335,0,64,True,warehouse-10-20-10-2-1-random-3.scen,100,True,opti
100,warehouse-10-20-10-2-1.map,planner,1,11490,8969,207,173,10553,8969,10329,0,256,True,warehouse-10-20-10-2-1-random-3.scen,100,True,opti
140,warehouse-10-20-10-2-1.map,planner,1,16223,11847,173,173,14371,11847,10414,0,0,False,warehouse-10-20-10-2-1-random-3.scen,140,True,
140,warehouse-10-20-10-2-1.map,planner,0,0,11847,0,173,0,11847,10562,0,0,True,warehouse-10-20-10-2-1-random-3.scen,140,True,opti
140,warehouse-10-20-10-2-1.map,planner,0,0,11847,0,173,0,11847,10566,0,1,True,warehouse-10-20-10-2-1-random-3.scen,140,True,opti
140,warehouse-10-20-10-2-1.map,planner,0,0,11847,0,173,0,11847,10566,0,4,True,warehouse-10-20-10-2-1-random-3.scen,140,True,opti
140,warehouse-10-20-10-2-1.map,planner,0,0,11847,0,173,0,11847,10558,0,16,True,warehouse-10-20-10-2-1-random-3.scen,140,True,opti
140,warehouse-10-20-10-2-1.map,planner,0,0,11847,0,173,0,11847,10581,0,64,True,warehouse-10-20-10-2-1-random-3.scen,140,True,opti
140,warehouse-10-20-10-2-1.map,planner,0,0,11847,0,173,0,11847,10645,0,256,True,warehouse-10-20-10-2-1-random-3.scen,140,True,opti
180,warehouse-10-20-10-2-1.map,planner,1,21891,14833,217,173,18893,14833,10118,0,0,False,warehouse-10-20-10-2-1-random-3.scen,180,True,
180,warehouse-10-20-10-2-1.map,planner,0,0,14833,0,173,0,14833,10480,0,0,True,warehouse-10-20-10-2-1-random-3.scen,180,True,opti
180,warehouse-10-20-10-2-1.map,planner,0,0,14833,0,173,0,14833,10424,0,1,True,warehouse-10-20-10-2-1-random-3.scen,180,True,opti
180,warehouse-10-20-10-2-1.map,planner,0,0,14833,0,173,0,14833,10427,0,4,True,warehouse-10-20-10-2-1-random-3.scen,180,True,opti
180,warehouse-10-20-10-2-1.map,planner,0,0,14833,0,173,0,14833,10438,0,16,True,warehouse-10-20-10-2-1-random-3.scen,180,True,opti
180,warehouse-10-20-10-2-1.map,planner,0,0,14833,0,173,0,14833,10438,0,64,True,warehouse-10-20-10-2-1-random-3.scen,180,True,opti
180,warehouse-10-20-10-2-1.map,planner,0,0,14833,0,173,0,14833,10435,0,256,True,warehouse-10-20-10-2-1-random-3.scen,180,True,opti
20,warehouse-10-20-10-2-1.map,planner,1,1509,1392,152,152,1394,1392,10508,0,0,False,warehouse-10-20-10-2-1-random-5.scen,20,True,
20,warehouse-10-20-10-2-1.map,planner,1,1509,1392,152,152,1394,1392,10501,0,0,True,warehouse-10-20-10-2-1-random-5.scen,20,True,opti
20,warehouse-10-20-10-2-1.map,planner,1,1509,1392,152,152,1394,1392,10502,0,1,True,warehouse-10-20-10-2-1-random-5.scen,20,True,opti
20,warehouse-10-20-10-2-1.map,planner,1,1509,1392,152,152,1394,1392,10501,0,4,True,warehouse-10-20-10-2-1-random-5.scen,20,True,opti
20,warehouse-10-20-10-2-1.map,planner,1,1509,1392,152,152,1394,1392,10495,0,16,True,warehouse-10-20-10-2-1-random-5.scen,20,True,opti
20,warehouse-10-20-10-2-1.map,planner,1,1509,1392,152,152,1394,1392,10484,0,64,True,warehouse-10-20-10-2-1-random-5.scen,20,True,opti
20,warehouse-10-20-10-2-1.map,planner,1,1509,1392,152,152,1394,1392,10509,0,256,True,warehouse-10-20-10-2-1-random-5.scen,20,True,opti
60,warehouse-10-20-10-2-1.map,planner,1,5969,5099,175,175,5489,5099,10315,0,0,False,warehouse-10-20-10-2-1-random-5.scen,60,True,
60,warehouse-10-20-10-2-1.map,planner,1,5925,5099,177,175,5460,5099,10256,0,0,True,warehouse-10-20-10-2-1-random-5.scen,60,True,opti
60,warehouse-10-20-10-2-1.map,planner,1,5841,5099,193,175,5447,5099,10337,0,1,True,warehouse-10-20-10-2-1-random-5.scen,60,True,opti
60,warehouse-10-20-10-2-1.map,planner,1,5841,5099,193,175,5447,5099,10324,0,4,True,warehouse-10-20-10-2-1-random-5.scen,60,True,opti
60,warehouse-10-20-10-2-1.map,planner,1,5841,5099,193,175,5447,5099,10324,0,16,True,warehouse-10-20-10-2-1-random-5.scen,60,True,opti
60,warehouse-10-20-10-2-1.map,planner,1,5841,5099,193,175,5447,5099,10317,0,64,True,warehouse-10-20-10-2-1-random-5.scen,60,True,opti
60,warehouse-10-20-10-2-1.map,planner,1,5841,5099,193,175,5447,5099,10328,0,256,True,warehouse-10-20-10-2-1-random-5.scen,60,True,opti
100,warehouse-10-20-10-2-1.map,planner,1,11018,8536,197,175,9682,8536,10233,0,0,False,warehouse-10-20-10-2-1-random-5.scen,100,True,
100,warehouse-10-20-10-2-1.map,planner,1,11116,8536,221,175,9780,8536,10156,0,0,True,warehouse-10-20-10-2-1-random-5.scen,100,True,opti
100,warehouse-10-20-10-2-1.map,planner,1,10938,8536,217,175,9909,8536,10184,0,1,True,warehouse-10-20-10-2-1-random-5.scen,100,True,opti
100,warehouse-10-20-10-2-1.map,planner,1,11176,8536,189,175,9970,8536,10233,0,4,True,warehouse-10-20-10-2-1-random-5.scen,100,True,opti
100,warehouse-10-20-10-2-1.map,planner,1,11588,8536,251,175,10197,8536,10253,0,16,True,warehouse-10-20-10-2-1-random-5.scen,100,True,opti
100,warehouse-10-20-10-2-1.map,planner,1,11588,8536,251,175,10197,8536,10257,0,64,True,warehouse-10-20-10-2-1-random-5.scen,100,True,opti
100,warehouse-10-20-10-2-1.map,planner,1,11588,8536,251,175,10197,8536,10259,0,256,True,warehouse-10-20-10-2-1-random-5.scen,100,True,opti
140,warehouse-10-20-10-2-1.map,planner,1,16269,11299,215,198,14130,11299,10054,0,0,False,warehouse-10-20-10-2-1-random-5.scen,140,True,
140,warehouse-10-20-10-2-1.map,planner,1,15871,11299,244,198,14093,11299,10324,0,0,True,warehouse-10-20-10-2-1-random-5.scen,140,True,opti
140,warehouse-10-20-10-2-1.map,planner,1,16024,11299,294,198,14285,11299,10433,0,1,True,warehouse-10-20-10-2-1-random-5.scen,140,True,opti
140,warehouse-10-20-10-2-1.map,planner,1,16968,11299,355,198,14526,11299,10250,0,4,True,warehouse-10-20-10-2-1-random-5.scen,140,True,opti
140,warehouse-10-20-10-2-1.map,planner,1,16968,11299,355,198,14526,11299,10306,0,16,True,warehouse-10-20-10-2-1-random-5.scen,140,True,opti
140,warehouse-10-20-10-2-1.map,planner,1,16968,11299,355,198,14526,11299,10305,0,64,True,warehouse-10-20-10-2-1-random-5.scen,140,True,opti
140,warehouse-10-20-10-2-1.map,planner,1,16968,11299,355,198,14526,11299,10348,0,256,True,warehouse-10-20-10-2-1-random-5.scen,140,True,opti
180,warehouse-10-20-10-2-1.map,planner,1,20952,14502,198,198,17881,14502,10128,0,0,False,warehouse-10-20-10-2-1-random-5.scen,180,True,
180,warehouse-10-20-10-2-1.map,planner,1,20815,14502,226,198,17913,14502,10427,0,0,True,warehouse-10-20-10-2-1-random-5.scen,180,True,opti
180,warehouse-10-20-10-2-1.map,planner,1,22711,14502,308,198,19304,14502,10131,0,1,True,warehouse-10-20-10-2-1-random-5.scen,180,True,opti
180,warehouse-10-20-10-2-1.map,planner,1,22225,14502,328,198,18795,14502,10207,0,4,True,warehouse-10-20-10-2-1-random-5.scen,180,True,opti
180,warehouse-10-20-10-2-1.map,planner,1,22475,14502,337,198,19500,14502,10146,0,16,True,warehouse-10-20-10-2-1-random-5.scen,180,True,opti
180,warehouse-10-20-10-2-1.map,planner,1,22475,14502,337,198,19500,14502,10195,0,64,True,warehouse-10-20-10-2-1-random-5.scen,180,True,opti
180,warehouse-10-20-10-2-1.map,planner,1,22475,14502,337,198,19500,14502,10212,0,256,True,warehouse-10-20-10-2-1-random-5.scen,180,True,opti
20,warehouse-10-20-10-2-1.map,planner,1,1546,1476,166,166,1487,1476,11071,0,0,False,warehouse-10-20-10-2-1-random-23.scen,20,True,
20,warehouse-10-20-10-2-1.map,planner,1,1546,1476,166,166,1487,1476,11042,0,0,True,warehouse-10-20-10-2-1-random-23.scen,20,True,opti
20,warehouse-10-20-10-2-1.map,planner,1,1546,1476,166,166,1487,1476,11021,0,1,True,warehouse-10-20-10-2-1-random-23.scen,20,True,opti
20,warehouse-10-20-10-2-1.map,planner,1,1546,1476,166,166,1487,1476,11008,0,4,True,warehouse-10-20-10-2-1-random-23.scen,20,True,opti
20,warehouse-10-20-10-2-1.map,planner,1,1546,1476,166,166,1487,1476,11028,0,16,True,warehouse-10-20-10-2-1-random-23.scen,20,True,opti
20,warehouse-10-20-10-2-1.map,planner,1,1546,1476,166,166,1487,1476,11049,0,64,True,warehouse-10-20-10-2-1-random-23.scen,20,True,opti
20,warehouse-10-20-10-2-1.map,planner,1,1546,1476,166,166,1487,1476,11029,0,256,True,warehouse-10-20-10-2-1-random-23.scen,20,True,opti
60,warehouse-10-20-10-2-1.map,planner,1,6235,5242,197,175,5654,5242,10218,0,0,False,warehouse-10-20-10-2-1-random-23.scen,60,True,
60,warehouse-10-20-10-2-1.map,planner,1,6370,5242,177,175,5781,5242,10360,0,0,True,warehouse-10-20-10-2-1-random-23.scen,60,True,opti
60,warehouse-10-20-10-2-1.map,planner,1,6236,5242,177,175,5644,5242,10376,0,1,True,warehouse-10-20-10-2-1-random-23.scen,60,True,opti
60,warehouse-10-20-10-2-1.map,planner,1,6376,5242,175,175,5777,5242,10446,0,4,True,warehouse-10-20-10-2-1-random-23.scen,60,True,opti
60,warehouse-10-20-10-2-1.map,planner,1,6376,5242,175,175,5777,5242,10305,0,16,True,warehouse-10-20-10-2-1-random-23.scen,60,True,opti
60,warehouse-10-20-10-2-1.map,planner,1,6332,5242,200,175,5698,5242,10330,0,64,True,warehouse-10-20-10-2-1-random-23.scen,60,True,opti
60,warehouse-10-20-10-2-1.map,planner,1,6231,5242,177,175,5707,5242,10360,0,256,True,warehouse-10-20-10-2-1-random-23.scen,60,True,opti
100,warehouse-10-20-10-2-1.map,planner,1,11266,8951,217,189,10457,8951,10207,0,0,False,warehouse-10-20-10-2-1-random-23.scen,100,True,
100,warehouse-10-20-10-2-1.map,planner,1,11595,8951,190,189,10424,8951,10303,0,0,True,warehouse-10-20-10-2-1-random-23.scen,100,True,opti
100,warehouse-10-20-10-2-1.map,planner,1,11180,8951,189,189,10387,8951,10179,0,1,True,warehouse-10-20-10-2-1-random-23.scen,100,True,opti
100,warehouse-10-20-10-2-1.map,planner,1,11180,8951,189,189,10387,8951,10181,0,4,True,warehouse-10-20-10-2-1-random-23.scen,100,True,opti
100,warehouse-10-20-10-2-1.map,planner,1,11180,8951,189,189,10387,8951,10178,0,16,True,warehouse-10-20-10-2-1-random-23.scen,100,True,opti
100,warehouse-10-20-10-2-1.map,planner,1,11180,8951,189,189,10387,8951,10197,0,64,True,warehouse-10-20-10-2-1-random-23.scen,100,True,opti
100,warehouse-10-20-10-2-1.map,planner,1,11180,8951,189,189,10387,8951,10182,0,256,True,warehouse-10-20-10-2-1-random-23.scen,100,True,opti
140,warehouse-10-20-10-2-1.map,planner,1,16869,11990,199,189,14897,11990,10256,0,0,False,warehouse-10-20-10-2-1-random-23.scen,140,True,
140,warehouse-10-20-10-2-1.map,planner,1,16642,11990,204,189,15022,11990,10185,0,0,True,warehouse-10-20-10-2-1-random-23.scen,140,True,opti
140,warehouse-10-20-10-2-1.map,planner,1,17682,11990,271,189,15727,11990,10152,0,1,True,warehouse-10-20-10-2-1-random-23.scen,140,True,opti
140,warehouse-10-20-10-2-1.map,planner,1,17308,11990,232,189,15411,11990,10240,0,4,True,warehouse-10-20-10-2-1-random-23.scen,140,True,opti
140,warehouse-10-20-10-2-1.map,planner,1,17308,11990,232,189,15411,11990,10224,0,16,True,warehouse-10-20-10-2-1-random-23.scen,140,True,opti
140,warehouse-10-20-10-2-1.map,planner,1,17308,11990,232,189,15411,11990,10262,0,64,True,warehouse-10-20-10-2-1-random-23.scen,140,True,opti
140,warehouse-10-20-10-2-1.map,planner,1,17308,11990,232,189,15411,11990,10225,0,256,True,warehouse-10-20-10-2-1-random-23.scen,140,True,opti
180,warehouse-10-20-10-2-1.map,planner,1,21460,14865,193,189,18702,14865,10160,0,0,False,warehouse-10-20-10-2-1-random-23.scen,180,True,
180,warehouse-10-20-10-2-1.map,planner,1,21864,14865,224,189,19289,14865,10438,0,0,True,warehouse-10-20-10-2-1-random-23.scen,180,True,opti
180,warehouse-10-20-10-2-1.map,planner,1,24726,14865,365,189,20646,14865,10420,0,1,True,warehouse-10-20-10-2-1-random-23.scen,180,True,opti
180,warehouse-10-20-10-2-1.map,planner,1,22765,14865,254,189,20016,14865,10213,0,4,True,warehouse-10-20-10-2-1-random-23.scen,180,True,opti
180,warehouse-10-20-10-2-1.map,planner,1,27588,14865,450,189,22450,14865,10435,0,16,True,warehouse-10-20-10-2-1-random-23.scen,180,True,opti
180,warehouse-10-20-10-2-1.map,planner,1,24504,14865,313,189,20791,14865,10357,0,64,True,warehouse-10-20-10-2-1-random-23.scen,180,True,opti
180,warehouse-10-20-10-2-1.map,planner,1,24504,14865,313,189,20791,14865,10390,0,256,True,warehouse-10-20-10-2-1-random-23.scen,180,True,opti
20,warehouse-10-20-10-2-1.map,planner,1,1540,1356,166,165,1382,1356,10621,0,0,False,warehouse-10-20-10-2-1-random-11.scen,20,True,
20,warehouse-10-20-10-2-1.map,planner,1,1505,1356,166,165,1380,1356,10717,0,0,True,warehouse-10-20-10-2-1-random-11.scen,20,True,opti
20,warehouse-10-20-10-2-1.map,planner,1,1494,1356,167,165,1379,1356,11074,0,1,True,warehouse-10-20-10-2-1-random-11.scen,20,True,opti
20,warehouse-10-20-10-2-1.map,planner,1,1494,1356,167,165,1379,1356,11068,0,4,True,warehouse-10-20-10-2-1-random-11.scen,20,True,opti
20,warehouse-10-20-10-2-1.map,planner,1,1494,1356,167,165,1379,1356,11069,0,16,True,warehouse-10-20-10-2-1-random-11.scen,20,True,opti
20,warehouse-10-20-10-2-1.map,planner,1,1494,1356,167,165,1379,1356,11109,0,64,True,warehouse-10-20-10-2-1-random-11.scen,20,True,opti
20,warehouse-10-20-10-2-1.map,planner,1,1494,1356,167,165,1379,1356,11073,0,256,True,warehouse-10-20-10-2-1-random-11.scen,20,True,opti
60,warehouse-10-20-10-2-1.map,planner,1,6791,5211,181,181,5814,5211,10239,0,0,False,warehouse-10-20-10-2-1-random-11.scen,60,True,
60,warehouse-10-20-10-2-1.map,planner,1,6732,5211,229,181,5987,5211,11164,0,0,True,warehouse-10-20-10-2-1-random-11.scen,60,True,opti
60,warehouse-10-20-10-2-1.map,planner,1,6810,5211,232,181,6166,5211,10636,0,1,True,warehouse-10-20-10-2-1-random-11.scen,60,True,opti
60,warehouse-10-20-10-2-1.map,planner,1,6810,5211,232,181,6166,5211,10615,0,4,True,warehouse-10-20-10-2-1-random-11.scen,60,True,opti
60,warehouse-10-20-10-2-1.map,planner,1,6864,5211,230,181,6131,5211,10604,0,16,True,warehouse-10-20-10-2-1-random-11.scen,60,True,opti
60,warehouse-10-20-10-2-1.map,planner,1,6810,5211,232,181,6166,5211,10722,0,64,True,warehouse-10-20-10-2-1-random-11.scen,60,True,opti
60,warehouse-10-20-10-2-1.map,planner,1,6810,5211,232,181,6166,5211,10770,0,256,True,warehouse-10-20-10-2-1-random-11.scen,60,True,opti
100,warehouse-10-20-10-2-1.map,planner,1,12111,8761,197,185,10633,8761,10201,0,0,False,warehouse-10-20-10-2-1-random-11.scen,100,True,
100,warehouse-10-20-10-2-1.map,planner,0,0,8761,0,185,0,8761,11034,0,0,True,warehouse-10-20-10-2-1-random-11.scen,100,True,opti
100,warehouse-10-20-10-2-1.map,planner,0,0,8761,0,185,0,8761,11034,0,1,True,warehouse-10-20-10-2-1-random-11.scen,100,True,opti
100,warehouse-10-20-10-2-1.map,planner,0,0,8761,0,185,0,8761,11075,0,4,True,warehouse-10-20-10-2-1-random-11.scen,100,True,opti
100,warehouse-10-20-10-2-1.map,planner,0,0,8761,0,185,0,8761,11053,0,16,True,warehouse-10-20-10-2-1-random-11.scen,100,True,opti
100,warehouse-10-20-10-2-1.map,planner,0,0,8761,0,185,0,8761,11096,0,64,True,warehouse-10-20-10-2-1-random-11.scen,100,True,opti
100,warehouse-10-20-10-2-1.map,planner,0,0,8761,0,185,0,8761,11075,0,256,True,warehouse-10-20-10-2-1-random-11.scen,100,True,opti
140,warehouse-10-20-10-2-1.map,planner,1,16838,11644,194,185,14654,11644,10233,0,0,False,warehouse-10-20-10-2-1-random-11.scen,140,True,
140,warehouse-10-20-10-2-1.map,planner,0,0,11644,0,185,0,11644,10604,0,0,True,warehouse-10-20-10-2-1-random-11.scen,140,True,opti
140,warehouse-10-20-10-2-1.map,planner,0,0,11644,0,185,0,11644,10565,0,1,True,warehouse-10-20-10-2-1-random-11.scen,140,True,opti
140,warehouse-10-20-10-2-1.map,planner,0,0,11644,0,185,0,11644,10567,0,4,True,warehouse-10-20-10-2-1-random-11.scen,140,True,opti
140,warehouse-10-20-10-2-1.map,planner,0,0,11644,0,185,0,11644,10582,0,16,True,warehouse-10-20-10-2-1-random-11.scen,140,True,opti
140,warehouse-10-20-10-2-1.map,planner,0,0,11644,0,185,0,11644,10577,0,64,True,warehouse-10-20-10-2-1-random-11.scen,140,True,opti
140,warehouse-10-20-10-2-1.map,planner,0,0,11644,0,185,0,11644,10572,0,256,True,warehouse-10-20-10-2-1-random-11.scen,140,True,opti
180,warehouse-10-20-10-2-1.map,planner,1,23005,14772,213,185,19575,14772,10231,0,0,False,warehouse-10-20-10-2-1-random-11.scen,180,True,
180,warehouse-10-20-10-2-1.map,planner,0,0,14772,0,185,0,14772,10466,0,0,True,warehouse-10-20-10-2-1-random-11.scen,180,True,opti
180,warehouse-10-20-10-2-1.map,planner,0,0,14772,0,185,0,14772,10419,0,1,True,warehouse-10-20-10-2-1-random-11.scen,180,True,opti
180,warehouse-10-20-10-2-1.map,planner,0,0,14772,0,185,0,14772,10450,0,4,True,warehouse-10-20-10-2-1-random-11.scen,180,True,opti
180,warehouse-10-20-10-2-1.map,planner,0,0,14772,0,185,0,14772,10441,0,16,True,warehouse-10-20-10-2-1-random-11.scen,180,True,opti
180,warehouse-10-20-10-2-1.map,planner,0,0,14772,0,185,0,14772,10436,0,64,True,warehouse-10-20-10-2-1-random-11.scen,180,True,opti
180,warehouse-10-20-10-2-1.map,planner,0,0,14772,0,185,0,14772,10439,0,256,True,warehouse-10-20-10-2-1-random-11.scen,180,True,opti
20,warehouse-10-20-10-2-1.map,planner,1,1570,1470,168,168,1489,1470,10882,0,0,False,warehouse-10-20-10-2-1-random-18.scen,20,True,
20,warehouse-10-20-10-2-1.map,planner,1,1504,1470,170,168,1488,1470,10866,0,0,True,warehouse-10-20-10-2-1-random-18.scen,20,True,opti
20,warehouse-10-20-10-2-1.map,planner,1,1506,1470,168,168,1492,1470,10813,0,1,True,warehouse-10-20-10-2-1-random-18.scen,20,True,opti
20,warehouse-10-20-10-2-1.map,planner,1,1506,1470,168,168,1492,1470,10806,0,4,True,warehouse-10-20-10-2-1-random-18.scen,20,True,opti
20,warehouse-10-20-10-2-1.map,planner,1,1506,1470,168,168,1492,1470,10801,0,16,True,warehouse-10-20-10-2-1-random-18.scen,20,True,opti
20,warehouse-10-20-10-2-1.map,planner,1,1506,1470,168,168,1492,1470,10809,0,64,True,warehouse-10-20-10-2-1-random-18.scen,20,True,opti
20,warehouse-10-20-10-2-1.map,planner,1,1506,1470,168,168,1492,1470,10820,0,256,True,warehouse-10-20-10-2-1-random-18.scen,20,True,opti
60,warehouse-10-20-10-2-1.map,planner,1,5728,4815,178,177,5204,4815,10164,0,0,False,warehouse-10-20-10-2-1-random-18.scen,60,True,
60,warehouse-10-20-10-2-1.map,planner,1,5565,4815,179,177,5155,4815,10179,0,0,True,warehouse-10-20-10-2-1-random-18.scen,60,True,opti
60,warehouse-10-20-10-2-1.map,planner,1,5715,4815,178,177,5290,4815,10146,0,1,True,warehouse-10-20-10-2-1-random-18.scen,60,True,opti
60,warehouse-10-20-10-2-1.map,planner,1,5715,4815,178,177,5290,4815,10146,0,4,True,warehouse-10-20-10-2-1-random-18.scen,60,True,opti
60,warehouse-10-20-10-2-1.map,planner,1,5715,4815,178,177,5290,4815,10140,0,16,True,warehouse-10-20-10-2-1-random-18.scen,60,True,opti
60,warehouse-10-20-10-2-1.map,planner,1,5715,4815,178,177,5290,4815,10144,0,64,True,warehouse-10-20-10-2-1-random-18.scen,60,True,opti
60,warehouse-10-20-10-2-1.map,planner,1,5715,4815,178,177,5290,4815,10146,0,256,True,warehouse-10-20-10-2-1-random-18.scen,60,True,opti
100,warehouse-10-20-10-2-1.map,planner,1,10058,8173,188,186,9329,8173,10416,0,0,False,warehouse-10-20-10-2-1-random-18.scen,100,True,
100,warehouse-10-20-10-2-1.map,planner,1,10347,8173,188,186,9404,8173,10590,0,0,True,warehouse-10-20-10-2-1-random-18.scen,100,True,opti
100,warehouse-10-20-10-2-1.map,planner,1,10762,8173,232,186,9549,8173,10171,0,1,True,warehouse-10-20-10-2-1-random-18.scen,100,True,opti
100,warehouse-10-20-10-2-1.map,planner,1,10762,8173,232,186,9549,8173,10166,0,4,True,warehouse-10-20-10-2-1-random-18.scen,100,True,opti
100,warehouse-10-20-10-2-1.map,planner,1,10762,8173,232,186,9549,8173,10172,0,16,True,warehouse-10-20-10-2-1-random-18.scen,100,True,opti
100,warehouse-10-20-10-2-1.map,planner,1,10762,8173,232,186,9549,8173,10176,0,64,True,warehouse-10-20-10-2-1-random-18.scen,100,True,opti
100,warehouse-10-20-10-2-1.map,planner,1,10762,8173,232,186,9549,8173,10174,0,256,True,warehouse-10-20-10-2-1-random-18.scen,100,True,opti
140,warehouse-10-20-10-2-1.map,planner,1,14772,10617,201,186,12968,10617,10166,0,0,False,warehouse-10-20-10-2-1-random-18.scen,140,True,
140,warehouse-10-20-10-2-1.map,planner,1,14499,10617,186,186,13120,10617,10099,0,0,True,warehouse-10-20-10-2-1-random-18.scen,140,True,opti
140,warehouse-10-20-10-2-1.map,planner,1,15221,10617,251,186,13412,10617,10148,0,1,True,warehouse-10-20-10-2-1-random-18.scen,140,True,opti
140,warehouse-10-20-10-2-1.map,planner,1,15221,10617,251,186,13412,10617,10083,0,4,True,warehouse-10-20-10-2-1-random-18.scen,140,True,opti
140,warehouse-10-20-10-2-1.map,planner,1,15221,10617,251,186,13412,10617,10201,0,16,True,warehouse-10-20-10-2-1-random-18.scen,140,True,opti
140,warehouse-10-20-10-2-1.map,planner,1,15221,10617,251,186,13412,10617,10174,0,64,True,warehouse-10-20-10-2-1-random-18.scen,140,True,opti
140,warehouse-10-20-10-2-1.map,planner,1,15221,10617,251,186,13412,10617,10122,0,256,True,warehouse-10-20-10-2-1-random-18.scen,140,True,opti
180,warehouse-10-20-10-2-1.map,planner,1,21664,14043,221,186,18193,14043,10104,0,0,False,warehouse-10-20-10-2-1-random-18.scen,180,True,
180,warehouse-10-20-10-2-1.map,planner,1,21118,14043,237,186,18319,14043,10068,0,0,True,warehouse-10-20-10-2-1-random-18.scen,180,True,opti
180,warehouse-10-20-10-2-1.map,planner,1,22124,14043,236,186,18926,14043,10151,0,1,True,warehouse-10-20-10-2-1-random-18.scen,180,True,opti
180,warehouse-10-20-10-2-1.map,planner,1,23304,14043,294,186,19830,14043,10182,0,4,True,warehouse-10-20-10-2-1-random-18.scen,180,True,opti
180,warehouse-10-20-10-2-1.map,planner,1,23320,14043,255,186,19379,14043,10345,0,16,True,warehouse-10-20-10-2-1-random-18.scen,180,True,opti
180,warehouse-10-20-10-2-1.map,planner,1,22226,14043,220,186,18652,14043,10209,0,64,True,warehouse-10-20-10-2-1-random-18.scen,180,True,opti
180,warehouse-10-20-10-2-1.map,planner,1,22226,14043,220,186,18652,14043,10208,0,256,True,warehouse-10-20-10-2-1-random-18.scen,180,True,opti
20,warehouse-10-20-10-2-1.map,planner,1,1579,1540,174,172,1558,1540,10938,0,0,False,warehouse-10-20-10-2-1-random-25.scen,20,True,
20,warehouse-10-20-10-2-1.map,planner,1,1579,1540,174,172,1558,1540,10921,0,0,True,warehouse-10-20-10-2-1-random-25.scen,20,True,opti
20,warehouse-10-20-10-2-1.map,planner,1,1697,1540,174,172,1559,1540,10749,0,1,True,warehouse-10-20-10-2-1-random-25.scen,20,True,opti
20,warehouse-10-20-10-2-1.map,planner,1,1697,1540,174,172,1559,1540,10756,0,4,True,warehouse-10-20-10-2-1-random-25.scen,20,True,opti
20,warehouse-10-20-10-2-1.map,planner,1,1697,1540,174,172,1559,1540,10761,0,16,True,warehouse-10-20-10-2-1-random-25.scen,20,True,opti
20,warehouse-10-20-10-2-1.map,planner,1,1697,1540,174,172,1559,1540,10753,0,64,True,warehouse-10-20-10-2-1-random-25.scen,20,True,opti
20,warehouse-10-20-10-2-1.map,planner,1,1697,1540,174,172,1559,1540,10762,0,256,True,warehouse-10-20-10-2-1-random-25.scen,20,True,opti
60,warehouse-10-20-10-2-1.map,planner,1,5987,5357,174,172,5675,5357,10291,0,0,False,warehouse-10-20-10-2-1-random-25.scen,60,True,
60,warehouse-10-20-10-2-1.map,planner,1,6256,5357,179,172,5891,5357,10227,0,0,True,warehouse-10-20-10-2-1-random-25.scen,60,True,opti
60,warehouse-10-20-10-2-1.map,planner,1,6048,5357,183,172,5780,5357,10292,0,1,True,warehouse-10-20-10-2-1-random-25.scen,60,True,opti
60,warehouse-10-20-10-2-1.map,planner,1,6048,5357,183,172,5780,5357,10299,0,4,True,warehouse-10-20-10-2-1-random-25.scen,60,True,opti
60,warehouse-10-20-10-2-1.map,planner,1,6048,5357,183,172,5780,5357,10299,0,16,True,warehouse-10-20-10-2-1-random-25.scen,60,True,opti
60,warehouse-10-20-10-2-1.map,planner,1,6048,5357,183,172,5780,5357,10303,0,64,True,warehouse-10-20-10-2-1-random-25.scen,60,True,opti
60,warehouse-10-20-10-2-1.map,planner,1,6048,5357,183,172,5780,5357,10298,0,256,True,warehouse-10-20-10-2-1-random-25.scen,60,True,opti
100,warehouse-10-20-10-2-1.map,planner,1,11324,8899,199,172,10054,8899,10429,0,0,False,warehouse-10-20-10-2-1-random-25.scen,100,True,
100,warehouse-10-20-10-2-1.map,planner,1,10887,8899,200,172,10135,8899,10185,0,0,True,warehouse-10-20-10-2-1-random-25.scen,100,True,opti
100,warehouse-10-20-10-2-1.map,planner,1,11208,8899,242,172,10381,8899,10108,0,1,True,warehouse-10-20-10-2-1-random-25.scen,100,True,opti
100,warehouse-10-20-10-2-1.map,planner,1,11208,8899,242,172,10381,8899,10103,0,4,True,warehouse-10-20-10-2-1-random-25.scen,100,True,opti
100,warehouse-10-20-10-2-1.map,planner,1,11208,8899,242,172,10381,8899,10100,0,16,True,warehouse-10-20-10-2-1-random-25.scen,100,True,opti
100,warehouse-10-20-10-2-1.map,planner,1,11208,8899,242,172,10381,8899,10113,0,64,True,warehouse-10-20-10-2-1-random-25.scen,100,True,opti
100,warehouse-10-20-10-2-1.map,planner,1,11208,8899,242,172,10381,8899,10115,0,256,True,warehouse-10-20-10-2-1-random-25.scen,100,True,opti
140,warehouse-10-20-10-2-1.map,planner,1,15468,11635,197,172,13927,11635,10207,0,0,False,warehouse-10-20-10-2-1-random-25.scen,140,True,
140,warehouse-10-20-10-2-1.map,planner,1,15813,11635,218,172,14113,11635,10126,0,0,True,warehouse-10-20-10-2-1-random-25.scen,140,True,opti
140,warehouse-10-20-10-2-1.map,planner,1,15966,11635,230,172,14249,11635,10284,0,1,True,warehouse-10-20-10-2-1-random-25.scen,140,True,opti
140,warehouse-10-20-10-2-1.map,planner,1,15885,11635,230,172,14247,11635,10239,0,4,True,warehouse-10-20-10-2-1-random-25.scen,140,True,opti
140,warehouse-10-20-10-2-1.map,planner,1,17048,11635,284,172,14961,11635,10148,0,16,True,warehouse-10-20-10-2-1-random-25.scen,140,True,opti
140,warehouse-10-20-10-2-1.map,planner,1,17048,11635,284,172,14961,11635,10091,0,64,True,warehouse-10-20-10-2-1-random-25.scen,140,True,opti
140,warehouse-10-20-10-2-1.map,planner,1,17048,11635,284,172,14961,11635,10214,0,256,True,warehouse-10-20-10-2-1-random-25.scen,140,True,opti
180,warehouse-10-20-10-2-1.map,planner,1,20518,14606,219,180,18346,14606,10218,0,0,False,warehouse-10-20-10-2-1-random-25.scen,180,True,
180,warehouse-10-20-10-2-1.map,planner,1,21430,14606,223,180,18500,14606,10452,0,0,True,warehouse-10-20-10-2-1-random-25.scen,180,True,opti
180,warehouse-10-20-10-2-1.map,planner,1,22100,14606,269,180,19609,14606,10315,0,1,True,warehouse-10-20-10-2-1-random-25.scen,180,True,opti
180,warehouse-10-20-10-2-1.map,planner,1,21231,14606,245,180,18655,14606,10263,0,4,True,warehouse-10-20-10-2-1-random-25.scen,180,True,opti
180,warehouse-10-20-10-2-1.map,planner,1,21231,14606,245,180,18655,14606,10305,0,16,True,warehouse-10-20-10-2-1-random-25.scen,180,True,opti
180,warehouse-10-20-10-2-1.map,planner,1,21231,14606,245,180,18655,14606,10256,0,64,True,warehouse-10-20-10-2-1-random-25.scen,180,True,opti
180,warehouse-10-20-10-2-1.map,planner,1,21231,14606,245,180,18655,14606,10264,0,256,True,warehouse-10-20-10-2-1-random-25.scen,180,True,opti
20,warehouse-10-20-10-2-1.map,planner,1,1545,1544,171,170,1545,1544,10531,0,0,False,warehouse-10-20-10-2-1-random-19.scen,20,True,
20,warehouse-10-20-10-2-1.map,planner,1,1545,1544,171,170,1545,1544,10529,0,0,True,warehouse-10-20-10-2-1-random-19.scen,20,True,opti
20,warehouse-10-20-10-2-1.map,planner,1,1545,1544,171,170,1545,1544,10559,0,1,True,warehouse-10-20-10-2-1-random-19.scen,20,True,opti
20,warehouse-10-20-10-2-1.map,planner,1,1545,1544,171,170,1545,1544,10559,0,4,True,warehouse-10-20-10-2-1-random-19.scen,20,True,opti
20,warehouse-10-20-10-2-1.map,planner,1,1545,1544,171,170,1545,1544,10489,0,16,True,warehouse-10-20-10-2-1-random-19.scen,20,True,opti
20,warehouse-10-20-10-2-1.map,planner,1,1545,1544,171,170,1545,1544,10550,0,64,True,warehouse-10-20-10-2-1-random-19.scen,20,True,opti
20,warehouse-10-20-10-2-1.map,planner,1,1545,1544,171,170,1545,1544,10570,0,256,True,warehouse-10-20-10-2-1-random-19.scen,20,True,opti
60,warehouse-10-20-10-2-1.map,planner,1,5886,5258,177,177,5635,5258,10318,0,0,False,warehouse-10-20-10-2-1-random-19.scen,60,True,
60,warehouse-10-20-10-2-1.map,planner,1,5886,5258,177,177,5635,5258,10262,0,0,True,warehouse-10-20-10-2-1-random-19.scen,60,True,opti
60,warehouse-10-20-10-2-1.map,planner,1,5937,5258,178,177,5580,5258,10218,0,1,True,warehouse-10-20-10-2-1-random-19.scen,60,True,opti
60,warehouse-10-20-10-2-1.map,planner,1,5937,5258,178,177,5580,5258,10178,0,4,True,warehouse-10-20-10-2-1-random-19.scen,60,True,opti
60,warehouse-10-20-10-2-1.map,planner,1,5937,5258,178,177,5580,5258,10224,0,16,True,warehouse-10-20-10-2-1-random-19.scen,60,True,opti
60,warehouse-10-20-10-2-1.map,planner,1,5937,5258,178,177,5580,5258,10216,0,64,True,warehouse-10-20-10-2-1-random-19.scen,60,True,opti
60,warehouse-10-20-10-2-1.map,planner,1,5937,5258,178,177,5580,5258,10234,0,256,True,warehouse-10-20-10-2-1-random-19.scen,60,True,opti
100,warehouse-10-20-10-2-1.map,planner,1,10614,8585,178,177,9631,8585,10334,0,0,False,warehouse-10-20-10-2-1-random-19.scen,100,True,
100,warehouse-10-20-10-2-1.map,planner,1,11278,8585,237,177,10126,8585,10267,0,0,True,warehouse-10-20-10-2-1-random-19.scen,100,True,opti
100,warehouse-10-20-10-2-1.map,planner,1,11339,8585,207,177,10140,8585,10266,0,1,True,warehouse-10-20-10-2-1-random-19.scen,100,True,opti
100,warehouse-10-20-10-2-1.map,planner,1,11339,8585,207,177,10140,8585,10261,0,4,True,warehouse-10-20-10-2-1-random-19.scen,100,True,opti
100,warehouse-10-20-10-2-1.map,planner,1,11339,8585,207,177,10140,8585,10263,0,16,True,warehouse-10-20-10-2-1-random-19.scen,100,True,opti
100,warehouse-10-20-10-2-1.map,planner,1,11339,8585,207,177,10140,8585,10255,0,64,True,warehouse-10-20-10-2-1-random-19.scen,100,True,opti
100,warehouse-10-20-10-2-1.map,planner,1,11339,8585,207,177,10140,8585,10267,0,256,True,warehouse-10-20-10-2-1-random-19.scen,100,True,opti
140,warehouse-10-20-10-2-1.map,planner,1,16063,11326,193,177,13783,11326,10351,0,0,False,warehouse-10-20-10-2-1-random-19.scen,140,True,
140,warehouse-10-20-10-2-1.map,planner,1,15891,11326,217,177,13877,11326,10438,0,0,True,warehouse-10-20-10-2-1-random-19.scen,140,True,opti
140,warehouse-10-20-10-2-1.map,planner,1,15895,11326,215,177,14099,11326,10383,0,1,True,warehouse-10-20-10-2-1-random-19.scen,140,True,opti
140,warehouse-10-20-10-2-1.map,planner,1,16612,11326,249,177,14546,11326,10315,0,4,True,warehouse-10-20-10-2-1-random-19.scen,140,True,opti
140,warehouse-10-20-10-2-1.map,planner,1,16612,11326,249,177,14546,11326,10301,0,16,True,warehouse-10-20-10-2-1-random-19.scen,140,True,opti
140,warehouse-10-20-10-2-1.map,planner,1,16612,11326,249,177,14546,11326,10363,0,64,True,warehouse-10-20-10-2-1-random-19.scen,140,True,opti
140,warehouse-10-20-10-2-1.map,planner,1,16612,11326,249,177,14546,11326,10359,0,256,True,warehouse-10-20-10-2-1-random-19.scen,140,True,opti
180,warehouse-10-20-10-2-1.map,planner,1,21518,14193,208,177,18515,14193,10348,0,0,False,warehouse-10-20-10-2-1-random-19.scen,180,True,
180,warehouse-10-20-10-2-1.map,planner,0,0,14193,0,177,0,14193,10407,0,0,True,warehouse-10-20-10-2-1-random-19.scen,180,True,opti
180,warehouse-10-20-10-2-1.map,planner,0,0,14193,0,177,0,14193,10435,0,1,True,warehouse-10-20-10-2-1-random-19.scen,180,True,opti
180,warehouse-10-20-10-2-1.map,planner,0,0,14193,0,177,0,14193,10429,0,4,True,warehouse-10-20-10-2-1-random-19.scen,180,True,opti
180,warehouse-10-20-10-2-1.map,planner,0,0,14193,0,177,0,14193,10435,0,16,True,warehouse-10-20-10-2-1-random-19.scen,180,True,opti
180,warehouse-10-20-10-2-1.map,planner,0,0,14193,0,177,0,14193,10436,0,64,True,warehouse-10-20-10-2-1-random-19.scen,180,True,opti
180,warehouse-10-20-10-2-1.map,planner,0,0,14193,0,177,0,14193,10436,0,256,True,warehouse-10-20-10-2-1-random-19.scen,180,True,opti
20,warehouse-10-20-10-2-1.map,planner,1,1562,1505,174,174,1529,1505,10323,0,0,False,warehouse-10-20-10-2-1-random-1.scen,20,True,
20,warehouse-10-20-10-2-1.map,planner,1,1560,1505,174,174,1527,1505,10830,0,0,True,warehouse-10-20-10-2-1-random-1.scen,20,True,opti
20,warehouse-10-20-10-2-1.map,planner,1,1561,1505,175,174,1528,1505,10553,0,1,True,warehouse-10-20-10-2-1-random-1.scen,20,True,opti
20,warehouse-10-20-10-2-1.map,planner,1,1561,1505,175,174,1528,1505,10561,0,4,True,warehouse-10-20-10-2-1-random-1.scen,20,True,opti
20,warehouse-10-20-10-2-1.map,planner,1,1561,1505,175,174,1528,1505,10558,0,16,True,warehouse-10-20-10-2-1-random-1.scen,20,True,opti
20,warehouse-10-20-10-2-1.map,planner,1,1561,1505,175,174,1528,1505,10562,0,64,True,warehouse-10-20-10-2-1-random-1.scen,20,True,opti
20,warehouse-10-20-10-2-1.map,planner,1,1561,1505,175,174,1528,1505,10563,0,256,True,warehouse-10-20-10-2-1-random-1.scen,20,True,opti
60,warehouse-10-20-10-2-1.map,planner,1,6166,5042,176,174,5518,5042,10617,0,0,False,warehouse-10-20-10-2-1-random-1.scen,60,True,
60,warehouse-10-20-10-2-1.map,planner,1,6273,5042,176,174,5499,5042,10385,0,0,True,warehouse-10-20-10-2-1-random-1.scen,60,True,opti
60,warehouse-10-20-10-2-1.map,planner,1,6395,5042,200,174,5604,5042,10230,0,1,True,warehouse-10-20-10-2-1-random-1.scen,60,True,opti
60,warehouse-10-20-10-2-1.map,planner,1,6395,5042,200,174,5604,5042,10285,0,4,True,warehouse-10-20-10-2-1-random-1.scen,60,True,opti
60,warehouse-10-20-10-2-1.map,planner,1,6395,5042,200,174,5604,5042,10238,0,16,True,warehouse-10-20-10-2-1-random-1.scen,60,True,opti
60,warehouse-10-20-10-2-1.map,planner,1,6395,5042,200,174,5604,5042,10305,0,64,True,warehouse-10-20-10-2-1-random-1.scen,60,True,opti
60,warehouse-10-20-10-2-1.map,planner,1,6395,5042,200,174,5604,5042,10265,0,256,True,warehouse-10-20-10-2-1-random-1.scen,60,True,opti
100,warehouse-10-20-10-2-1.map,planner,1,11144,8991,199,198,10230,8991,10427,0,0,False,warehouse-10-20-10-2-1-random-1.scen,100,True,
100,warehouse-10-20-10-2-1.map,planner,1,11591,8991,226,198,10479,8991,10304,0,0,True,warehouse-10-20-10-2-1-random-1.scen,100,True,opti
100,warehouse-10-20-10-2-1.map,planner,1,12195,8991,266,198,10797,8991,10272,0,1,True,warehouse-10-20-10-2-1-random-1.scen,100,True,opti
100,warehouse-10-20-10-2-1.map,planner,1,12195,8991,266,198,10797,8991,10262,0,4,True,warehouse-10-20-10-2-1-random-1.scen,100,True,opti
100,warehouse-10-20-10-2-1.map,planner,1,12195,8991,266,198,10797,8991,10297,0,16,True,warehouse-10-20-10-2-1-random-1.scen,100,True,opti
100,warehouse-10-20-10-2-1.map,planner,1,12195,8991,266,198,10797,8991,10255,0,64,True,warehouse-10-20-10-2-1-random-1.scen,100,True,opti
100,warehouse-10-20-10-2-1.map,planner,1,12195,8991,266,198,10797,8991,10273,0,256,True,warehouse-10-20-10-2-1-random-1.scen,100,True,opti
140,warehouse-10-20-10-2-1.map,planner,1,16144,11878,219,198,14445,11878,10072,0,0,False,warehouse-10-20-10-2-1-random-1.scen,140,True,
140,warehouse-10-20-10-2-1.map,planner,1,16749,11878,244,198,14955,11878,10171,0,0,True,warehouse-10-20-10-2-1-random-1.scen,140,True,opti
140,warehouse-10-20-10-2-1.map,planner,1,16730,11878,232,198,14883,11878,10243,0,1,True,warehouse-10-20-10-2-1-random-1.scen,140,True,opti
140,warehouse-10-20-10-2-1.map,planner,1,17112,11878,246,198,15027,11878,10255,0,4,True,warehouse-10-20-10-2-1-random-1.scen,140,True,opti
140,warehouse-10-20-10-2-1.map,planner,1,17112,11878,246,198,15027,11878,10207,0,16,True,warehouse-10-20-10-2-1-random-1.scen,140,True,opti
140,warehouse-10-20-10-2-1.map,planner,1,17112,11878,246,198,15027,11878,10380,0,64,True,warehouse-10-20-10-2-1-random-1.scen,140,True,opti
140,warehouse-10-20-10-2-1.map,planner,1,17112,11878,246,198,15027,11878,10250,0,256,True,warehouse-10-20-10-2-1-random-1.scen,140,True,opti
180,warehouse-10-20-10-2-1.map,planner,1,21337,14702,200,198,18882,14702,10153,0,0,False,warehouse-10-20-10-2-1-random-1.scen,180,True,
180,warehouse-10-20-10-2-1.map,planner,0,0,14702,0,198,0,14702,10434,0,0,True,warehouse-10-20-10-2-1-random-1.scen,180,True,opti
180,warehouse-10-20-10-2-1.map,planner,0,0,14702,0,198,0,14702,10456,0,1,True,warehouse-10-20-10-2-1-random-1.scen,180,True,opti
180,warehouse-10-20-10-2-1.map,planner,0,0,14702,0,198,0,14702,10443,0,4,True,warehouse-10-20-10-2-1-random-1.scen,180,True,opti
180,warehouse-10-20-10-2-1.map,planner,0,0,14702,0,198,0,14702,10440,0,16,True,warehouse-10-20-10-2-1-random-1.scen,180,True,opti
180,warehouse-10-20-10-2-1.map,planner,0,0,14702,0,198,0,14702,10441,0,64,True,warehouse-10-20-10-2-1-random-1.scen,180,True,opti
180,warehouse-10-20-10-2-1.map,planner,0,0,14702,0,198,0,14702,10436,0,256,True,warehouse-10-20-10-2-1-random-1.scen,180,True,opti
20,warehouse-10-20-10-2-1.map,planner,1,1629,1574,196,194,1600,1574,10867,0,0,False,warehouse-10-20-10-2-1-random-10.scen,20,True,
20,warehouse-10-20-10-2-1.map,planner,1,1789,1574,217,194,1760,1574,11491,0,0,True,warehouse-10-20-10-2-1-random-10.scen,20,True,opti
20,warehouse-10-20-10-2-1.map,planner,1,1787,1574,216,194,1758,1574,11460,0,1,True,warehouse-10-20-10-2-1-random-10.scen,20,True,opti
20,warehouse-10-20-10-2-1.map,planner,1,1787,1574,216,194,1758,1574,11467,0,4,True,warehouse-10-20-10-2-1-random-10.scen,20,True,opti
20,warehouse-10-20-10-2-1.map,planner,1,1787,1574,216,194,1758,1574,11478,0,16,True,warehouse-10-20-10-2-1-random-10.scen,20,True,opti
20,warehouse-10-20-10-2-1.map,planner,1,1787,1574,216,194,1758,1574,11467,0,64,True,warehouse-10-20-10-2-1-random-10.scen,20,True,opti
20,warehouse-10-20-10-2-1.map,planner,1,1787,1574,216,194,1758,1574,11478,0,256,True,warehouse-10-20-10-2-1-random-10.scen,20,True,opti
60,warehouse-10-20-10-2-1.map,planner,1,6409,5494,194,194,5835,5494,10407,0,0,False,warehouse-10-20-10-2-1-random-10.scen,60,True,
60,warehouse-10-20-10-2-1.map,planner,1,6244,5494,196,194,5897,5494,10299,0,0,True,warehouse-10-20-10-2-1-random-10.scen,60,True,opti
60,warehouse-10-20-10-2-1.map,planner,1,6282,5494,196,194,5843,5494,10350,0,1,True,warehouse-10-20-10-2-1-random-10.scen,60,True,opti
60,warehouse-10-20-10-2-1.map,planner,1,6282,5494,196,194,5843,5494,10336,0,4,True,warehouse-10-20-10-2-1-random-10.scen,60,True,opti
60,warehouse-10-20-10-2-1.map,planner,1,6282,5494,196,194,5843,5494,10339,0,16,True,warehouse-10-20-10-2-1-random-10.scen,60,True,opti
60,warehouse-10-20-10-2-1.map,planner,1,6282,5494,196,194,5843,5494,10346,0,64,True,warehouse-10-20-10-2-1-random-10.scen,60,True,opti
60,warehouse-10-20-10-2-1.map,planner,1,6282,5494,196,194,5843,5494,10339,0,256,True,warehouse-10-20-10-2-1-random-10.scen,60,True,opti
100,warehouse-10-20-10-2-1.map,planner,1,11610,9085,196,194,10374,9085,10407,0,0,False,warehouse-10-20-10-2-1-random-10.scen,100,True,
100,warehouse-10-20-10-2-1.map,planner,1,11379,9085,241,194,10532,9085,10306,0,0,True,warehouse-10-20-10-2-1-random-10.scen,100,True,opti
100,warehouse-10-20-10-2-1.map,planner,1,12158,9085,232,194,10744,9085,10099,0,1,True,warehouse-10-20-10-2-1-random-10.scen,100,True,opti
100,warehouse-10-20-10-2-1.map,planner,1,12158,9085,232,194,10744,9085,10098,0,4,True,warehouse-10-20-10-2-1-random-10.scen,100,True,opti
100,warehouse-10-20-10-2-1.map,planner,1,12158,9085,232,194,10744,9085,10107,0,16,True,warehouse-10-20-10-2-1-random-10.scen,100,True,opti
100,warehouse-10-20-10-2-1.map,planner,1,12158,9085,232,194,10744,9085,10090,0,64,True,warehouse-10-20-10-2-1-random-10.scen,100,True,opti
100,warehouse-10-20-10-2-1.map,planner,1,12158,9085,232,194,10744,9085,10094,0,256,True,warehouse-10-20-10-2-1-random-10.scen,100,True,opti
140,warehouse-10-20-10-2-1.map,planner,1,16129,11830,196,194,14379,11830,10354,0,0,False,warehouse-10-20-10-2-1-random-10.scen,140,True,
140,warehouse-10-20-10-2-1.map,planner,1,16090,11830,194,194,14265,11830,10377,0,0,True,warehouse-10-20-10-2-1-random-10.scen,140,True,opti
140,warehouse-10-20-10-2-1.map,planner,1,18203,11830,276,194,15603,11830,10188,0,1,True,warehouse-10-20-10-2-1-random-10.scen,140,True,opti
140,warehouse-10-20-10-2-1.map,planner,1,18203,11830,276,194,15603,11830,10209,0,4,True,warehouse-10-20-10-2-1-random-10.scen,140,True,opti
140,warehouse-10-20-10-2-1.map,planner,1,18203,11830,276,194,15603,11830,10199,0,16,True,warehouse-10-20-10-2-1-random-10.scen,140,True,opti
140,warehouse-10-20-10-2-1.map,planner,1,18203,11830,276,194,15603,11830,10193,0,64,True,warehouse-10-20-10-2-1-random-10.scen,140,True,opti
140,warehouse-10-20-10-2-1.map,planner,1,18203,11830,276,194,15603,11830,10205,0,256,True,warehouse-10-20-10-2-1-random-10.scen,140,True,opti
180,warehouse-10-20-10-2-1.map,planner,1,22421,14651,222,194,18917,14651,10232,0,0,False,warehouse-10-20-10-2-1-random-10.scen,180,True,
180,warehouse-10-20-10-2-1.map,planner,0,0,14651,0,194,0,14651,10466,0,0,True,warehouse-10-20-10-2-1-random-10.scen,180,True,opti
180,warehouse-10-20-10-2-1.map,planner,0,0,14651,0,194,0,14651,10440,0,1,True,warehouse-10-20-10-2-1-random-10.scen,180,True,opti
180,warehouse-10-20-10-2-1.map,planner,0,0,14651,0,194,0,14651,10443,0,4,True,warehouse-10-20-10-2-1-random-10.scen,180,True,opti
180,warehouse-10-20-10-2-1.map,planner,0,0,14651,0,194,0,14651,10439,0,16,True,warehouse-10-20-10-2-1-random-10.scen,180,True,opti
180,warehouse-10-20-10-2-1.map,planner,0,0,14651,0,194,0,14651,10438,0,64,True,warehouse-10-20-10-2-1-random-10.scen,180,True,opti
180,warehouse-10-20-10-2-1.map,planner,0,0,14651,0,194,0,14651,10448,0,256,True,warehouse-10-20-10-2-1-random-10.scen,180,True,opti
