agents,map_file,solver,solved,soc,soc_lb,makespan,makespan_lb,sum_of_loss,sum_of_loss_lb,comp_time,seed,Opti_Deadline,Bool_Opti,Scenario_File,N,opti_objective,functype
20,ht_chantry.map,planner,1,2153,2005,171,171,2046,2005,2,0,0,False,ht_chantry-random-5.scen,20,False,
20,ht_chantry.map,planner,1,2027,2005,172,171,2027,2005,10687,0,0,False,ht_chantry-random-5.scen,20,True,
20,ht_chantry.map,planner,1,2153,2005,171,171,2046,2005,2,0,0,True,ht_chantry-random-5.scen,20,False,opti
20,ht_chantry.map,planner,1,2027,2005,172,171,2027,2005,10659,0,0,True,ht_chantry-random-5.scen,20,True,opti
20,ht_chantry.map,planner,1,2153,2005,171,171,2046,2005,2,0,4,True,ht_chantry-random-5.scen,20,False,opti
20,ht_chantry.map,planner,1,2025,2005,174,171,2025,2005,11044,0,4,True,ht_chantry-random-5.scen,20,True,opti
20,ht_chantry.map,planner,1,2153,2005,171,171,2046,2005,2,0,16,True,ht_chantry-random-5.scen,20,False,opti
20,ht_chantry.map,planner,1,2025,2005,174,171,2025,2005,11053,0,16,True,ht_chantry-random-5.scen,20,True,opti
20,ht_chantry.map,planner,1,2153,2005,171,171,2046,2005,2,0,64,True,ht_chantry-random-5.scen,20,False,opti
20,ht_chantry.map,planner,1,2025,2005,174,171,2025,2005,11053,0,64,True,ht_chantry-random-5.scen,20,True,opti
100,ht_chantry.map,planner,1,11832,9892,203,203,10486,9892,12,0,0,False,ht_chantry-random-5.scen,100,False,
100,ht_chantry.map,planner,1,11832,9892,203,203,10486,9892,11473,0,0,False,ht_chantry-random-5.scen,100,True,
100,ht_chantry.map,planner,1,11832,9892,203,203,10486,9892,10,0,0,True,ht_chantry-random-5.scen,100,False,opti
100,ht_chantry.map,planner,1,11832,9892,203,203,10486,9892,11451,0,0,True,ht_chantry-random-5.scen,100,True,opti
100,ht_chantry.map,planner,1,11811,9892,203,203,10538,9892,10,0,4,True,ht_chantry-random-5.scen,100,False,opti
100,ht_chantry.map,planner,1,11811,9892,203,203,10538,9892,11372,0,4,True,ht_chantry-random-5.scen,100,True,opti
100,ht_chantry.map,planner,1,11811,9892,203,203,10538,9892,11,0,16,True,ht_chantry-random-5.scen,100,False,opti
100,ht_chantry.map,planner,1,11811,9892,203,203,10538,9892,11388,0,16,True,ht_chantry-random-5.scen,100,True,opti
100,ht_chantry.map,planner,1,11811,9892,203,203,10538,9892,10,0,64,True,ht_chantry-random-5.scen,100,False,opti
100,ht_chantry.map,planner,1,11811,9892,203,203,10538,9892,11376,0,64,True,ht_chantry-random-5.scen,100,True,opti
180,ht_chantry.map,planner,1,22426,17785,203,203,19609,17785,21,0,0,False,ht_chantry-random-5.scen,180,False,
180,ht_chantry.map,planner,1,22414,17785,203,203,19599,17785,10886,0,0,False,ht_chantry-random-5.scen,180,True,
180,ht_chantry.map,planner,1,22426,17785,203,203,19609,17785,21,0,0,True,ht_chantry-random-5.scen,180,False,opti
180,ht_chantry.map,planner,1,22414,17785,203,203,19599,17785,10781,0,0,True,ht_chantry-random-5.scen,180,True,opti
180,ht_chantry.map,planner,1,22408,17785,203,203,19422,17785,39,0,4,True,ht_chantry-random-5.scen,180,False,opti
180,ht_chantry.map,planner,1,21556,17785,206,203,19295,17785,10593,0,4,True,ht_chantry-random-5.scen,180,True,opti
180,ht_chantry.map,planner,1,22139,17785,204,203,19378,17785,86,0,16,True,ht_chantry-random-5.scen,180,False,opti
180,ht_chantry.map,planner,1,22015,17785,205,203,19298,17785,10773,0,16,True,ht_chantry-random-5.scen,180,True,opti
180,ht_chantry.map,planner,1,22014,17785,203,203,19324,17785,74,0,64,True,ht_chantry-random-5.scen,180,False,opti
180,ht_chantry.map,planner,1,22167,17785,205,203,19217,17785,10126,0,64,True,ht_chantry-random-5.scen,180,True,opti
260,ht_chantry.map,planner,1,33581,25650,203,203,29079,25650,31,0,0,False,ht_chantry-random-5.scen,260,False,
260,ht_chantry.map,planner,1,33429,25650,205,203,28719,25650,10509,0,0,False,ht_chantry-random-5.scen,260,True,
260,ht_chantry.map,planner,1,33987,25650,203,203,29117,25650,31,0,0,True,ht_chantry-random-5.scen,260,False,opti
260,ht_chantry.map,planner,1,33910,25650,203,203,29113,25650,10575,0,0,True,ht_chantry-random-5.scen,260,True,opti
260,ht_chantry.map,planner,1,33386,25650,207,203,28536,25650,71,0,4,True,ht_chantry-random-5.scen,260,False,opti
260,ht_chantry.map,planner,1,33266,25650,205,203,28425,25650,10320,0,4,True,ht_chantry-random-5.scen,260,True,opti
260,ht_chantry.map,planner,1,33493,25650,203,203,28433,25650,134,0,16,True,ht_chantry-random-5.scen,260,False,opti
260,ht_chantry.map,planner,1,32746,25650,203,203,28322,25650,10132,0,16,True,ht_chantry-random-5.scen,260,True,opti
260,ht_chantry.map,planner,1,33587,25650,203,203,28489,25650,387,0,64,True,ht_chantry-random-5.scen,260,False,opti
260,ht_chantry.map,planner,1,33189,25650,207,203,28313,25650,10454,0,64,True,ht_chantry-random-5.scen,260,True,opti
20,ht_chantry.map,planner,1,1708,1693,190,190,1708,1693,2,0,0,False,ht_chantry-random-12.scen,20,False,
20,ht_chantry.map,planner,1,1732,1693,190,190,1700,1693,11036,0,0,False,ht_chantry-random-12.scen,20,True,
20,ht_chantry.map,planner,1,1708,1693,190,190,1708,1693,2,0,0,True,ht_chantry-random-12.scen,20,False,opti
20,ht_chantry.map,planner,1,1732,1693,190,190,1700,1693,11024,0,0,True,ht_chantry-random-12.scen,20,True,opti
20,ht_chantry.map,planner,1,1708,1693,190,190,1708,1693,2,0,4,True,ht_chantry-random-12.scen,20,False,opti
20,ht_chantry.map,planner,1,1732,1693,190,190,1700,1693,11021,0,4,True,ht_chantry-random-12.scen,20,True,opti
20,ht_chantry.map,planner,1,1708,1693,190,190,1708,1693,2,0,16,True,ht_chantry-random-12.scen,20,False,opti
20,ht_chantry.map,planner,1,1732,1693,190,190,1700,1693,11028,0,16,True,ht_chantry-random-12.scen,20,True,opti
20,ht_chantry.map,planner,1,1708,1693,190,190,1708,1693,2,0,64,True,ht_chantry-random-12.scen,20,False,opti
20,ht_chantry.map,planner,1,1732,1693,190,190,1700,1693,11005,0,64,True,ht_chantry-random-12.scen,20,True,opti
100,ht_chantry.map,planner,1,10184,8786,190,190,9260,8786,10,0,0,False,ht_chantry-random-12.scen,100,False,
100,ht_chantry.map,planner,1,10184,8786,190,190,9260,8786,11388,0,0,False,ht_chantry-random-12.scen,100,True,
100,ht_chantry.map,planner,1,10184,8786,190,190,9260,8786,10,0,0,True,ht_chantry-random-12.scen,100,False,opti
100,ht_chantry.map,planner,1,10184,8786,190,190,9260,8786,11207,0,0,True,ht_chantry-random-12.scen,100,True,opti
100,ht_chantry.map,planner,1,10159,8786,190,190,9294,8786,10,0,4,True,ht_chantry-random-12.scen,100,False,opti
100,ht_chantry.map,planner,1,10320,8786,191,190,9291,8786,10232,0,4,True,ht_chantry-random-12.scen,100,True,opti
100,ht_chantry.map,planner,1,10159,8786,190,190,9294,8786,9,0,16,True,ht_chantry-random-12.scen,100,False,opti
100,ht_chantry.map,planner,1,10320,8786,191,190,9291,8786,10230,0,16,True,ht_chantry-random-12.scen,100,True,opti
100,ht_chantry.map,planner,1,10159,8786,190,190,9294,8786,10,0,64,True,ht_chantry-random-12.scen,100,False,opti
100,ht_chantry.map,planner,1,10320,8786,191,190,9291,8786,10221,0,64,True,ht_chantry-random-12.scen,100,True,opti
180,ht_chantry.map,planner,1,20776,16810,195,195,18478,16810,18,0,0,False,ht_chantry-random-12.scen,180,False,
180,ht_chantry.map,planner,1,20776,16810,195,195,18478,16810,10801,0,0,False,ht_chantry-random-12.scen,180,True,
180,ht_chantry.map,planner,1,20776,16810,195,195,18478,16810,20,0,0,True,ht_chantry-random-12.scen,180,False,opti
180,ht_chantry.map,planner,1,20776,16810,195,195,18478,16810,10871,0,0,True,ht_chantry-random-12.scen,180,True,opti
180,ht_chantry.map,planner,1,20606,16810,196,195,18386,16810,34,0,4,True,ht_chantry-random-12.scen,180,False,opti
180,ht_chantry.map,planner,1,20414,16810,195,195,18443,16810,10071,0,4,True,ht_chantry-random-12.scen,180,True,opti
180,ht_chantry.map,planner,1,20739,16810,195,195,18421,16810,53,0,16,True,ht_chantry-random-12.scen,180,False,opti
180,ht_chantry.map,planner,1,20999,16810,202,195,18493,16810,10286,0,16,True,ht_chantry-random-12.scen,180,True,opti
180,ht_chantry.map,planner,1,20897,16810,197,195,18508,16810,139,0,64,True,ht_chantry-random-12.scen,180,False,opti
180,ht_chantry.map,planner,1,20894,16810,195,195,18436,16810,10822,0,64,True,ht_chantry-random-12.scen,180,True,opti
260,ht_chantry.map,planner,1,32374,24686,195,195,27889,24686,31,0,0,False,ht_chantry-random-12.scen,260,False,
260,ht_chantry.map,planner,1,32374,24686,195,195,27889,24686,10635,0,0,False,ht_chantry-random-12.scen,260,True,
260,ht_chantry.map,planner,1,32374,24686,195,195,27889,24686,29,0,0,True,ht_chantry-random-12.scen,260,False,opti
260,ht_chantry.map,planner,1,32374,24686,195,195,27889,24686,10591,0,0,True,ht_chantry-random-12.scen,260,True,opti
260,ht_chantry.map,planner,1,31403,24686,195,195,27604,24686,65,0,4,True,ht_chantry-random-12.scen,260,False,opti
260,ht_chantry.map,planner,1,31650,24686,197,195,27647,24686,10570,0,4,True,ht_chantry-random-12.scen,260,True,opti
260,ht_chantry.map,planner,1,32399,24686,195,195,27749,24686,153,0,16,True,ht_chantry-random-12.scen,260,False,opti
260,ht_chantry.map,planner,1,31579,24686,198,195,27527,24686,10571,0,16,True,ht_chantry-random-12.scen,260,True,opti
260,ht_chantry.map,planner,1,31671,24686,196,195,27650,24686,496,0,64,True,ht_chantry-random-12.scen,260,False,opti
260,ht_chantry.map,planner,1,31906,24686,195,195,27560,24686,10126,0,64,True,ht_chantry-random-12.scen,260,True,opti
20,ht_chantry.map,planner,1,1633,1513,144,144,1530,1513,1,0,0,False,ht_chantry-random-1.scen,20,False,
20,ht_chantry.map,planner,1,1538,1513,144,144,1528,1513,10796,0,0,False,ht_chantry-random-1.scen,20,True,
20,ht_chantry.map,planner,1,1633,1513,144,144,1530,1513,1,0,0,True,ht_chantry-random-1.scen,20,False,opti
20,ht_chantry.map,planner,1,1538,1513,144,144,1528,1513,10801,0,0,True,ht_chantry-random-1.scen,20,True,opti
20,ht_chantry.map,planner,1,1538,1513,144,144,1528,1513,1,0,4,True,ht_chantry-random-1.scen,20,False,opti
20,ht_chantry.map,planner,1,1538,1513,144,144,1528,1513,10503,0,4,True,ht_chantry-random-1.scen,20,True,opti
20,ht_chantry.map,planner,1,1538,1513,144,144,1528,1513,1,0,16,True,ht_chantry-random-1.scen,20,False,opti
20,ht_chantry.map,planner,1,1538,1513,144,144,1528,1513,10503,0,16,True,ht_chantry-random-1.scen,20,True,opti
20,ht_chantry.map,planner,1,1538,1513,144,144,1528,1513,1,0,64,True,ht_chantry-random-1.scen,20,False,opti
20,ht_chantry.map,planner,1,1538,1513,144,144,1528,1513,10496,0,64,True,ht_chantry-random-1.scen,20,True,opti
100,ht_chantry.map,planner,1,10213,8644,189,189,9304,8644,9,0,0,False,ht_chantry-random-1.scen,100,False,
100,ht_chantry.map,planner,1,10213,8644,189,189,9304,8644,10659,0,0,False,ht_chantry-random-1.scen,100,True,
100,ht_chantry.map,planner,1,10213,8644,189,189,9304,8644,11,0,0,True,ht_chantry-random-1.scen,100,False,opti
100,ht_chantry.map,planner,1,10213,8644,189,189,9304,8644,10726,0,0,True,ht_chantry-random-1.scen,100,True,opti
100,ht_chantry.map,planner,1,10213,8644,190,189,9315,8644,9,0,4,True,ht_chantry-random-1.scen,100,False,opti
100,ht_chantry.map,planner,1,10237,8644,190,189,9307,8644,10430,0,4,True,ht_chantry-random-1.scen,100,True,opti
100,ht_chantry.map,planner,1,10213,8644,190,189,9315,8644,9,0,16,True,ht_chantry-random-1.scen,100,False,opti
100,ht_chantry.map,planner,1,10237,8644,190,189,9307,8644,10455,0,16,True,ht_chantry-random-1.scen,100,True,opti
100,ht_chantry.map,planner,1,10213,8644,190,189,9315,8644,10,0,64,True,ht_chantry-random-1.scen,100,False,opti
100,ht_chantry.map,planner,1,10237,8644,190,189,9307,8644,10453,0,64,True,ht_chantry-random-1.scen,100,True,opti
180,ht_chantry.map,planner,1,20277,16155,192,192,17747,16155,20,0,0,False,ht_chantry-random-1.scen,180,False,
180,ht_chantry.map,planner,1,20313,16155,192,192,17730,16155,10761,0,0,False,ht_chantry-random-1.scen,180,True,
180,ht_chantry.map,planner,1,20277,16155,192,192,17747,16155,17,0,0,True,ht_chantry-random-1.scen,180,False,opti
180,ht_chantry.map,planner,1,20313,16155,192,192,17730,16155,10742,0,0,True,ht_chantry-random-1.scen,180,True,opti
180,ht_chantry.map,planner,1,20090,16155,192,192,17549,16155,22,0,4,True,ht_chantry-random-1.scen,180,False,opti
180,ht_chantry.map,planner,1,20090,16155,192,192,17549,16155,10842,0,4,True,ht_chantry-random-1.scen,180,True,opti
180,ht_chantry.map,planner,1,20090,16155,192,192,17549,16155,24,0,16,True,ht_chantry-random-1.scen,180,False,opti
180,ht_chantry.map,planner,1,20090,16155,192,192,17549,16155,10820,0,16,True,ht_chantry-random-1.scen,180,True,opti
180,ht_chantry.map,planner,1,20090,16155,192,192,17549,16155,23,0,64,True,ht_chantry-random-1.scen,180,False,opti
180,ht_chantry.map,planner,1,20090,16155,192,192,17549,16155,10830,0,64,True,ht_chantry-random-1.scen,180,True,opti
260,ht_chantry.map,planner,1,30216,22893,193,192,25848,22893,27,0,0,False,ht_chantry-random-1.scen,260,False,
260,ht_chantry.map,planner,1,30276,22893,193,192,25724,22893,10584,0,0,False,ht_chantry-random-1.scen,260,True,
260,ht_chantry.map,planner,1,30216,22893,193,192,25848,22893,26,0,0,True,ht_chantry-random-1.scen,260,False,opti
260,ht_chantry.map,planner,1,30276,22893,193,192,25724,22893,10593,0,0,True,ht_chantry-random-1.scen,260,True,opti
260,ht_chantry.map,planner,1,30271,22893,192,192,25613,22893,66,0,4,True,ht_chantry-random-1.scen,260,False,opti
260,ht_chantry.map,planner,1,29459,22893,192,192,25452,22893,10573,0,4,True,ht_chantry-random-1.scen,260,True,opti
260,ht_chantry.map,planner,1,29870,22893,193,192,25611,22893,128,0,16,True,ht_chantry-random-1.scen,260,False,opti
260,ht_chantry.map,planner,1,29418,22893,192,192,25462,22893,10546,0,16,True,ht_chantry-random-1.scen,260,True,opti
260,ht_chantry.map,planner,1,30269,22893,192,192,25629,22893,566,0,64,True,ht_chantry-random-1.scen,260,False,opti
260,ht_chantry.map,planner,1,29287,22893,194,192,25455,22893,10267,0,64,True,ht_chantry-random-1.scen,260,True,opti
20,ht_chantry.map,planner,1,1938,1923,175,175,1938,1923,2,0,0,False,ht_chantry-random-3.scen,20,False,
20,ht_chantry.map,planner,1,1938,1923,175,175,1938,1923,10224,0,0,False,ht_chantry-random-3.scen,20,True,
20,ht_chantry.map,planner,1,1938,1923,175,175,1938,1923,2,0,0,True,ht_chantry-random-3.scen,20,False,opti
20,ht_chantry.map,planner,1,1938,1923,175,175,1938,1923,10213,0,0,True,ht_chantry-random-3.scen,20,True,opti
20,ht_chantry.map,planner,1,1938,1923,175,175,1938,1923,2,0,4,True,ht_chantry-random-3.scen,20,False,opti
20,ht_chantry.map,planner,1,1938,1923,175,175,1938,1923,10216,0,4,True,ht_chantry-random-3.scen,20,True,opti
20,ht_chantry.map,planner,1,1938,1923,175,175,1938,1923,2,0,16,True,ht_chantry-random-3.scen,20,False,opti
20,ht_chantry.map,planner,1,1938,1923,175,175,1938,1923,10214,0,16,True,ht_chantry-random-3.scen,20,True,opti
20,ht_chantry.map,planner,1,1938,1923,175,175,1938,1923,2,0,64,True,ht_chantry-random-3.scen,20,False,opti
20,ht_chantry.map,planner,1,1938,1923,175,175,1938,1923,10216,0,64,True,ht_chantry-random-3.scen,20,True,opti
100,ht_chantry.map,planner,1,10599,9227,203,203,9785,9227,11,0,0,False,ht_chantry-random-3.scen,100,False,
100,ht_chantry.map,planner,1,10599,9227,203,203,9785,9227,10431,0,0,False,ht_chantry-random-3.scen,100,True,
100,ht_chantry.map,planner,1,10599,9227,203,203,9785,9227,10,0,0,True,ht_chantry-random-3.scen,100,False,opti
100,ht_chantry.map,planner,1,10599,9227,203,203,9785,9227,10399,0,0,True,ht_chantry-random-3.scen,100,True,opti
100,ht_chantry.map,planner,1,10783,9227,203,203,9772,9227,11,0,4,True,ht_chantry-random-3.scen,100,False,opti
100,ht_chantry.map,planner,1,10637,9227,203,203,9695,9227,11393,0,4,True,ht_chantry-random-3.scen,100,True,opti
100,ht_chantry.map,planner,1,10783,9227,203,203,9772,9227,12,0,16,True,ht_chantry-random-3.scen,100,False,opti
100,ht_chantry.map,planner,1,10637,9227,203,203,9695,9227,11381,0,16,True,ht_chantry-random-3.scen,100,True,opti
100,ht_chantry.map,planner,1,10783,9227,203,203,9772,9227,11,0,64,True,ht_chantry-random-3.scen,100,False,opti
100,ht_chantry.map,planner,1,10637,9227,203,203,9695,9227,11361,0,64,True,ht_chantry-random-3.scen,100,True,opti
180,ht_chantry.map,planner,1,20865,16407,203,203,18240,16407,21,0,0,False,ht_chantry-random-3.scen,180,False,
180,ht_chantry.map,planner,1,20513,16407,206,203,17996,16407,10747,0,0,False,ht_chantry-random-3.scen,180,True,
180,ht_chantry.map,planner,1,20865,16407,203,203,18240,16407,19,0,0,True,ht_chantry-random-3.scen,180,False,opti
180,ht_chantry.map,planner,1,20513,16407,206,203,17996,16407,10754,0,0,True,ht_chantry-random-3.scen,180,True,opti
180,ht_chantry.map,planner,1,20207,16407,206,203,17827,16407,28,0,4,True,ht_chantry-random-3.scen,180,False,opti
180,ht_chantry.map,planner,1,20085,16407,205,203,17779,16407,10675,0,4,True,ht_chantry-random-3.scen,180,True,opti
180,ht_chantry.map,planner,1,20261,16407,210,203,17798,16407,39,0,16,True,ht_chantry-random-3.scen,180,False,opti
180,ht_chantry.map,planner,1,20359,16407,203,203,17781,16407,10841,0,16,True,ht_chantry-random-3.scen,180,True,opti
180,ht_chantry.map,planner,1,20179,16407,203,203,17772,16407,48,0,64,True,ht_chantry-random-3.scen,180,False,opti
180,ht_chantry.map,planner,1,20224,16407,208,203,17719,16407,10720,0,64,True,ht_chantry-random-3.scen,180,True,opti
260,ht_chantry.map,planner,1,31388,23798,204,203,26928,23798,27,0,0,False,ht_chantry-random-3.scen,260,False,
260,ht_chantry.map,planner,1,30967,23798,207,203,26855,23798,10448,0,0,False,ht_chantry-random-3.scen,260,True,
260,ht_chantry.map,planner,1,31388,23798,204,203,26928,23798,29,0,0,True,ht_chantry-random-3.scen,260,False,opti
260,ht_chantry.map,planner,1,30967,23798,207,203,26855,23798,10531,0,0,True,ht_chantry-random-3.scen,260,True,opti
260,ht_chantry.map,planner,1,30957,23798,203,203,26611,23798,72,0,4,True,ht_chantry-random-3.scen,260,False,opti
260,ht_chantry.map,planner,1,30061,23798,210,203,26569,23798,10465,0,4,True,ht_chantry-random-3.scen,260,True,opti
260,ht_chantry.map,planner,1,30514,23798,204,203,26496,23798,197,0,16,True,ht_chantry-random-3.scen,260,False,opti
260,ht_chantry.map,planner,1,31151,23798,207,203,26621,23798,10534,0,16,True,ht_chantry-random-3.scen,260,True,opti
260,ht_chantry.map,planner,1,30553,23798,207,203,26486,23798,678,0,64,True,ht_chantry-random-3.scen,260,False,opti
260,ht_chantry.map,planner,1,30615,23798,207,203,26506,23798,10501,0,64,True,ht_chantry-random-3.scen,260,True,opti
20,ht_chantry.map,planner,1,1649,1640,160,160,1648,1640,2,0,0,False,ht_chantry-random-7.scen,20,False,
20,ht_chantry.map,planner,1,1649,1640,160,160,1648,1640,10677,0,0,False,ht_chantry-random-7.scen,20,True,
20,ht_chantry.map,planner,1,1649,1640,160,160,1648,1640,2,0,0,True,ht_chantry-random-7.scen,20,False,opti
20,ht_chantry.map,planner,1,1649,1640,160,160,1648,1640,10672,0,0,True,ht_chantry-random-7.scen,20,True,opti
20,ht_chantry.map,planner,1,1649,1640,160,160,1648,1640,2,0,4,True,ht_chantry-random-7.scen,20,False,opti
20,ht_chantry.map,planner,1,1649,1640,160,160,1648,1640,10665,0,4,True,ht_chantry-random-7.scen,20,True,opti
20,ht_chantry.map,planner,1,1649,1640,160,160,1648,1640,2,0,16,True,ht_chantry-random-7.scen,20,False,opti
20,ht_chantry.map,planner,1,1649,1640,160,160,1648,1640,10687,0,16,True,ht_chantry-random-7.scen,20,True,opti
20,ht_chantry.map,planner,1,1649,1640,160,160,1648,1640,2,0,64,True,ht_chantry-random-7.scen,20,False,opti
20,ht_chantry.map,planner,1,1649,1640,160,160,1648,1640,10674,0,64,True,ht_chantry-random-7.scen,20,True,opti
100,ht_chantry.map,planner,1,10457,8974,175,172,9683,8974,9,0,0,False,ht_chantry-random-7.scen,100,False,
100,ht_chantry.map,planner,1,10397,8974,175,172,9673,8974,10073,0,0,False,ht_chantry-random-7.scen,100,True,
100,ht_chantry.map,planner,1,10457,8974,175,172,9683,8974,10,0,0,True,ht_chantry-random-7.scen,100,False,opti
100,ht_chantry.map,planner,1,10397,8974,175,172,9673,8974,10070,0,0,True,ht_chantry-random-7.scen,100,True,opti
100,ht_chantry.map,planner,1,10400,8974,176,172,9547,8974,9,0,4,True,ht_chantry-random-7.scen,100,False,opti
100,ht_chantry.map,planner,1,10400,8974,176,172,9547,8974,10501,0,4,True,ht_chantry-random-7.scen,100,True,opti
100,ht_chantry.map,planner,1,10400,8974,176,172,9547,8974,11,0,16,True,ht_chantry-random-7.scen,100,False,opti
100,ht_chantry.map,planner,1,10400,8974,176,172,9547,8974,10493,0,16,True,ht_chantry-random-7.scen,100,True,opti
100,ht_chantry.map,planner,1,10400,8974,176,172,9547,8974,10,0,64,True,ht_chantry-random-7.scen,100,False,opti
100,ht_chantry.map,planner,1,10400,8974,176,172,9547,8974,10524,0,64,True,ht_chantry-random-7.scen,100,True,opti
180,ht_chantry.map,planner,1,20607,17192,180,180,18944,17192,18,0,0,False,ht_chantry-random-7.scen,180,False,
180,ht_chantry.map,planner,1,20130,17192,181,180,18748,17192,10192,0,0,False,ht_chantry-random-7.scen,180,True,
180,ht_chantry.map,planner,1,20607,17192,180,180,18944,17192,20,0,0,True,ht_chantry-random-7.scen,180,False,opti
180,ht_chantry.map,planner,1,20130,17192,181,180,18748,17192,10192,0,0,True,ht_chantry-random-7.scen,180,True,opti
180,ht_chantry.map,planner,1,20760,17192,187,180,18778,17192,26,0,4,True,ht_chantry-random-7.scen,180,False,opti
180,ht_chantry.map,planner,1,20760,17192,187,180,18778,17192,10809,0,4,True,ht_chantry-random-7.scen,180,True,opti
180,ht_chantry.map,planner,1,20462,17192,181,180,18751,17192,23,0,16,True,ht_chantry-random-7.scen,180,False,opti
180,ht_chantry.map,planner,1,20462,17192,181,180,18751,17192,10840,0,16,True,ht_chantry-random-7.scen,180,True,opti
180,ht_chantry.map,planner,1,20462,17192,181,180,18751,17192,25,0,64,True,ht_chantry-random-7.scen,180,False,opti
180,ht_chantry.map,planner,1,20462,17192,181,180,18751,17192,10771,0,64,True,ht_chantry-random-7.scen,180,True,opti
260,ht_chantry.map,planner,1,30835,24302,181,180,27495,24302,30,0,0,False,ht_chantry-random-7.scen,260,False,
260,ht_chantry.map,planner,1,30817,24302,184,180,27304,24302,10174,0,0,False,ht_chantry-random-7.scen,260,True,
260,ht_chantry.map,planner,1,30835,24302,181,180,27495,24302,29,0,0,True,ht_chantry-random-7.scen,260,False,opti
260,ht_chantry.map,planner,1,31038,24302,183,180,27399,24302,10435,0,0,True,ht_chantry-random-7.scen,260,True,opti
260,ht_chantry.map,planner,1,30913,24302,185,180,27330,24302,67,0,4,True,ht_chantry-random-7.scen,260,False,opti
260,ht_chantry.map,planner,1,31128,24302,182,180,27403,24302,10127,0,4,True,ht_chantry-random-7.scen,260,True,opti
260,ht_chantry.map,planner,1,30426,24302,185,180,27193,24302,135,0,16,True,ht_chantry-random-7.scen,260,False,opti
260,ht_chantry.map,planner,1,30589,24302,183,180,27214,24302,10085,0,16,True,ht_chantry-random-7.scen,260,True,opti
260,ht_chantry.map,planner,1,30798,24302,187,180,27060,24302,435,0,64,True,ht_chantry-random-7.scen,260,False,opti
260,ht_chantry.map,planner,1,30427,24302,185,180,27116,24302,10154,0,64,True,ht_chantry-random-7.scen,260,True,opti
20,ht_chantry.map,planner,1,2135,1918,191,191,1949,1918,2,0,0,False,ht_chantry-random-9.scen,20,False,
20,ht_chantry.map,planner,1,1924,1918,191,191,1924,1918,10982,0,0,False,ht_chantry-random-9.scen,20,True,
20,ht_chantry.map,planner,1,2135,1918,191,191,1949,1918,2,0,0,True,ht_chantry-random-9.scen,20,False,opti
20,ht_chantry.map,planner,1,1924,1918,191,191,1924,1918,11002,0,0,True,ht_chantry-random-9.scen,20,True,opti
20,ht_chantry.map,planner,1,1956,1918,191,191,1950,1918,2,0,4,True,ht_chantry-random-9.scen,20,False,opti
20,ht_chantry.map,planner,1,1927,1918,191,191,1927,1918,10644,0,4,True,ht_chantry-random-9.scen,20,True,opti
20,ht_chantry.map,planner,1,1956,1918,191,191,1950,1918,2,0,16,True,ht_chantry-random-9.scen,20,False,opti
20,ht_chantry.map,planner,1,1927,1918,191,191,1927,1918,10665,0,16,True,ht_chantry-random-9.scen,20,True,opti
20,ht_chantry.map,planner,1,1956,1918,191,191,1950,1918,2,0,64,True,ht_chantry-random-9.scen,20,False,opti
20,ht_chantry.map,planner,1,1927,1918,191,191,1927,1918,10647,0,64,True,ht_chantry-random-9.scen,20,True,opti
100,ht_chantry.map,planner,1,10870,9618,202,202,10145,9618,10,0,0,False,ht_chantry-random-9.scen,100,False,
100,ht_chantry.map,planner,1,10870,9618,202,202,10145,9618,10081,0,0,False,ht_chantry-random-9.scen,100,True,
100,ht_chantry.map,planner,1,10870,9618,202,202,10145,9618,10,0,0,True,ht_chantry-random-9.scen,100,False,opti
100,ht_chantry.map,planner,1,10870,9618,202,202,10145,9618,10077,0,0,True,ht_chantry-random-9.scen,100,True,opti
100,ht_chantry.map,planner,1,11089,9618,202,202,10240,9618,10,0,4,True,ht_chantry-random-9.scen,100,False,opti
100,ht_chantry.map,planner,1,10989,9618,203,202,10087,9618,10124,0,4,True,ht_chantry-random-9.scen,100,True,opti
100,ht_chantry.map,planner,1,11089,9618,202,202,10240,9618,10,0,16,True,ht_chantry-random-9.scen,100,False,opti
100,ht_chantry.map,planner,1,10989,9618,203,202,10087,9618,10120,0,16,True,ht_chantry-random-9.scen,100,True,opti
100,ht_chantry.map,planner,1,11089,9618,202,202,10240,9618,10,0,64,True,ht_chantry-random-9.scen,100,False,opti
100,ht_chantry.map,planner,1,10989,9618,203,202,10087,9618,10122,0,64,True,ht_chantry-random-9.scen,100,True,opti
180,ht_chantry.map,planner,1,21602,17502,202,202,19205,17502,19,0,0,False,ht_chantry-random-9.scen,180,False,
180,ht_chantry.map,planner,1,21128,17502,203,202,18995,17502,10814,0,0,False,ht_chantry-random-9.scen,180,True,
180,ht_chantry.map,planner,1,21602,17502,202,202,19205,17502,20,0,0,True,ht_chantry-random-9.scen,180,False,opti
180,ht_chantry.map,planner,1,21128,17502,203,202,18995,17502,10796,0,0,True,ht_chantry-random-9.scen,180,True,opti
180,ht_chantry.map,planner,1,21286,17502,202,202,18988,17502,22,0,4,True,ht_chantry-random-9.scen,180,False,opti
180,ht_chantry.map,planner,1,21286,17502,202,202,18988,17502,10839,0,4,True,ht_chantry-random-9.scen,180,True,opti
180,ht_chantry.map,planner,1,21286,17502,202,202,18988,17502,21,0,16,True,ht_chantry-random-9.scen,180,False,opti
180,ht_chantry.map,planner,1,21286,17502,202,202,18988,17502,10752,0,16,True,ht_chantry-random-9.scen,180,True,opti
180,ht_chantry.map,planner,1,21286,17502,202,202,18988,17502,20,0,64,True,ht_chantry-random-9.scen,180,False,opti
180,ht_chantry.map,planner,1,21286,17502,202,202,18988,17502,10847,0,64,True,ht_chantry-random-9.scen,180,True,opti
260,ht_chantry.map,planner,1,31417,24946,202,202,27609,24946,27,0,0,False,ht_chantry-random-9.scen,260,False,
260,ht_chantry.map,planner,1,31417,24946,202,202,27609,24946,10528,0,0,False,ht_chantry-random-9.scen,260,True,
260,ht_chantry.map,planner,1,31417,24946,202,202,27609,24946,31,0,0,True,ht_chantry-random-9.scen,260,False,opti
260,ht_chantry.map,planner,1,31417,24946,202,202,27609,24946,10542,0,0,True,ht_chantry-random-9.scen,260,True,opti
260,ht_chantry.map,planner,1,31312,24946,202,202,27594,24946,45,0,4,True,ht_chantry-random-9.scen,260,False,opti
260,ht_chantry.map,planner,1,31137,24946,202,202,27513,24946,10537,0,4,True,ht_chantry-random-9.scen,260,True,opti
260,ht_chantry.map,planner,1,31638,24946,202,202,27686,24946,97,0,16,True,ht_chantry-random-9.scen,260,False,opti
260,ht_chantry.map,planner,1,30987,24946,205,202,27479,24946,10078,0,16,True,ht_chantry-random-9.scen,260,True,opti
260,ht_chantry.map,planner,1,31324,24946,202,202,27500,24946,198,0,64,True,ht_chantry-random-9.scen,260,False,opti
260,ht_chantry.map,planner,1,31132,24946,202,202,27627,24946,10061,0,64,True,ht_chantry-random-9.scen,260,True,opti
20,ht_chantry.map,planner,1,2180,2138,183,183,2155,2138,2,0,0,False,ht_chantry-random-13.scen,20,False,
20,ht_chantry.map,planner,1,2146,2138,183,183,2146,2138,11276,0,0,False,ht_chantry-random-13.scen,20,True,
20,ht_chantry.map,planner,1,2180,2138,183,183,2155,2138,2,0,0,True,ht_chantry-random-13.scen,20,False,opti
20,ht_chantry.map,planner,1,2146,2138,183,183,2146,2138,11255,0,0,True,ht_chantry-random-13.scen,20,True,opti
20,ht_chantry.map,planner,1,2180,2138,183,183,2155,2138,2,0,4,True,ht_chantry-random-13.scen,20,False,opti
20,ht_chantry.map,planner,1,2146,2138,183,183,2146,2138,11250,0,4,True,ht_chantry-random-13.scen,20,True,opti
20,ht_chantry.map,planner,1,2180,2138,183,183,2155,2138,4,0,16,True,ht_chantry-random-13.scen,20,False,opti
20,ht_chantry.map,planner,1,2146,2138,183,183,2146,2138,11195,0,16,True,ht_chantry-random-13.scen,20,True,opti
20,ht_chantry.map,planner,1,2180,2138,183,183,2155,2138,2,0,64,True,ht_chantry-random-13.scen,20,False,opti
20,ht_chantry.map,planner,1,2146,2138,183,183,2146,2138,11219,0,64,True,ht_chantry-random-13.scen,20,True,opti
100,ht_chantry.map,planner,1,11732,10314,201,199,11120,10314,12,0,0,False,ht_chantry-random-13.scen,100,False,
100,ht_chantry.map,planner,1,11732,10314,201,199,11120,10314,11447,0,0,False,ht_chantry-random-13.scen,100,True,
100,ht_chantry.map,planner,1,11732,10314,201,199,11120,10314,11,0,0,True,ht_chantry-random-13.scen,100,False,opti
100,ht_chantry.map,planner,1,11732,10314,201,199,11120,10314,11369,0,0,True,ht_chantry-random-13.scen,100,True,opti
100,ht_chantry.map,planner,1,11947,10314,201,199,11138,10314,11,0,4,True,ht_chantry-random-13.scen,100,False,opti
100,ht_chantry.map,planner,1,11968,10314,202,199,11121,10314,11367,0,4,True,ht_chantry-random-13.scen,100,True,opti
100,ht_chantry.map,planner,1,11947,10314,201,199,11138,10314,10,0,16,True,ht_chantry-random-13.scen,100,False,opti
100,ht_chantry.map,planner,1,11968,10314,202,199,11121,10314,11407,0,16,True,ht_chantry-random-13.scen,100,True,opti
100,ht_chantry.map,planner,1,11947,10314,201,199,11138,10314,11,0,64,True,ht_chantry-random-13.scen,100,False,opti
100,ht_chantry.map,planner,1,11968,10314,202,199,11121,10314,11392,0,64,True,ht_chantry-random-13.scen,100,True,opti
180,ht_chantry.map,planner,1,23456,18760,203,202,21291,18760,20,0,0,False,ht_chantry-random-13.scen,180,False,
180,ht_chantry.map,planner,1,22934,18760,204,202,21148,18760,10749,0,0,False,ht_chantry-random-13.scen,180,True,
180,ht_chantry.map,planner,1,23456,18760,203,202,21291,18760,21,0,0,True,ht_chantry-random-13.scen,180,False,opti
180,ht_chantry.map,planner,1,22934,18760,204,202,21148,18760,10780,0,0,True,ht_chantry-random-13.scen,180,True,opti
180,ht_chantry.map,planner,1,22607,18760,209,202,20950,18760,42,0,4,True,ht_chantry-random-13.scen,180,False,opti
180,ht_chantry.map,planner,1,22572,18760,210,202,20882,18760,10827,0,4,True,ht_chantry-random-13.scen,180,True,opti
180,ht_chantry.map,planner,1,22991,18760,206,202,20939,18760,86,0,16,True,ht_chantry-random-13.scen,180,False,opti
180,ht_chantry.map,planner,1,22959,18760,203,202,21064,18760,10553,0,16,True,ht_chantry-random-13.scen,180,True,opti
180,ht_chantry.map,planner,1,22851,18760,206,202,20996,18760,131,0,64,True,ht_chantry-random-13.scen,180,False,opti
180,ht_chantry.map,planner,1,22586,18760,203,202,20833,18760,10653,0,64,True,ht_chantry-random-13.scen,180,True,opti
260,ht_chantry.map,planner,1,34459,26571,204,202,30762,26571,32,0,0,False,ht_chantry-random-13.scen,260,False,
260,ht_chantry.map,planner,1,34459,26571,204,202,30762,26571,10556,0,0,False,ht_chantry-random-13.scen,260,True,
260,ht_chantry.map,planner,1,34459,26571,204,202,30762,26571,31,0,0,True,ht_chantry-random-13.scen,260,False,opti
260,ht_chantry.map,planner,1,34459,26571,204,202,30762,26571,10579,0,0,True,ht_chantry-random-13.scen,260,True,opti
260,ht_chantry.map,planner,1,34061,26571,202,202,30504,26571,78,0,4,True,ht_chantry-random-13.scen,260,False,opti
260,ht_chantry.map,planner,1,33635,26571,206,202,30391,26571,10612,0,4,True,ht_chantry-random-13.scen,260,True,opti
260,ht_chantry.map,planner,1,33981,26571,204,202,30437,26571,181,0,16,True,ht_chantry-random-13.scen,260,False,opti
260,ht_chantry.map,planner,1,34118,26571,204,202,30537,26571,10541,0,16,True,ht_chantry-random-13.scen,260,True,opti
260,ht_chantry.map,planner,1,33957,26571,203,202,30458,26571,717,0,64,True,ht_chantry-random-13.scen,260,False,opti
260,ht_chantry.map,planner,1,34197,26571,209,202,30206,26571,10277,0,64,True,ht_chantry-random-13.scen,260,True,opti
20,ht_chantry.map,planner,1,1923,1883,163,163,1923,1883,2,0,0,False,ht_chantry-random-21.scen,20,False,
20,ht_chantry.map,planner,1,1906,1883,164,163,1906,1883,10933,0,0,False,ht_chantry-random-21.scen,20,True,
20,ht_chantry.map,planner,1,1923,1883,163,163,1923,1883,2,0,0,True,ht_chantry-random-21.scen,20,False,opti
20,ht_chantry.map,planner,1,1906,1883,164,163,1906,1883,10874,0,0,True,ht_chantry-random-21.scen,20,True,opti
20,ht_chantry.map,planner,1,1923,1883,163,163,1923,1883,2,0,4,True,ht_chantry-random-21.scen,20,False,opti
20,ht_chantry.map,planner,1,1904,1883,166,163,1904,1883,10954,0,4,True,ht_chantry-random-21.scen,20,True,opti
20,ht_chantry.map,planner,1,1923,1883,163,163,1923,1883,2,0,16,True,ht_chantry-random-21.scen,20,False,opti
20,ht_chantry.map,planner,1,1904,1883,166,163,1904,1883,10931,0,16,True,ht_chantry-random-21.scen,20,True,opti
20,ht_chantry.map,planner,1,1923,1883,163,163,1923,1883,2,0,64,True,ht_chantry-random-21.scen,20,False,opti
20,ht_chantry.map,planner,1,1904,1883,166,163,1904,1883,10949,0,64,True,ht_chantry-random-21.scen,20,True,opti
100,ht_chantry.map,planner,1,10480,9090,179,179,9670,9090,10,0,0,False,ht_chantry-random-21.scen,100,False,
100,ht_chantry.map,planner,1,10473,9090,179,179,9666,9090,10180,0,0,False,ht_chantry-random-21.scen,100,True,
100,ht_chantry.map,planner,1,10480,9090,179,179,9670,9090,9,0,0,True,ht_chantry-random-21.scen,100,False,opti
100,ht_chantry.map,planner,1,10473,9090,179,179,9666,9090,10163,0,0,True,ht_chantry-random-21.scen,100,True,opti
100,ht_chantry.map,planner,1,10855,9090,179,179,9666,9090,10,0,4,True,ht_chantry-random-21.scen,100,False,opti
100,ht_chantry.map,planner,1,10309,9090,180,179,9558,9090,10497,0,4,True,ht_chantry-random-21.scen,100,True,opti
100,ht_chantry.map,planner,1,10855,9090,179,179,9666,9090,10,0,16,True,ht_chantry-random-21.scen,100,False,opti
100,ht_chantry.map,planner,1,10309,9090,180,179,9558,9090,10469,0,16,True,ht_chantry-random-21.scen,100,True,opti
100,ht_chantry.map,planner,1,10855,9090,179,179,9666,9090,10,0,64,True,ht_chantry-random-21.scen,100,False,opti
100,ht_chantry.map,planner,1,10309,9090,180,179,9558,9090,10492,0,64,True,ht_chantry-random-21.scen,100,True,opti
180,ht_chantry.map,planner,1,19815,16163,189,187,17796,16163,19,0,0,False,ht_chantry-random-21.scen,180,False,
180,ht_chantry.map,planner,1,19732,16163,188,187,17751,16163,10070,0,0,False,ht_chantry-random-21.scen,180,True,
180,ht_chantry.map,planner,1,19815,16163,189,187,17796,16163,19,0,0,True,ht_chantry-random-21.scen,180,False,opti
180,ht_chantry.map,planner,1,19732,16163,188,187,17751,16163,10216,0,0,True,ht_chantry-random-21.scen,180,True,opti
180,ht_chantry.map,planner,1,19869,16163,194,187,17787,16163,37,0,4,True,ht_chantry-random-21.scen,180,False,opti
180,ht_chantry.map,planner,1,19615,16163,190,187,17582,16163,10328,0,4,True,ht_chantry-random-21.scen,180,True,opti
180,ht_chantry.map,planner,1,19581,16163,187,187,17670,16163,82,0,16,True,ht_chantry-random-21.scen,180,False,opti
180,ht_chantry.map,planner,1,19738,16163,213,187,17693,16163,10055,0,16,True,ht_chantry-random-21.scen,180,True,opti
180,ht_chantry.map,planner,1,19548,16163,195,187,17661,16163,88,0,64,True,ht_chantry-random-21.scen,180,False,opti
180,ht_chantry.map,planner,1,19604,16163,190,187,17622,16163,10769,0,64,True,ht_chantry-random-21.scen,180,True,opti
260,ht_chantry.map,planner,1,30591,23513,192,187,26460,23513,27,0,0,False,ht_chantry-random-21.scen,260,False,
260,ht_chantry.map,planner,1,30591,23513,192,187,26460,23513,10578,0,0,False,ht_chantry-random-21.scen,260,True,
260,ht_chantry.map,planner,1,30591,23513,192,187,26460,23513,28,0,0,True,ht_chantry-random-21.scen,260,False,opti
260,ht_chantry.map,planner,1,30591,23513,192,187,26460,23513,10610,0,0,True,ht_chantry-random-21.scen,260,True,opti
260,ht_chantry.map,planner,1,30513,23513,195,187,26565,23513,65,0,4,True,ht_chantry-random-21.scen,260,False,opti
260,ht_chantry.map,planner,1,30585,23513,192,187,26466,23513,10458,0,4,True,ht_chantry-random-21.scen,260,True,opti
260,ht_chantry.map,planner,1,30687,23513,192,187,26342,23513,133,0,16,True,ht_chantry-random-21.scen,260,False,opti
260,ht_chantry.map,planner,1,30816,23513,191,187,26640,23513,10519,0,16,True,ht_chantry-random-21.scen,260,True,opti
260,ht_chantry.map,planner,1,30523,23513,192,187,26592,23513,635,0,64,True,ht_chantry-random-21.scen,260,False,opti
260,ht_chantry.map,planner,1,30140,23513,191,187,26260,23513,10104,0,64,True,ht_chantry-random-21.scen,260,True,opti
20,ht_chantry.map,planner,1,1825,1806,183,183,1825,1806,2,0,0,False,ht_chantry-random-16.scen,20,False,
20,ht_chantry.map,planner,1,1823,1806,185,183,1823,1806,10700,0,0,False,ht_chantry-random-16.scen,20,True,
20,ht_chantry.map,planner,1,1825,1806,183,183,1825,1806,2,0,0,True,ht_chantry-random-16.scen,20,False,opti
20,ht_chantry.map,planner,1,1823,1806,185,183,1823,1806,10749,0,0,True,ht_chantry-random-16.scen,20,True,opti
20,ht_chantry.map,planner,1,1825,1806,183,183,1825,1806,2,0,4,True,ht_chantry-random-16.scen,20,False,opti
20,ht_chantry.map,planner,1,1821,1806,185,183,1821,1806,10878,0,4,True,ht_chantry-random-16.scen,20,True,opti
20,ht_chantry.map,planner,1,1825,1806,183,183,1825,1806,2,0,16,True,ht_chantry-random-16.scen,20,False,opti
20,ht_chantry.map,planner,1,1821,1806,185,183,1821,1806,10848,0,16,True,ht_chantry-random-16.scen,20,True,opti
20,ht_chantry.map,planner,1,1825,1806,183,183,1825,1806,2,0,64,True,ht_chantry-random-16.scen,20,False,opti
20,ht_chantry.map,planner,1,1821,1806,185,183,1821,1806,10838,0,64,True,ht_chantry-random-16.scen,20,True,opti
100,ht_chantry.map,planner,1,10860,9431,183,183,10066,9431,9,0,0,False,ht_chantry-random-16.scen,100,False,
100,ht_chantry.map,planner,1,10789,9431,184,183,9995,9431,10541,0,0,False,ht_chantry-random-16.scen,100,True,
100,ht_chantry.map,planner,1,10860,9431,183,183,10066,9431,9,0,0,True,ht_chantry-random-16.scen,100,False,opti
100,ht_chantry.map,planner,1,10789,9431,184,183,9995,9431,10532,0,0,True,ht_chantry-random-16.scen,100,True,opti
100,ht_chantry.map,planner,1,11005,9431,185,183,10041,9431,10,0,4,True,ht_chantry-random-16.scen,100,False,opti
100,ht_chantry.map,planner,1,11051,9431,186,183,10001,9431,10684,0,4,True,ht_chantry-random-16.scen,100,True,opti
100,ht_chantry.map,planner,1,11005,9431,185,183,10041,9431,9,0,16,True,ht_chantry-random-16.scen,100,False,opti
100,ht_chantry.map,planner,1,11051,9431,186,183,10001,9431,10702,0,16,True,ht_chantry-random-16.scen,100,True,opti
100,ht_chantry.map,planner,1,11005,9431,185,183,10041,9431,10,0,64,True,ht_chantry-random-16.scen,100,False,opti
100,ht_chantry.map,planner,1,11051,9431,186,183,10001,9431,10734,0,64,True,ht_chantry-random-16.scen,100,True,opti
180,ht_chantry.map,planner,1,20355,16071,183,183,17656,16071,17,0,0,False,ht_chantry-random-16.scen,180,False,
180,ht_chantry.map,planner,1,20355,16071,183,183,17656,16071,10432,0,0,False,ht_chantry-random-16.scen,180,True,
180,ht_chantry.map,planner,1,20355,16071,183,183,17656,16071,18,0,0,True,ht_chantry-random-16.scen,180,False,opti
180,ht_chantry.map,planner,1,20355,16071,183,183,17656,16071,10395,0,0,True,ht_chantry-random-16.scen,180,True,opti
180,ht_chantry.map,planner,1,20520,16071,183,183,17643,16071,22,0,4,True,ht_chantry-random-16.scen,180,False,opti
180,ht_chantry.map,planner,1,20444,16071,183,183,17581,16071,10821,0,4,True,ht_chantry-random-16.scen,180,True,opti
180,ht_chantry.map,planner,1,19846,16071,183,183,17563,16071,22,0,16,True,ht_chantry-random-16.scen,180,False,opti
180,ht_chantry.map,planner,1,19812,16071,184,183,17421,16071,10947,0,16,True,ht_chantry-random-16.scen,180,True,opti
180,ht_chantry.map,planner,1,19846,16071,183,183,17563,16071,23,0,64,True,ht_chantry-random-16.scen,180,False,opti
180,ht_chantry.map,planner,1,19946,16071,185,183,17448,16071,10563,0,64,True,ht_chantry-random-16.scen,180,True,opti
260,ht_chantry.map,planner,1,31510,23406,187,187,26654,23406,26,0,0,False,ht_chantry-random-16.scen,260,False,
260,ht_chantry.map,planner,1,31510,23406,187,187,26654,23406,10133,0,0,False,ht_chantry-random-16.scen,260,True,
260,ht_chantry.map,planner,1,31510,23406,187,187,26654,23406,27,0,0,True,ht_chantry-random-16.scen,260,False,opti
260,ht_chantry.map,planner,1,31510,23406,187,187,26654,23406,10125,0,0,True,ht_chantry-random-16.scen,260,True,opti
260,ht_chantry.map,planner,1,31139,23406,187,187,26371,23406,58,0,4,True,ht_chantry-random-16.scen,260,False,opti
260,ht_chantry.map,planner,1,30855,23406,191,187,26363,23406,10536,0,4,True,ht_chantry-random-16.scen,260,True,opti
260,ht_chantry.map,planner,1,30854,23406,187,187,26330,23406,146,0,16,True,ht_chantry-random-16.scen,260,False,opti
260,ht_chantry.map,planner,1,30960,23406,189,187,26344,23406,10134,0,16,True,ht_chantry-random-16.scen,260,True,opti
260,ht_chantry.map,planner,1,30968,23406,187,187,26491,23406,385,0,64,True,ht_chantry-random-16.scen,260,False,opti
260,ht_chantry.map,planner,1,31411,23406,189,187,26465,23406,10166,0,64,True,ht_chantry-random-16.scen,260,True,opti
20,ht_chantry.map,planner,1,1599,1568,180,180,1591,1568,1,0,0,False,ht_chantry-random-2.scen,20,False,
20,ht_chantry.map,planner,1,1577,1568,181,180,1571,1568,10781,0,0,False,ht_chantry-random-2.scen,20,True,
20,ht_chantry.map,planner,1,1599,1568,180,180,1591,1568,1,0,0,True,ht_chantry-random-2.scen,20,False,opti
20,ht_chantry.map,planner,1,1577,1568,181,180,1571,1568,10789,0,0,True,ht_chantry-random-2.scen,20,True,opti
20,ht_chantry.map,planner,1,1599,1568,180,180,1591,1568,1,0,4,True,ht_chantry-random-2.scen,20,False,opti
20,ht_chantry.map,planner,1,1577,1568,181,180,1571,1568,10781,0,4,True,ht_chantry-random-2.scen,20,True,opti
20,ht_chantry.map,planner,1,1599,1568,180,180,1591,1568,1,0,16,True,ht_chantry-random-2.scen,20,False,opti
20,ht_chantry.map,planner,1,1577,1568,181,180,1571,1568,10778,0,16,True,ht_chantry-random-2.scen,20,True,opti
20,ht_chantry.map,planner,1,1599,1568,180,180,1591,1568,2,0,64,True,ht_chantry-random-2.scen,20,False,opti
20,ht_chantry.map,planner,1,1577,1568,181,180,1571,1568,10788,0,64,True,ht_chantry-random-2.scen,20,True,opti
100,ht_chantry.map,planner,1,11008,9194,181,181,9726,9194,9,0,0,False,ht_chantry-random-2.scen,100,False,
100,ht_chantry.map,planner,1,10642,9194,181,181,9654,9194,10339,0,0,False,ht_chantry-random-2.scen,100,True,
100,ht_chantry.map,planner,1,10944,9194,181,181,9709,9194,9,0,0,True,ht_chantry-random-2.scen,100,False,opti
100,ht_chantry.map,planner,1,10944,9194,181,181,9709,9194,10636,0,0,True,ht_chantry-random-2.scen,100,True,opti
100,ht_chantry.map,planner,1,10937,9194,181,181,9773,9194,10,0,4,True,ht_chantry-random-2.scen,100,False,opti
100,ht_chantry.map,planner,1,10937,9194,181,181,9773,9194,10119,0,4,True,ht_chantry-random-2.scen,100,True,opti
100,ht_chantry.map,planner,1,10937,9194,181,181,9773,9194,9,0,16,True,ht_chantry-random-2.scen,100,False,opti
100,ht_chantry.map,planner,1,10937,9194,181,181,9773,9194,10116,0,16,True,ht_chantry-random-2.scen,100,True,opti
100,ht_chantry.map,planner,1,10937,9194,181,181,9773,9194,9,0,64,True,ht_chantry-random-2.scen,100,False,opti
100,ht_chantry.map,planner,1,10937,9194,181,181,9773,9194,10125,0,64,True,ht_chantry-random-2.scen,100,True,opti
180,ht_chantry.map,planner,1,20018,16023,192,183,17443,16023,19,0,0,False,ht_chantry-random-2.scen,180,False,
180,ht_chantry.map,planner,1,19806,16023,184,183,17404,16023,10351,0,0,False,ht_chantry-random-2.scen,180,True,
180,ht_chantry.map,planner,1,20018,16023,192,183,17443,16023,18,0,0,True,ht_chantry-random-2.scen,180,False,opti
180,ht_chantry.map,planner,1,19649,16023,183,183,17332,16023,10658,0,0,True,ht_chantry-random-2.scen,180,True,opti
180,ht_chantry.map,planner,1,19476,16023,185,183,17243,16023,19,0,4,True,ht_chantry-random-2.scen,180,False,opti
180,ht_chantry.map,planner,1,19476,16023,185,183,17243,16023,10486,0,4,True,ht_chantry-random-2.scen,180,True,opti
180,ht_chantry.map,planner,1,19476,16023,185,183,17243,16023,17,0,16,True,ht_chantry-random-2.scen,180,False,opti
180,ht_chantry.map,planner,1,19476,16023,185,183,17243,16023,10559,0,16,True,ht_chantry-random-2.scen,180,True,opti
180,ht_chantry.map,planner,1,19476,16023,185,183,17243,16023,18,0,64,True,ht_chantry-random-2.scen,180,False,opti
180,ht_chantry.map,planner,1,19476,16023,185,183,17243,16023,10504,0,64,True,ht_chantry-random-2.scen,180,True,opti
260,ht_chantry.map,planner,1,30643,23745,196,196,26376,23745,25,0,0,False,ht_chantry-random-2.scen,260,False,
260,ht_chantry.map,planner,1,30389,23745,196,196,26372,23745,10556,0,0,False,ht_chantry-random-2.scen,260,True,
260,ht_chantry.map,planner,1,30643,23745,196,196,26376,23745,27,0,0,True,ht_chantry-random-2.scen,260,False,opti
260,ht_chantry.map,planner,1,30389,23745,196,196,26372,23745,10552,0,0,True,ht_chantry-random-2.scen,260,True,opti
260,ht_chantry.map,planner,1,30192,23745,217,196,26285,23745,36,0,4,True,ht_chantry-random-2.scen,260,False,opti
260,ht_chantry.map,planner,1,29573,23745,215,196,26045,23745,10428,0,4,True,ht_chantry-random-2.scen,260,True,opti
260,ht_chantry.map,planner,1,30238,23745,203,196,26201,23745,41,0,16,True,ht_chantry-random-2.scen,260,False,opti
260,ht_chantry.map,planner,1,29887,23745,200,196,26141,23745,10101,0,16,True,ht_chantry-random-2.scen,260,True,opti
260,ht_chantry.map,planner,1,30264,23745,214,196,26233,23745,41,0,64,True,ht_chantry-random-2.scen,260,False,opti
260,ht_chantry.map,planner,1,30264,23745,214,196,26233,23745,10255,0,64,True,ht_chantry-random-2.scen,260,True,opti
20,ht_chantry.map,planner,1,2300,2243,186,186,2285,2243,2,0,0,False,ht_chantry-random-19.scen,20,False,
20,ht_chantry.map,planner,1,2293,2243,188,186,2267,2243,10431,0,0,False,ht_chantry-random-19.scen,20,True,
20,ht_chantry.map,planner,1,2300,2243,186,186,2285,2243,2,0,0,True,ht_chantry-random-19.scen,20,False,opti
20,ht_chantry.map,planner,1,2293,2243,188,186,2267,2243,10426,0,0,True,ht_chantry-random-19.scen,20,True,opti
20,ht_chantry.map,planner,1,2296,2243,186,186,2281,2243,2,0,4,True,ht_chantry-random-19.scen,20,False,opti
20,ht_chantry.map,planner,1,2260,2243,188,186,2260,2243,11109,0,4,True,ht_chantry-random-19.scen,20,True,opti
20,ht_chantry.map,planner,1,2296,2243,186,186,2281,2243,2,0,16,True,ht_chantry-random-19.scen,20,False,opti
20,ht_chantry.map,planner,1,2260,2243,188,186,2260,2243,11105,0,16,True,ht_chantry-random-19.scen,20,True,opti
20,ht_chantry.map,planner,1,2296,2243,186,186,2281,2243,2,0,64,True,ht_chantry-random-19.scen,20,False,opti
20,ht_chantry.map,planner,1,2260,2243,188,186,2260,2243,11105,0,64,True,ht_chantry-random-19.scen,20,True,opti
100,ht_chantry.map,planner,1,10721,9108,197,197,9751,9108,10,0,0,False,ht_chantry-random-19.scen,100,False,
100,ht_chantry.map,planner,1,10636,9108,198,197,9680,9108,10525,0,0,False,ht_chantry-random-19.scen,100,True,
100,ht_chantry.map,planner,1,10721,9108,197,197,9751,9108,10,0,0,True,ht_chantry-random-19.scen,100,False,opti
100,ht_chantry.map,planner,1,10636,9108,198,197,9680,9108,10511,0,0,True,ht_chantry-random-19.scen,100,True,opti
100,ht_chantry.map,planner,1,10740,9108,199,197,9673,9108,10,0,4,True,ht_chantry-random-19.scen,100,False,opti
100,ht_chantry.map,planner,1,10664,9108,203,197,9632,9108,10237,0,4,True,ht_chantry-random-19.scen,100,True,opti
100,ht_chantry.map,planner,1,10740,9108,199,197,9673,9108,10,0,16,True,ht_chantry-random-19.scen,100,False,opti
100,ht_chantry.map,planner,1,10664,9108,203,197,9632,9108,10252,0,16,True,ht_chantry-random-19.scen,100,True,opti
100,ht_chantry.map,planner,1,10740,9108,199,197,9673,9108,10,0,64,True,ht_chantry-random-19.scen,100,False,opti
100,ht_chantry.map,planner,1,10664,9108,203,197,9632,9108,10248,0,64,True,ht_chantry-random-19.scen,100,True,opti
180,ht_chantry.map,planner,1,21467,17337,199,197,19254,17337,19,0,0,False,ht_chantry-random-19.scen,180,False,
180,ht_chantry.map,planner,1,21600,17337,198,197,19127,17337,10745,0,0,False,ht_chantry-random-19.scen,180,True,
180,ht_chantry.map,planner,1,21467,17337,199,197,19254,17337,21,0,0,True,ht_chantry-random-19.scen,180,False,opti
180,ht_chantry.map,planner,1,21600,17337,198,197,19127,17337,10801,0,0,True,ht_chantry-random-19.scen,180,True,opti
180,ht_chantry.map,planner,1,21301,17337,203,197,19086,17337,26,0,4,True,ht_chantry-random-19.scen,180,False,opti
180,ht_chantry.map,planner,1,21301,17337,203,197,19086,17337,10801,0,4,True,ht_chantry-random-19.scen,180,True,opti
180,ht_chantry.map,planner,1,21301,17337,203,197,19086,17337,26,0,16,True,ht_chantry-random-19.scen,180,False,opti
180,ht_chantry.map,planner,1,21301,17337,203,197,19086,17337,10796,0,16,True,ht_chantry-random-19.scen,180,True,opti
180,ht_chantry.map,planner,1,21301,17337,203,197,19086,17337,27,0,64,True,ht_chantry-random-19.scen,180,False,opti
180,ht_chantry.map,planner,1,21301,17337,203,197,19086,17337,10802,0,64,True,ht_chantry-random-19.scen,180,True,opti
260,ht_chantry.map,planner,1,32104,24453,202,197,27674,24453,30,0,0,False,ht_chantry-random-19.scen,260,False,
260,ht_chantry.map,planner,1,32102,24453,202,197,27672,24453,10417,0,0,False,ht_chantry-random-19.scen,260,True,
260,ht_chantry.map,planner,1,32104,24453,202,197,27674,24453,31,0,0,True,ht_chantry-random-19.scen,260,False,opti
260,ht_chantry.map,planner,1,32102,24453,202,197,27672,24453,10466,0,0,True,ht_chantry-random-19.scen,260,True,opti
260,ht_chantry.map,planner,1,31848,24453,201,197,27594,24453,61,0,4,True,ht_chantry-random-19.scen,260,False,opti
260,ht_chantry.map,planner,1,31353,24453,205,197,27236,24453,10453,0,4,True,ht_chantry-random-19.scen,260,True,opti
260,ht_chantry.map,planner,1,31424,24453,205,197,27270,24453,144,0,16,True,ht_chantry-random-19.scen,260,False,opti
260,ht_chantry.map,planner,1,30892,24453,206,197,27211,24453,10410,0,16,True,ht_chantry-random-19.scen,260,True,opti
260,ht_chantry.map,planner,1,31107,24453,206,197,27523,24453,492,0,64,True,ht_chantry-random-19.scen,260,False,opti
260,ht_chantry.map,planner,1,31985,24453,205,197,27363,24453,10515,0,64,True,ht_chantry-random-19.scen,260,True,opti
20,ht_chantry.map,planner,1,1782,1761,151,151,1776,1761,2,0,0,False,ht_chantry-random-4.scen,20,False,
20,ht_chantry.map,planner,1,1773,1761,153,151,1773,1761,10969,0,0,False,ht_chantry-random-4.scen,20,True,
20,ht_chantry.map,planner,1,1782,1761,151,151,1776,1761,2,0,0,True,ht_chantry-random-4.scen,20,False,opti
20,ht_chantry.map,planner,1,1773,1761,153,151,1773,1761,10946,0,0,True,ht_chantry-random-4.scen,20,True,opti
20,ht_chantry.map,planner,1,1782,1761,151,151,1776,1761,2,0,4,True,ht_chantry-random-4.scen,20,False,opti
20,ht_chantry.map,planner,1,1773,1761,153,151,1773,1761,10937,0,4,True,ht_chantry-random-4.scen,20,True,opti
20,ht_chantry.map,planner,1,1782,1761,151,151,1776,1761,2,0,16,True,ht_chantry-random-4.scen,20,False,opti
20,ht_chantry.map,planner,1,1773,1761,153,151,1773,1761,10945,0,16,True,ht_chantry-random-4.scen,20,True,opti
20,ht_chantry.map,planner,1,1782,1761,151,151,1776,1761,2,0,64,True,ht_chantry-random-4.scen,20,False,opti
20,ht_chantry.map,planner,1,1773,1761,153,151,1773,1761,10938,0,64,True,ht_chantry-random-4.scen,20,True,opti
100,ht_chantry.map,planner,1,10892,9253,195,195,9919,9253,10,0,0,False,ht_chantry-random-4.scen,100,False,
100,ht_chantry.map,planner,1,10892,9253,195,195,9919,9253,11101,0,0,False,ht_chantry-random-4.scen,100,True,
100,ht_chantry.map,planner,1,10892,9253,195,195,9919,9253,10,0,0,True,ht_chantry-random-4.scen,100,False,opti
100,ht_chantry.map,planner,1,10892,9253,195,195,9919,9253,11030,0,0,True,ht_chantry-random-4.scen,100,True,opti
100,ht_chantry.map,planner,1,10753,9253,197,195,9919,9253,10,0,4,True,ht_chantry-random-4.scen,100,False,opti
100,ht_chantry.map,planner,1,10752,9253,195,195,9855,9253,11062,0,4,True,ht_chantry-random-4.scen,100,True,opti
100,ht_chantry.map,planner,1,10753,9253,197,195,9919,9253,11,0,16,True,ht_chantry-random-4.scen,100,False,opti
100,ht_chantry.map,planner,1,10752,9253,195,195,9855,9253,11035,0,16,True,ht_chantry-random-4.scen,100,True,opti
100,ht_chantry.map,planner,1,10753,9253,197,195,9919,9253,11,0,64,True,ht_chantry-random-4.scen,100,False,opti
100,ht_chantry.map,planner,1,10752,9253,195,195,9855,9253,11062,0,64,True,ht_chantry-random-4.scen,100,True,opti
180,ht_chantry.map,planner,1,20893,16929,195,195,18735,16929,19,0,0,False,ht_chantry-random-4.scen,180,False,
180,ht_chantry.map,planner,1,20737,16929,195,195,18622,16929,10674,0,0,False,ht_chantry-random-4.scen,180,True,
180,ht_chantry.map,planner,1,20907,16929,198,195,18749,16929,19,0,0,True,ht_chantry-random-4.scen,180,False,opti
180,ht_chantry.map,planner,1,20907,16929,198,195,18749,16929,10339,0,0,True,ht_chantry-random-4.scen,180,True,opti
180,ht_chantry.map,planner,1,20863,16929,198,195,18766,16929,26,0,4,True,ht_chantry-random-4.scen,180,False,opti
180,ht_chantry.map,planner,1,20856,16929,196,195,18575,16929,10793,0,4,True,ht_chantry-random-4.scen,180,True,opti
180,ht_chantry.map,planner,1,20794,16929,195,195,18683,16929,46,0,16,True,ht_chantry-random-4.scen,180,False,opti
180,ht_chantry.map,planner,1,20450,16929,195,195,18612,16929,10385,0,16,True,ht_chantry-random-4.scen,180,True,opti
180,ht_chantry.map,planner,1,20666,16929,216,195,18751,16929,102,0,64,True,ht_chantry-random-4.scen,180,False,opti
180,ht_chantry.map,planner,1,20592,16929,196,195,18584,16929,10795,0,64,True,ht_chantry-random-4.scen,180,True,opti
260,ht_chantry.map,planner,1,32736,25059,195,195,28943,25059,28,0,0,False,ht_chantry-random-4.scen,260,False,
260,ht_chantry.map,planner,1,32736,25059,195,195,28943,25059,10573,0,0,False,ht_chantry-random-4.scen,260,True,
260,ht_chantry.map,planner,1,32750,25059,198,195,28957,25059,27,0,0,True,ht_chantry-random-4.scen,260,False,opti
260,ht_chantry.map,planner,1,32509,25059,196,195,28784,25059,10081,0,0,True,ht_chantry-random-4.scen,260,True,opti
260,ht_chantry.map,planner,1,32339,25059,195,195,28437,25059,50,0,4,True,ht_chantry-random-4.scen,260,False,opti
260,ht_chantry.map,planner,1,32575,25059,196,195,28631,25059,10051,0,4,True,ht_chantry-random-4.scen,260,True,opti
260,ht_chantry.map,planner,1,32269,25059,195,195,28427,25059,155,0,16,True,ht_chantry-random-4.scen,260,False,opti
260,ht_chantry.map,planner,1,32397,25059,195,195,28483,25059,10502,0,16,True,ht_chantry-random-4.scen,260,True,opti
260,ht_chantry.map,planner,1,32261,25059,195,195,28345,25059,272,0,64,True,ht_chantry-random-4.scen,260,False,opti
260,ht_chantry.map,planner,1,32525,25059,198,195,28498,25059,10461,0,64,True,ht_chantry-random-4.scen,260,True,opti
20,ht_chantry.map,planner,1,1472,1390,149,149,1416,1390,2,0,0,False,ht_chantry-random-24.scen,20,False,
20,ht_chantry.map,planner,1,1405,1390,149,149,1405,1390,10899,0,0,False,ht_chantry-random-24.scen,20,True,
20,ht_chantry.map,planner,1,1472,1390,149,149,1416,1390,1,0,0,True,ht_chantry-random-24.scen,20,False,opti
20,ht_chantry.map,planner,1,1405,1390,149,149,1405,1390,10905,0,0,True,ht_chantry-random-24.scen,20,True,opti
20,ht_chantry.map,planner,1,1472,1390,149,149,1416,1390,2,0,4,True,ht_chantry-random-24.scen,20,False,opti
20,ht_chantry.map,planner,1,1405,1390,149,149,1405,1390,10905,0,4,True,ht_chantry-random-24.scen,20,True,opti
20,ht_chantry.map,planner,1,1472,1390,149,149,1416,1390,1,0,16,True,ht_chantry-random-24.scen,20,False,opti
20,ht_chantry.map,planner,1,1405,1390,149,149,1405,1390,10910,0,16,True,ht_chantry-random-24.scen,20,True,opti
20,ht_chantry.map,planner,1,1472,1390,149,149,1416,1390,1,0,64,True,ht_chantry-random-24.scen,20,False,opti
20,ht_chantry.map,planner,1,1405,1390,149,149,1405,1390,10897,0,64,True,ht_chantry-random-24.scen,20,True,opti
100,ht_chantry.map,planner,1,10763,8768,188,187,9373,8768,9,0,0,False,ht_chantry-random-24.scen,100,False,
100,ht_chantry.map,planner,1,10328,8768,187,187,9322,8768,10361,0,0,False,ht_chantry-random-24.scen,100,True,
100,ht_chantry.map,planner,1,10763,8768,188,187,9373,8768,10,0,0,True,ht_chantry-random-24.scen,100,False,opti
100,ht_chantry.map,planner,1,10328,8768,187,187,9322,8768,10358,0,0,True,ht_chantry-random-24.scen,100,True,opti
100,ht_chantry.map,planner,1,10222,8768,194,187,9321,8768,10,0,4,True,ht_chantry-random-24.scen,100,False,opti
100,ht_chantry.map,planner,1,10411,8768,193,187,9242,8768,10595,0,4,True,ht_chantry-random-24.scen,100,True,opti
100,ht_chantry.map,planner,1,10222,8768,194,187,9321,8768,10,0,16,True,ht_chantry-random-24.scen,100,False,opti
100,ht_chantry.map,planner,1,10411,8768,193,187,9242,8768,10587,0,16,True,ht_chantry-random-24.scen,100,True,opti
100,ht_chantry.map,planner,1,10222,8768,194,187,9321,8768,10,0,64,True,ht_chantry-random-24.scen,100,False,opti
100,ht_chantry.map,planner,1,10411,8768,193,187,9242,8768,10528,0,64,True,ht_chantry-random-24.scen,100,True,opti
180,ht_chantry.map,planner,1,19690,15692,199,199,17072,15692,19,0,0,False,ht_chantry-random-24.scen,180,False,
180,ht_chantry.map,planner,1,19688,15692,199,199,17070,15692,10808,0,0,False,ht_chantry-random-24.scen,180,True,
180,ht_chantry.map,planner,1,19690,15692,199,199,17072,15692,20,0,0,True,ht_chantry-random-24.scen,180,False,opti
180,ht_chantry.map,planner,1,19688,15692,199,199,17070,15692,10786,0,0,True,ht_chantry-random-24.scen,180,True,opti
180,ht_chantry.map,planner,1,19489,15692,199,199,17051,15692,27,0,4,True,ht_chantry-random-24.scen,180,False,opti
180,ht_chantry.map,planner,1,19346,15692,201,199,16970,15692,10422,0,4,True,ht_chantry-random-24.scen,180,True,opti
180,ht_chantry.map,planner,1,19670,15692,199,199,17016,15692,28,0,16,True,ht_chantry-random-24.scen,180,False,opti
180,ht_chantry.map,planner,1,19255,15692,201,199,16837,15692,10070,0,16,True,ht_chantry-random-24.scen,180,True,opti
180,ht_chantry.map,planner,1,19670,15692,199,199,17016,15692,28,0,64,True,ht_chantry-random-24.scen,180,False,opti
180,ht_chantry.map,planner,1,19509,15692,201,199,16847,15692,10742,0,64,True,ht_chantry-random-24.scen,180,True,opti
260,ht_chantry.map,planner,1,31430,23327,199,199,26066,23327,29,0,0,False,ht_chantry-random-24.scen,260,False,
260,ht_chantry.map,planner,1,31373,23327,200,199,26059,23327,10582,0,0,False,ht_chantry-random-24.scen,260,True,
260,ht_chantry.map,planner,1,31430,23327,199,199,26066,23327,27,0,0,True,ht_chantry-random-24.scen,260,False,opti
260,ht_chantry.map,planner,1,31373,23327,200,199,26059,23327,10575,0,0,True,ht_chantry-random-24.scen,260,True,opti
260,ht_chantry.map,planner,1,31309,23327,199,199,26312,23327,74,0,4,True,ht_chantry-random-24.scen,260,False,opti
260,ht_chantry.map,planner,1,31277,23327,199,199,26173,23327,10508,0,4,True,ht_chantry-random-24.scen,260,True,opti
260,ht_chantry.map,planner,1,31089,23327,199,199,26160,23327,161,0,16,True,ht_chantry-random-24.scen,260,False,opti
260,ht_chantry.map,planner,1,30919,23327,201,199,26053,23327,10395,0,16,True,ht_chantry-random-24.scen,260,True,opti
260,ht_chantry.map,planner,1,30471,23327,199,199,26002,23327,451,0,64,True,ht_chantry-random-24.scen,260,False,opti
260,ht_chantry.map,planner,1,30960,23327,199,199,25975,23327,10194,0,64,True,ht_chantry-random-24.scen,260,True,opti
20,ht_chantry.map,planner,1,2263,2248,161,161,2263,2248,2,0,0,False,ht_chantry-random-18.scen,20,False,
20,ht_chantry.map,planner,1,2260,2248,162,161,2260,2248,10553,0,0,False,ht_chantry-random-18.scen,20,True,
20,ht_chantry.map,planner,1,2263,2248,161,161,2263,2248,2,0,0,True,ht_chantry-random-18.scen,20,False,opti
20,ht_chantry.map,planner,1,2260,2248,162,161,2260,2248,10555,0,0,True,ht_chantry-random-18.scen,20,True,opti
20,ht_chantry.map,planner,1,2263,2248,161,161,2263,2248,2,0,4,True,ht_chantry-random-18.scen,20,False,opti
20,ht_chantry.map,planner,1,2260,2248,162,161,2260,2248,10555,0,4,True,ht_chantry-random-18.scen,20,True,opti
20,ht_chantry.map,planner,1,2263,2248,161,161,2263,2248,2,0,16,True,ht_chantry-random-18.scen,20,False,opti
20,ht_chantry.map,planner,1,2260,2248,162,161,2260,2248,10554,0,16,True,ht_chantry-random-18.scen,20,True,opti
20,ht_chantry.map,planner,1,2263,2248,161,161,2263,2248,2,0,64,True,ht_chantry-random-18.scen,20,False,opti
20,ht_chantry.map,planner,1,2260,2248,162,161,2260,2248,10553,0,64,True,ht_chantry-random-18.scen,20,True,opti
100,ht_chantry.map,planner,1,10923,9632,188,188,10131,9632,9,0,0,False,ht_chantry-random-18.scen,100,False,
100,ht_chantry.map,planner,1,10921,9632,190,188,10129,9632,11417,0,0,False,ht_chantry-random-18.scen,100,True,
100,ht_chantry.map,planner,1,10923,9632,188,188,10131,9632,10,0,0,True,ht_chantry-random-18.scen,100,False,opti
100,ht_chantry.map,planner,1,10921,9632,190,188,10129,9632,11394,0,0,True,ht_chantry-random-18.scen,100,True,opti
100,ht_chantry.map,planner,1,10813,9632,191,188,10123,9632,10,0,4,True,ht_chantry-random-18.scen,100,False,opti
100,ht_chantry.map,planner,1,10813,9632,191,188,10123,9632,11364,0,4,True,ht_chantry-random-18.scen,100,True,opti
100,ht_chantry.map,planner,1,10813,9632,191,188,10123,9632,11,0,16,True,ht_chantry-random-18.scen,100,False,opti
100,ht_chantry.map,planner,1,10813,9632,191,188,10123,9632,11346,0,16,True,ht_chantry-random-18.scen,100,True,opti
100,ht_chantry.map,planner,1,10813,9632,191,188,10123,9632,10,0,64,True,ht_chantry-random-18.scen,100,False,opti
100,ht_chantry.map,planner,1,10813,9632,191,188,10123,9632,11355,0,64,True,ht_chantry-random-18.scen,100,True,opti
180,ht_chantry.map,planner,1,20827,17512,188,188,19166,17512,20,0,0,False,ht_chantry-random-18.scen,180,False,
180,ht_chantry.map,planner,1,21406,17512,191,188,19100,17512,10661,0,0,False,ht_chantry-random-18.scen,180,True,
180,ht_chantry.map,planner,1,20827,17512,188,188,19166,17512,21,0,0,True,ht_chantry-random-18.scen,180,False,opti
180,ht_chantry.map,planner,1,21406,17512,191,188,19100,17512,10656,0,0,True,ht_chantry-random-18.scen,180,True,opti
180,ht_chantry.map,planner,1,20643,17512,191,188,19012,17512,41,0,4,True,ht_chantry-random-18.scen,180,False,opti
180,ht_chantry.map,planner,1,20532,17512,190,188,18998,17512,10813,0,4,True,ht_chantry-random-18.scen,180,True,opti
180,ht_chantry.map,planner,1,21177,17512,192,188,19029,17512,78,0,16,True,ht_chantry-random-18.scen,180,False,opti
180,ht_chantry.map,planner,1,20929,17512,188,188,18957,17512,10092,0,16,True,ht_chantry-random-18.scen,180,True,opti
180,ht_chantry.map,planner,1,20663,17512,188,188,18906,17512,326,0,64,True,ht_chantry-random-18.scen,180,False,opti
180,ht_chantry.map,planner,1,20605,17512,191,188,18891,17512,10647,0,64,True,ht_chantry-random-18.scen,180,True,opti
260,ht_chantry.map,planner,1,31739,24786,197,197,27858,24786,30,0,0,False,ht_chantry-random-18.scen,260,False,
260,ht_chantry.map,planner,1,31739,24786,197,197,27858,24786,10447,0,0,False,ht_chantry-random-18.scen,260,True,
260,ht_chantry.map,planner,1,31739,24786,197,197,27858,24786,27,0,0,True,ht_chantry-random-18.scen,260,False,opti
260,ht_chantry.map,planner,1,30843,24786,199,197,27634,24786,10421,0,0,True,ht_chantry-random-18.scen,260,True,opti
260,ht_chantry.map,planner,1,31216,24786,197,197,27633,24786,81,0,4,True,ht_chantry-random-18.scen,260,False,opti
260,ht_chantry.map,planner,1,31458,24786,197,197,27580,24786,10437,0,4,True,ht_chantry-random-18.scen,260,True,opti
260,ht_chantry.map,planner,1,31200,24786,197,197,27758,24786,222,0,16,True,ht_chantry-random-18.scen,260,False,opti
260,ht_chantry.map,planner,1,31153,24786,197,197,27569,24786,10515,0,16,True,ht_chantry-random-18.scen,260,True,opti
260,ht_chantry.map,planner,1,31133,24786,200,197,27566,24786,678,0,64,True,ht_chantry-random-18.scen,260,False,opti
260,ht_chantry.map,planner,1,30836,24786,198,197,27588,24786,10053,0,64,True,ht_chantry-random-18.scen,260,True,opti
20,ht_chantry.map,planner,1,1886,1824,165,151,1864,1824,2,0,0,False,ht_chantry-random-11.scen,20,False,
20,ht_chantry.map,planner,1,1839,1824,152,151,1839,1824,10721,0,0,False,ht_chantry-random-11.scen,20,True,
20,ht_chantry.map,planner,1,1886,1824,165,151,1864,1824,2,0,0,True,ht_chantry-random-11.scen,20,False,opti
20,ht_chantry.map,planner,1,1839,1824,152,151,1839,1824,10725,0,0,True,ht_chantry-random-11.scen,20,True,opti
20,ht_chantry.map,planner,1,1871,1824,151,151,1849,1824,2,0,4,True,ht_chantry-random-11.scen,20,False,opti
20,ht_chantry.map,planner,1,1841,1824,153,151,1841,1824,11098,0,4,True,ht_chantry-random-11.scen,20,True,opti
20,ht_chantry.map,planner,1,1871,1824,151,151,1849,1824,2,0,16,True,ht_chantry-random-11.scen,20,False,opti
20,ht_chantry.map,planner,1,1841,1824,153,151,1841,1824,11079,0,16,True,ht_chantry-random-11.scen,20,True,opti
20,ht_chantry.map,planner,1,1871,1824,151,151,1849,1824,2,0,64,True,ht_chantry-random-11.scen,20,False,opti
20,ht_chantry.map,planner,1,1841,1824,153,151,1841,1824,11078,0,64,True,ht_chantry-random-11.scen,20,True,opti
100,ht_chantry.map,planner,1,10174,8314,177,177,8916,8314,9,0,0,False,ht_chantry-random-11.scen,100,False,
100,ht_chantry.map,planner,1,9821,8314,178,177,8790,8314,10785,0,0,False,ht_chantry-random-11.scen,100,True,
100,ht_chantry.map,planner,1,10174,8314,177,177,8916,8314,9,0,0,True,ht_chantry-random-11.scen,100,False,opti
100,ht_chantry.map,planner,1,9821,8314,178,177,8790,8314,10779,0,0,True,ht_chantry-random-11.scen,100,True,opti
100,ht_chantry.map,planner,1,9798,8314,177,177,8841,8314,10,0,4,True,ht_chantry-random-11.scen,100,False,opti
100,ht_chantry.map,planner,1,9798,8314,177,177,8841,8314,10274,0,4,True,ht_chantry-random-11.scen,100,True,opti
100,ht_chantry.map,planner,1,9798,8314,177,177,8841,8314,9,0,16,True,ht_chantry-random-11.scen,100,False,opti
100,ht_chantry.map,planner,1,9798,8314,177,177,8841,8314,10244,0,16,True,ht_chantry-random-11.scen,100,True,opti
100,ht_chantry.map,planner,1,9798,8314,177,177,8841,8314,9,0,64,True,ht_chantry-random-11.scen,100,False,opti
100,ht_chantry.map,planner,1,9798,8314,177,177,8841,8314,10261,0,64,True,ht_chantry-random-11.scen,100,True,opti
180,ht_chantry.map,planner,1,19870,15395,181,181,16989,15395,19,0,0,False,ht_chantry-random-11.scen,180,False,
180,ht_chantry.map,planner,1,19245,15395,191,181,16917,15395,10232,0,0,False,ht_chantry-random-11.scen,180,True,
180,ht_chantry.map,planner,1,19870,15395,181,181,16989,15395,18,0,0,True,ht_chantry-random-11.scen,180,False,opti
180,ht_chantry.map,planner,1,19245,15395,191,181,16917,15395,10240,0,0,True,ht_chantry-random-11.scen,180,True,opti
180,ht_chantry.map,planner,1,19336,15395,181,181,16827,15395,24,0,4,True,ht_chantry-random-11.scen,180,False,opti
180,ht_chantry.map,planner,1,19185,15395,183,181,16812,15395,10781,0,4,True,ht_chantry-random-11.scen,180,True,opti
180,ht_chantry.map,planner,1,19327,15395,181,181,16862,15395,27,0,16,True,ht_chantry-random-11.scen,180,False,opti
180,ht_chantry.map,planner,1,19305,15395,181,181,16856,15395,10800,0,16,True,ht_chantry-random-11.scen,180,True,opti
180,ht_chantry.map,planner,1,19324,15395,181,181,16823,15395,27,0,64,True,ht_chantry-random-11.scen,180,False,opti
180,ht_chantry.map,planner,1,19324,15395,181,181,16823,15395,10732,0,64,True,ht_chantry-random-11.scen,180,True,opti
260,ht_chantry.map,planner,1,31514,23014,182,181,26068,23014,28,0,0,False,ht_chantry-random-11.scen,260,False,
260,ht_chantry.map,planner,1,31035,23014,182,181,25891,23014,10504,0,0,False,ht_chantry-random-11.scen,260,True,
260,ht_chantry.map,planner,1,31514,23014,182,181,26068,23014,29,0,0,True,ht_chantry-random-11.scen,260,False,opti
260,ht_chantry.map,planner,1,31035,23014,182,181,25891,23014,10547,0,0,True,ht_chantry-random-11.scen,260,True,opti
260,ht_chantry.map,planner,1,31241,23014,192,181,25840,23014,61,0,4,True,ht_chantry-random-11.scen,260,False,opti
260,ht_chantry.map,planner,1,30507,23014,186,181,25615,23014,10584,0,4,True,ht_chantry-random-11.scen,260,True,opti
260,ht_chantry.map,planner,1,30962,23014,195,181,25807,23014,107,0,16,True,ht_chantry-random-11.scen,260,False,opti
260,ht_chantry.map,planner,1,30939,23014,186,181,25683,23014,10143,0,16,True,ht_chantry-random-11.scen,260,True,opti
260,ht_chantry.map,planner,1,31620,23014,185,181,25799,23014,303,0,64,True,ht_chantry-random-11.scen,260,False,opti
260,ht_chantry.map,planner,1,31080,23014,183,181,25741,23014,10518,0,64,True,ht_chantry-random-11.scen,260,True,opti
20,ht_chantry.map,planner,1,2042,1984,159,159,2012,1984,2,0,0,False,ht_chantry-random-23.scen,20,False,
20,ht_chantry.map,planner,1,2038,1984,159,159,2008,1984,10893,0,0,False,ht_chantry-random-23.scen,20,True,
20,ht_chantry.map,planner,1,2042,1984,159,159,2012,1984,2,0,0,True,ht_chantry-random-23.scen,20,False,opti
20,ht_chantry.map,planner,1,2038,1984,159,159,2008,1984,10901,0,0,True,ht_chantry-random-23.scen,20,True,opti
20,ht_chantry.map,planner,1,2042,1984,159,159,2012,1984,2,0,4,True,ht_chantry-random-23.scen,20,False,opti
20,ht_chantry.map,planner,1,2038,1984,159,159,2008,1984,10298,0,4,True,ht_chantry-random-23.scen,20,True,opti
20,ht_chantry.map,planner,1,2042,1984,159,159,2012,1984,2,0,16,True,ht_chantry-random-23.scen,20,False,opti
20,ht_chantry.map,planner,1,2038,1984,159,159,2008,1984,10299,0,16,True,ht_chantry-random-23.scen,20,True,opti
20,ht_chantry.map,planner,1,2042,1984,159,159,2012,1984,2,0,64,True,ht_chantry-random-23.scen,20,False,opti
20,ht_chantry.map,planner,1,2038,1984,159,159,2008,1984,10302,0,64,True,ht_chantry-random-23.scen,20,True,opti
100,ht_chantry.map,planner,1,11065,9870,180,180,10405,9870,10,0,0,False,ht_chantry-random-23.scen,100,False,
100,ht_chantry.map,planner,1,10993,9870,181,180,10386,9870,10540,0,0,False,ht_chantry-random-23.scen,100,True,
100,ht_chantry.map,planner,1,11065,9870,180,180,10405,9870,10,0,0,True,ht_chantry-random-23.scen,100,False,opti
100,ht_chantry.map,planner,1,10993,9870,181,180,10386,9870,10530,0,0,True,ht_chantry-random-23.scen,100,True,opti
100,ht_chantry.map,planner,1,11078,9870,180,180,10426,9870,10,0,4,True,ht_chantry-random-23.scen,100,False,opti
100,ht_chantry.map,planner,1,11078,9870,180,180,10426,9870,10816,0,4,True,ht_chantry-random-23.scen,100,True,opti
100,ht_chantry.map,planner,1,11078,9870,180,180,10426,9870,10,0,16,True,ht_chantry-random-23.scen,100,False,opti
100,ht_chantry.map,planner,1,11078,9870,180,180,10426,9870,10848,0,16,True,ht_chantry-random-23.scen,100,True,opti
100,ht_chantry.map,planner,1,11078,9870,180,180,10426,9870,11,0,64,True,ht_chantry-random-23.scen,100,False,opti
100,ht_chantry.map,planner,1,11078,9870,180,180,10426,9870,10749,0,64,True,ht_chantry-random-23.scen,100,True,opti
180,ht_chantry.map,planner,1,20786,17210,190,190,18735,17210,21,0,0,False,ht_chantry-random-23.scen,180,False,
180,ht_chantry.map,planner,1,20777,17210,190,190,18733,17210,10073,0,0,False,ht_chantry-random-23.scen,180,True,
180,ht_chantry.map,planner,1,20786,17210,190,190,18735,17210,20,0,0,True,ht_chantry-random-23.scen,180,False,opti
180,ht_chantry.map,planner,1,20777,17210,190,190,18733,17210,10071,0,0,True,ht_chantry-random-23.scen,180,True,opti
180,ht_chantry.map,planner,1,20512,17210,190,190,18779,17210,25,0,4,True,ht_chantry-random-23.scen,180,False,opti
180,ht_chantry.map,planner,1,20932,17210,191,190,18759,17210,10771,0,4,True,ht_chantry-random-23.scen,180,True,opti
180,ht_chantry.map,planner,1,20721,17210,190,190,18735,17210,31,0,16,True,ht_chantry-random-23.scen,180,False,opti
180,ht_chantry.map,planner,1,20673,17210,190,190,18731,17210,10835,0,16,True,ht_chantry-random-23.scen,180,True,opti
180,ht_chantry.map,planner,1,20721,17210,190,190,18735,17210,32,0,64,True,ht_chantry-random-23.scen,180,False,opti
180,ht_chantry.map,planner,1,20673,17210,190,190,18731,17210,10837,0,64,True,ht_chantry-random-23.scen,180,True,opti
260,ht_chantry.map,planner,1,30448,23688,190,190,26536,23688,28,0,0,False,ht_chantry-random-23.scen,260,False,
260,ht_chantry.map,planner,1,30448,23688,190,190,26536,23688,10557,0,0,False,ht_chantry-random-23.scen,260,True,
260,ht_chantry.map,planner,1,30448,23688,190,190,26536,23688,29,0,0,True,ht_chantry-random-23.scen,260,False,opti
260,ht_chantry.map,planner,1,30448,23688,190,190,26536,23688,10619,0,0,True,ht_chantry-random-23.scen,260,True,opti
260,ht_chantry.map,planner,1,29940,23688,190,190,26493,23688,54,0,4,True,ht_chantry-random-23.scen,260,False,opti
260,ht_chantry.map,planner,1,30546,23688,190,190,26749,23688,10082,0,4,True,ht_chantry-random-23.scen,260,True,opti
260,ht_chantry.map,planner,1,29906,23688,190,190,26535,23688,125,0,16,True,ht_chantry-random-23.scen,260,False,opti
260,ht_chantry.map,planner,1,30557,23688,190,190,26647,23688,10053,0,16,True,ht_chantry-random-23.scen,260,True,opti
260,ht_chantry.map,planner,1,30564,23688,190,190,26336,23688,363,0,64,True,ht_chantry-random-23.scen,260,False,opti
260,ht_chantry.map,planner,1,30142,23688,192,190,26335,23688,10059,0,64,True,ht_chantry-random-23.scen,260,True,opti
20,ht_chantry.map,planner,1,1455,1448,148,148,1455,1448,1,0,0,False,ht_chantry-random-8.scen,20,False,
20,ht_chantry.map,planner,1,1452,1448,148,148,1452,1448,10637,0,0,False,ht_chantry-random-8.scen,20,True,
20,ht_chantry.map,planner,1,1455,1448,148,148,1455,1448,1,0,0,True,ht_chantry-random-8.scen,20,False,opti
20,ht_chantry.map,planner,1,1452,1448,148,148,1452,1448,10657,0,0,True,ht_chantry-random-8.scen,20,True,opti
20,ht_chantry.map,planner,1,1455,1448,148,148,1455,1448,1,0,4,True,ht_chantry-random-8.scen,20,False,opti
20,ht_chantry.map,planner,1,1453,1448,149,148,1453,1448,10666,0,4,True,ht_chantry-random-8.scen,20,True,opti
20,ht_chantry.map,planner,1,1455,1448,148,148,1455,1448,1,0,16,True,ht_chantry-random-8.scen,20,False,opti
20,ht_chantry.map,planner,1,1453,1448,149,148,1453,1448,10670,0,16,True,ht_chantry-random-8.scen,20,True,opti
20,ht_chantry.map,planner,1,1455,1448,148,148,1455,1448,1,0,64,True,ht_chantry-random-8.scen,20,False,opti
20,ht_chantry.map,planner,1,1453,1448,149,148,1453,1448,10661,0,64,True,ht_chantry-random-8.scen,20,True,opti
100,ht_chantry.map,planner,1,9533,8462,189,189,8936,8462,10,0,0,False,ht_chantry-random-8.scen,100,False,
100,ht_chantry.map,planner,1,9514,8462,189,189,8934,8462,10256,0,0,False,ht_chantry-random-8.scen,100,True,
100,ht_chantry.map,planner,1,9533,8462,189,189,8936,8462,9,0,0,True,ht_chantry-random-8.scen,100,False,opti
100,ht_chantry.map,planner,1,9514,8462,189,189,8934,8462,10247,0,0,True,ht_chantry-random-8.scen,100,True,opti
100,ht_chantry.map,planner,1,9907,8462,189,189,8991,8462,10,0,4,True,ht_chantry-random-8.scen,100,False,opti
100,ht_chantry.map,planner,1,9656,8462,189,189,8923,8462,10281,0,4,True,ht_chantry-random-8.scen,100,True,opti
100,ht_chantry.map,planner,1,9907,8462,189,189,8991,8462,10,0,16,True,ht_chantry-random-8.scen,100,False,opti
100,ht_chantry.map,planner,1,9656,8462,189,189,8923,8462,10281,0,16,True,ht_chantry-random-8.scen,100,True,opti
100,ht_chantry.map,planner,1,9907,8462,189,189,8991,8462,9,0,64,True,ht_chantry-random-8.scen,100,False,opti
100,ht_chantry.map,planner,1,9656,8462,189,189,8923,8462,10283,0,64,True,ht_chantry-random-8.scen,100,True,opti
180,ht_chantry.map,planner,1,19737,15902,190,189,17488,15902,19,0,0,False,ht_chantry-random-8.scen,180,False,
180,ht_chantry.map,planner,1,19282,15902,192,189,17374,15902,10299,0,0,False,ht_chantry-random-8.scen,180,True,
180,ht_chantry.map,planner,1,19737,15902,190,189,17488,15902,19,0,0,True,ht_chantry-random-8.scen,180,False,opti
180,ht_chantry.map,planner,1,19282,15902,192,189,17374,15902,10317,0,0,True,ht_chantry-random-8.scen,180,True,opti
180,ht_chantry.map,planner,1,19475,15902,191,189,17358,15902,30,0,4,True,ht_chantry-random-8.scen,180,False,opti
180,ht_chantry.map,planner,1,18991,15902,192,189,17232,15902,10818,0,4,True,ht_chantry-random-8.scen,180,True,opti
180,ht_chantry.map,planner,1,19097,15902,196,189,17289,15902,71,0,16,True,ht_chantry-random-8.scen,180,False,opti
180,ht_chantry.map,planner,1,19302,15902,194,189,17239,15902,10673,0,16,True,ht_chantry-random-8.scen,180,True,opti
180,ht_chantry.map,planner,1,19360,15902,196,189,17254,15902,85,0,64,True,ht_chantry-random-8.scen,180,False,opti
180,ht_chantry.map,planner,1,19192,15902,195,189,17321,15902,10186,0,64,True,ht_chantry-random-8.scen,180,True,opti
260,ht_chantry.map,planner,1,30255,23584,189,189,26677,23584,30,0,0,False,ht_chantry-random-8.scen,260,False,
260,ht_chantry.map,planner,1,30104,23584,190,189,26351,23584,10518,0,0,False,ht_chantry-random-8.scen,260,True,
260,ht_chantry.map,planner,1,30255,23584,189,189,26677,23584,29,0,0,True,ht_chantry-random-8.scen,260,False,opti
260,ht_chantry.map,planner,1,30104,23584,190,189,26351,23584,10522,0,0,True,ht_chantry-random-8.scen,260,True,opti
260,ht_chantry.map,planner,1,29446,23584,191,189,26132,23584,60,0,4,True,ht_chantry-random-8.scen,260,False,opti
260,ht_chantry.map,planner,1,29713,23584,191,189,26256,23584,10533,0,4,True,ht_chantry-random-8.scen,260,True,opti
260,ht_chantry.map,planner,1,29578,23584,191,189,26091,23584,113,0,16,True,ht_chantry-random-8.scen,260,False,opti
260,ht_chantry.map,planner,1,29553,23584,189,189,26202,23584,10556,0,16,True,ht_chantry-random-8.scen,260,True,opti
260,ht_chantry.map,planner,1,29664,23584,195,189,26080,23584,239,0,64,True,ht_chantry-random-8.scen,260,False,opti
260,ht_chantry.map,planner,1,29384,23584,189,189,26098,23584,10507,0,64,True,ht_chantry-random-8.scen,260,True,opti
20,ht_chantry.map,planner,1,2004,1972,163,163,2004,1972,2,0,0,False,ht_chantry-random-10.scen,20,False,
20,ht_chantry.map,planner,1,2004,1972,163,163,2004,1972,10515,0,0,False,ht_chantry-random-10.scen,20,True,
20,ht_chantry.map,planner,1,2004,1972,163,163,2004,1972,2,0,0,True,ht_chantry-random-10.scen,20,False,opti
20,ht_chantry.map,planner,1,2004,1972,163,163,2004,1972,10516,0,0,True,ht_chantry-random-10.scen,20,True,opti
20,ht_chantry.map,planner,1,2007,1972,163,163,2007,1972,2,0,4,True,ht_chantry-random-10.scen,20,False,opti
20,ht_chantry.map,planner,1,1998,1972,163,163,1998,1972,10739,0,4,True,ht_chantry-random-10.scen,20,True,opti
20,ht_chantry.map,planner,1,2007,1972,163,163,2007,1972,2,0,16,True,ht_chantry-random-10.scen,20,False,opti
20,ht_chantry.map,planner,1,1998,1972,163,163,1998,1972,10740,0,16,True,ht_chantry-random-10.scen,20,True,opti
20,ht_chantry.map,planner,1,2007,1972,163,163,2007,1972,2,0,64,True,ht_chantry-random-10.scen,20,False,opti
20,ht_chantry.map,planner,1,1998,1972,163,163,1998,1972,10728,0,64,True,ht_chantry-random-10.scen,20,True,opti
100,ht_chantry.map,planner,1,10168,8806,199,199,9302,8806,9,0,0,False,ht_chantry-random-10.scen,100,False,
100,ht_chantry.map,planner,1,9962,8806,200,199,9290,8806,10445,0,0,False,ht_chantry-random-10.scen,100,True,
100,ht_chantry.map,planner,1,10168,8806,199,199,9302,8806,9,0,0,True,ht_chantry-random-10.scen,100,False,opti
100,ht_chantry.map,planner,1,9962,8806,200,199,9290,8806,10414,0,0,True,ht_chantry-random-10.scen,100,True,opti
100,ht_chantry.map,planner,1,10241,8806,199,199,9308,8806,10,0,4,True,ht_chantry-random-10.scen,100,False,opti
100,ht_chantry.map,planner,1,9922,8806,201,199,9260,8806,11263,0,4,True,ht_chantry-random-10.scen,100,True,opti
100,ht_chantry.map,planner,1,10241,8806,199,199,9308,8806,10,0,16,True,ht_chantry-random-10.scen,100,False,opti
100,ht_chantry.map,planner,1,9922,8806,201,199,9260,8806,11251,0,16,True,ht_chantry-random-10.scen,100,True,opti
100,ht_chantry.map,planner,1,10241,8806,199,199,9308,8806,10,0,64,True,ht_chantry-random-10.scen,100,False,opti
100,ht_chantry.map,planner,1,9922,8806,201,199,9260,8806,11269,0,64,True,ht_chantry-random-10.scen,100,True,opti
180,ht_chantry.map,planner,1,19853,16508,199,199,18058,16508,18,0,0,False,ht_chantry-random-10.scen,180,False,
180,ht_chantry.map,planner,1,19853,16508,199,199,18058,16508,10856,0,0,False,ht_chantry-random-10.scen,180,True,
180,ht_chantry.map,planner,1,19853,16508,199,199,18058,16508,20,0,0,True,ht_chantry-random-10.scen,180,False,opti
180,ht_chantry.map,planner,1,19853,16508,199,199,18058,16508,10852,0,0,True,ht_chantry-random-10.scen,180,True,opti
180,ht_chantry.map,planner,1,20028,16508,199,199,18018,16508,37,0,4,True,ht_chantry-random-10.scen,180,False,opti
180,ht_chantry.map,planner,1,20471,16508,202,199,17975,16508,10152,0,4,True,ht_chantry-random-10.scen,180,True,opti
180,ht_chantry.map,planner,1,20555,16508,199,199,18049,16508,106,0,16,True,ht_chantry-random-10.scen,180,False,opti
180,ht_chantry.map,planner,1,19966,16508,199,199,17880,16508,10740,0,16,True,ht_chantry-random-10.scen,180,True,opti
180,ht_chantry.map,planner,1,20252,16508,201,199,18017,16508,359,0,64,True,ht_chantry-random-10.scen,180,False,opti
180,ht_chantry.map,planner,1,19805,16508,202,199,17887,16508,10713,0,64,True,ht_chantry-random-10.scen,180,True,opti
260,ht_chantry.map,planner,1,31270,24122,199,199,27235,24122,30,0,0,False,ht_chantry-random-10.scen,260,False,
260,ht_chantry.map,planner,1,31270,24122,199,199,27235,24122,10511,0,0,False,ht_chantry-random-10.scen,260,True,
260,ht_chantry.map,planner,1,31270,24122,199,199,27235,24122,30,0,0,True,ht_chantry-random-10.scen,260,False,opti
260,ht_chantry.map,planner,1,31270,24122,199,199,27235,24122,10386,0,0,True,ht_chantry-random-10.scen,260,True,opti
260,ht_chantry.map,planner,1,31095,24122,199,199,27302,24122,77,0,4,True,ht_chantry-random-10.scen,260,False,opti
260,ht_chantry.map,planner,1,30921,24122,202,199,27067,24122,10527,0,4,True,ht_chantry-random-10.scen,260,True,opti
260,ht_chantry.map,planner,1,31290,24122,201,199,27216,24122,244,0,16,True,ht_chantry-random-10.scen,260,False,opti
260,ht_chantry.map,planner,1,30740,24122,199,199,26984,24122,10481,0,16,True,ht_chantry-random-10.scen,260,True,opti
260,ht_chantry.map,planner,1,31190,24122,199,199,27157,24122,768,0,64,True,ht_chantry-random-10.scen,260,False,opti
260,ht_chantry.map,planner,1,31087,24122,199,199,26907,24122,10495,0,64,True,ht_chantry-random-10.scen,260,True,opti
20,ht_chantry.map,planner,1,1964,1897,188,188,1939,1897,2,0,0,False,ht_chantry-random-25.scen,20,False,
20,ht_chantry.map,planner,1,1967,1897,190,188,1936,1897,11101,0,0,False,ht_chantry-random-25.scen,20,True,
20,ht_chantry.map,planner,1,1964,1897,188,188,1939,1897,2,0,0,True,ht_chantry-random-25.scen,20,False,opti
20,ht_chantry.map,planner,1,1967,1897,190,188,1936,1897,11048,0,0,True,ht_chantry-random-25.scen,20,True,opti
20,ht_chantry.map,planner,1,1964,1897,188,188,1939,1897,2,0,4,True,ht_chantry-random-25.scen,20,False,opti
20,ht_chantry.map,planner,1,1967,1897,190,188,1936,1897,11073,0,4,True,ht_chantry-random-25.scen,20,True,opti
20,ht_chantry.map,planner,1,1964,1897,188,188,1939,1897,2,0,16,True,ht_chantry-random-25.scen,20,False,opti
20,ht_chantry.map,planner,1,1967,1897,190,188,1936,1897,11087,0,16,True,ht_chantry-random-25.scen,20,True,opti
20,ht_chantry.map,planner,1,1964,1897,188,188,1939,1897,2,0,64,True,ht_chantry-random-25.scen,20,False,opti
20,ht_chantry.map,planner,1,1967,1897,190,188,1936,1897,11079,0,64,True,ht_chantry-random-25.scen,20,True,opti
100,ht_chantry.map,planner,1,11455,9537,197,197,10287,9537,10,0,0,False,ht_chantry-random-25.scen,100,False,
100,ht_chantry.map,planner,1,11192,9537,198,197,10217,9537,10816,0,0,False,ht_chantry-random-25.scen,100,True,
100,ht_chantry.map,planner,1,11455,9537,197,197,10287,9537,11,0,0,True,ht_chantry-random-25.scen,100,False,opti
100,ht_chantry.map,planner,1,11192,9537,198,197,10217,9537,10828,0,0,True,ht_chantry-random-25.scen,100,True,opti
100,ht_chantry.map,planner,1,11278,9537,199,197,10239,9537,11,0,4,True,ht_chantry-random-25.scen,100,False,opti
100,ht_chantry.map,planner,1,11245,9537,199,197,10237,9537,10241,0,4,True,ht_chantry-random-25.scen,100,True,opti
100,ht_chantry.map,planner,1,11278,9537,199,197,10239,9537,12,0,16,True,ht_chantry-random-25.scen,100,False,opti
100,ht_chantry.map,planner,1,11245,9537,199,197,10237,9537,10264,0,16,True,ht_chantry-random-25.scen,100,True,opti
100,ht_chantry.map,planner,1,11278,9537,199,197,10239,9537,13,0,64,True,ht_chantry-random-25.scen,100,False,opti
100,ht_chantry.map,planner,1,11245,9537,199,197,10237,9537,10254,0,64,True,ht_chantry-random-25.scen,100,True,opti
180,ht_chantry.map,planner,1,21137,16727,197,197,18678,16727,19,0,0,False,ht_chantry-random-25.scen,180,False,
180,ht_chantry.map,planner,1,20765,16727,198,197,18410,16727,10756,0,0,False,ht_chantry-random-25.scen,180,True,
180,ht_chantry.map,planner,1,21137,16727,197,197,18678,16727,19,0,0,True,ht_chantry-random-25.scen,180,False,opti
180,ht_chantry.map,planner,1,20765,16727,198,197,18410,16727,10774,0,0,True,ht_chantry-random-25.scen,180,True,opti
180,ht_chantry.map,planner,1,21096,16727,197,197,18494,16727,31,0,4,True,ht_chantry-random-25.scen,180,False,opti
180,ht_chantry.map,planner,1,20740,16727,198,197,18398,16727,10171,0,4,True,ht_chantry-random-25.scen,180,True,opti
180,ht_chantry.map,planner,1,20546,16727,197,197,18412,16727,57,0,16,True,ht_chantry-random-25.scen,180,False,opti
180,ht_chantry.map,planner,1,20610,16727,198,197,18373,16727,10857,0,16,True,ht_chantry-random-25.scen,180,True,opti
180,ht_chantry.map,planner,1,20532,16727,197,197,18375,16727,159,0,64,True,ht_chantry-random-25.scen,180,False,opti
180,ht_chantry.map,planner,1,20355,16727,197,197,18375,16727,10847,0,64,True,ht_chantry-random-25.scen,180,True,opti
260,ht_chantry.map,planner,1,31428,24289,197,197,27787,24289,29,0,0,False,ht_chantry-random-25.scen,260,False,
260,ht_chantry.map,planner,1,31769,24289,197,197,27733,24289,10573,0,0,False,ht_chantry-random-25.scen,260,True,
260,ht_chantry.map,planner,1,31428,24289,197,197,27787,24289,28,0,0,True,ht_chantry-random-25.scen,260,False,opti
260,ht_chantry.map,planner,1,31769,24289,197,197,27733,24289,10585,0,0,True,ht_chantry-random-25.scen,260,True,opti
260,ht_chantry.map,planner,1,31771,24289,197,197,27470,24289,66,0,4,True,ht_chantry-random-25.scen,260,False,opti
260,ht_chantry.map,planner,1,31240,24289,201,197,27450,24289,10479,0,4,True,ht_chantry-random-25.scen,260,True,opti
260,ht_chantry.map,planner,1,31876,24289,197,197,27667,24289,206,0,16,True,ht_chantry-random-25.scen,260,False,opti
260,ht_chantry.map,planner,1,31406,24289,197,197,27426,24289,10288,0,16,True,ht_chantry-random-25.scen,260,True,opti
260,ht_chantry.map,planner,1,31249,24289,197,197,27516,24289,547,0,64,True,ht_chantry-random-25.scen,260,False,opti
260,ht_chantry.map,planner,1,31199,24289,197,197,27489,24289,10440,0,64,True,ht_chantry-random-25.scen,260,True,opti
20,ht_chantry.map,planner,1,1784,1671,180,180,1731,1671,2,0,0,False,ht_chantry-random-6.scen,20,False,
20,ht_chantry.map,planner,1,1788,1671,181,180,1706,1671,10893,0,0,False,ht_chantry-random-6.scen,20,True,
20,ht_chantry.map,planner,1,1784,1671,180,180,1731,1671,2,0,0,True,ht_chantry-random-6.scen,20,False,opti
20,ht_chantry.map,planner,1,1788,1671,181,180,1706,1671,10879,0,0,True,ht_chantry-random-6.scen,20,True,opti
20,ht_chantry.map,planner,1,1784,1671,180,180,1731,1671,2,0,4,True,ht_chantry-random-6.scen,20,False,opti
20,ht_chantry.map,planner,1,1821,1671,183,180,1711,1671,11011,0,4,True,ht_chantry-random-6.scen,20,True,opti
20,ht_chantry.map,planner,1,1784,1671,180,180,1731,1671,2,0,16,True,ht_chantry-random-6.scen,20,False,opti
20,ht_chantry.map,planner,1,1821,1671,183,180,1711,1671,10986,0,16,True,ht_chantry-random-6.scen,20,True,opti
20,ht_chantry.map,planner,1,1784,1671,180,180,1731,1671,2,0,64,True,ht_chantry-random-6.scen,20,False,opti
20,ht_chantry.map,planner,1,1821,1671,183,180,1711,1671,10999,0,64,True,ht_chantry-random-6.scen,20,True,opti
100,ht_chantry.map,planner,1,11075,9429,189,189,10236,9429,10,0,0,False,ht_chantry-random-6.scen,100,False,
100,ht_chantry.map,planner,1,11050,9429,190,189,10166,9429,10455,0,0,False,ht_chantry-random-6.scen,100,True,
100,ht_chantry.map,planner,1,11075,9429,189,189,10236,9429,10,0,0,True,ht_chantry-random-6.scen,100,False,opti
100,ht_chantry.map,planner,1,11050,9429,190,189,10166,9429,10430,0,0,True,ht_chantry-random-6.scen,100,True,opti
100,ht_chantry.map,planner,1,10951,9429,191,189,10210,9429,13,0,4,True,ht_chantry-random-6.scen,100,False,opti
100,ht_chantry.map,planner,1,10966,9429,191,189,10080,9429,10574,0,4,True,ht_chantry-random-6.scen,100,True,opti
100,ht_chantry.map,planner,1,10951,9429,191,189,10210,9429,10,0,16,True,ht_chantry-random-6.scen,100,False,opti
100,ht_chantry.map,planner,1,10966,9429,191,189,10080,9429,10548,0,16,True,ht_chantry-random-6.scen,100,True,opti
100,ht_chantry.map,planner,1,10951,9429,191,189,10210,9429,12,0,64,True,ht_chantry-random-6.scen,100,False,opti
100,ht_chantry.map,planner,1,10966,9429,191,189,10080,9429,10542,0,64,True,ht_chantry-random-6.scen,100,True,opti
180,ht_chantry.map,planner,1,21229,17196,189,189,18956,17196,18,0,0,False,ht_chantry-random-6.scen,180,False,
180,ht_chantry.map,planner,1,21599,17196,190,189,18941,17196,10563,0,0,False,ht_chantry-random-6.scen,180,True,
180,ht_chantry.map,planner,1,21229,17196,189,189,18956,17196,20,0,0,True,ht_chantry-random-6.scen,180,False,opti
180,ht_chantry.map,planner,1,21599,17196,190,189,18941,17196,10601,0,0,True,ht_chantry-random-6.scen,180,True,opti
180,ht_chantry.map,planner,1,21142,17196,189,189,18858,17196,28,0,4,True,ht_chantry-random-6.scen,180,False,opti
180,ht_chantry.map,planner,1,20939,17196,194,189,18651,17196,10194,0,4,True,ht_chantry-random-6.scen,180,True,opti
180,ht_chantry.map,planner,1,21073,17196,189,189,18851,17196,38,0,16,True,ht_chantry-random-6.scen,180,False,opti
180,ht_chantry.map,planner,1,21089,17196,191,189,18681,17196,10291,0,16,True,ht_chantry-random-6.scen,180,True,opti
180,ht_chantry.map,planner,1,21420,17196,189,189,18910,17196,41,0,64,True,ht_chantry-random-6.scen,180,False,opti
180,ht_chantry.map,planner,1,21301,17196,191,189,18703,17196,10733,0,64,True,ht_chantry-random-6.scen,180,True,opti
260,ht_chantry.map,planner,1,32802,25595,208,189,28662,25595,31,0,0,False,ht_chantry-random-6.scen,260,False,
260,ht_chantry.map,planner,1,32802,25595,208,189,28662,25595,10497,0,0,False,ht_chantry-random-6.scen,260,True,
260,ht_chantry.map,planner,1,32802,25595,208,189,28662,25595,33,0,0,True,ht_chantry-random-6.scen,260,False,opti
260,ht_chantry.map,planner,1,32802,25595,208,189,28662,25595,10505,0,0,True,ht_chantry-random-6.scen,260,True,opti
260,ht_chantry.map,planner,1,32658,25595,194,189,28482,25595,62,0,4,True,ht_chantry-random-6.scen,260,False,opti
260,ht_chantry.map,planner,1,32264,25595,193,189,28496,25595,10448,0,4,True,ht_chantry-random-6.scen,260,True,opti
260,ht_chantry.map,planner,1,32244,25595,192,189,28516,25595,156,0,16,True,ht_chantry-random-6.scen,260,False,opti
260,ht_chantry.map,planner,1,32280,25595,190,189,28437,25595,10562,0,16,True,ht_chantry-random-6.scen,260,True,opti
260,ht_chantry.map,planner,1,32364,25595,190,189,28519,25595,464,0,64,True,ht_chantry-random-6.scen,260,False,opti
260,ht_chantry.map,planner,1,32406,25595,193,189,28516,25595,10505,0,64,True,ht_chantry-random-6.scen,260,True,opti
20,ht_chantry.map,planner,1,2533,2437,173,173,2515,2437,2,0,0,False,ht_chantry-random-14.scen,20,False,
20,ht_chantry.map,planner,1,2517,2437,175,173,2498,2437,10930,0,0,False,ht_chantry-random-14.scen,20,True,
20,ht_chantry.map,planner,1,2533,2437,173,173,2515,2437,2,0,0,True,ht_chantry-random-14.scen,20,False,opti
20,ht_chantry.map,planner,1,2520,2437,174,173,2502,2437,10836,0,0,True,ht_chantry-random-14.scen,20,True,opti
20,ht_chantry.map,planner,1,2523,2437,173,173,2501,2437,2,0,4,True,ht_chantry-random-14.scen,20,False,opti
20,ht_chantry.map,planner,1,2519,2437,173,173,2497,2437,10630,0,4,True,ht_chantry-random-14.scen,20,True,opti
20,ht_chantry.map,planner,1,2523,2437,173,173,2501,2437,2,0,16,True,ht_chantry-random-14.scen,20,False,opti
20,ht_chantry.map,planner,1,2519,2437,173,173,2497,2437,10628,0,16,True,ht_chantry-random-14.scen,20,True,opti
20,ht_chantry.map,planner,1,2523,2437,173,173,2501,2437,2,0,64,True,ht_chantry-random-14.scen,20,False,opti
20,ht_chantry.map,planner,1,2519,2437,173,173,2497,2437,10620,0,64,True,ht_chantry-random-14.scen,20,True,opti
100,ht_chantry.map,planner,1,11447,9873,185,185,10630,9873,11,0,0,False,ht_chantry-random-14.scen,100,False,
100,ht_chantry.map,planner,1,11209,9873,185,185,10414,9873,11316,0,0,False,ht_chantry-random-14.scen,100,True,
100,ht_chantry.map,planner,1,11447,9873,185,185,10630,9873,10,0,0,True,ht_chantry-random-14.scen,100,False,opti
100,ht_chantry.map,planner,1,11209,9873,185,185,10414,9873,11269,0,0,True,ht_chantry-random-14.scen,100,True,opti
100,ht_chantry.map,planner,1,11387,9873,185,185,10532,9873,11,0,4,True,ht_chantry-random-14.scen,100,False,opti
100,ht_chantry.map,planner,1,11277,9873,188,185,10433,9873,10114,0,4,True,ht_chantry-random-14.scen,100,True,opti
100,ht_chantry.map,planner,1,11387,9873,185,185,10532,9873,10,0,16,True,ht_chantry-random-14.scen,100,False,opti
100,ht_chantry.map,planner,1,11277,9873,188,185,10433,9873,10120,0,16,True,ht_chantry-random-14.scen,100,True,opti
100,ht_chantry.map,planner,1,11387,9873,185,185,10532,9873,10,0,64,True,ht_chantry-random-14.scen,100,False,opti
100,ht_chantry.map,planner,1,11277,9873,188,185,10433,9873,10118,0,64,True,ht_chantry-random-14.scen,100,True,opti
180,ht_chantry.map,planner,1,21755,17664,189,185,19558,17664,19,0,0,False,ht_chantry-random-14.scen,180,False,
180,ht_chantry.map,planner,1,21755,17664,189,185,19558,17664,10735,0,0,False,ht_chantry-random-14.scen,180,True,
180,ht_chantry.map,planner,1,21755,17664,189,185,19558,17664,18,0,0,True,ht_chantry-random-14.scen,180,False,opti
180,ht_chantry.map,planner,1,21755,17664,189,185,19558,17664,10717,0,0,True,ht_chantry-random-14.scen,180,True,opti
180,ht_chantry.map,planner,1,21610,17664,189,185,19269,17664,34,0,4,True,ht_chantry-random-14.scen,180,False,opti
180,ht_chantry.map,planner,1,21728,17664,187,185,19271,17664,10264,0,4,True,ht_chantry-random-14.scen,180,True,opti
180,ht_chantry.map,planner,1,21626,17664,187,185,19222,17664,106,0,16,True,ht_chantry-random-14.scen,180,False,opti
180,ht_chantry.map,planner,1,21713,17664,189,185,19245,17664,10744,0,16,True,ht_chantry-random-14.scen,180,True,opti
180,ht_chantry.map,planner,1,21580,17664,187,185,19306,17664,205,0,64,True,ht_chantry-random-14.scen,180,False,opti
180,ht_chantry.map,planner,1,21289,17664,187,185,19212,17664,10739,0,64,True,ht_chantry-random-14.scen,180,True,opti
260,ht_chantry.map,planner,1,32759,25360,189,185,28714,25360,30,0,0,False,ht_chantry-random-14.scen,260,False,
260,ht_chantry.map,planner,1,32755,25360,187,185,28710,25360,10555,0,0,False,ht_chantry-random-14.scen,260,True,
260,ht_chantry.map,planner,1,32759,25360,189,185,28714,25360,30,0,0,True,ht_chantry-random-14.scen,260,False,opti
260,ht_chantry.map,planner,1,32755,25360,187,185,28710,25360,10544,0,0,True,ht_chantry-random-14.scen,260,True,opti
260,ht_chantry.map,planner,1,32283,25360,195,185,28469,25360,67,0,4,True,ht_chantry-random-14.scen,260,False,opti
260,ht_chantry.map,planner,1,32465,25360,187,185,28403,25360,10576,0,4,True,ht_chantry-random-14.scen,260,True,opti
260,ht_chantry.map,planner,1,32051,25360,190,185,28385,25360,187,0,16,True,ht_chantry-random-14.scen,260,False,opti
260,ht_chantry.map,planner,1,32374,25360,199,185,28460,25360,10502,0,16,True,ht_chantry-random-14.scen,260,True,opti
260,ht_chantry.map,planner,1,33054,25360,189,185,28717,25360,732,0,64,True,ht_chantry-random-14.scen,260,False,opti
260,ht_chantry.map,planner,1,32001,25360,196,185,28368,25360,10289,0,64,True,ht_chantry-random-14.scen,260,True,opti
20,ht_chantry.map,planner,1,2274,2247,181,181,2274,2247,2,0,0,False,ht_chantry-random-17.scen,20,False,
20,ht_chantry.map,planner,1,2259,2247,181,181,2259,2247,10705,0,0,False,ht_chantry-random-17.scen,20,True,
20,ht_chantry.map,planner,1,2274,2247,181,181,2274,2247,2,0,0,True,ht_chantry-random-17.scen,20,False,opti
20,ht_chantry.map,planner,1,2259,2247,181,181,2259,2247,10713,0,0,True,ht_chantry-random-17.scen,20,True,opti
20,ht_chantry.map,planner,1,2322,2247,181,181,2257,2247,2,0,4,True,ht_chantry-random-17.scen,20,False,opti
20,ht_chantry.map,planner,1,2254,2247,181,181,2254,2247,11137,0,4,True,ht_chantry-random-17.scen,20,True,opti
20,ht_chantry.map,planner,1,2322,2247,181,181,2257,2247,2,0,16,True,ht_chantry-random-17.scen,20,False,opti
20,ht_chantry.map,planner,1,2254,2247,181,181,2254,2247,11124,0,16,True,ht_chantry-random-17.scen,20,True,opti
20,ht_chantry.map,planner,1,2322,2247,181,181,2257,2247,2,0,64,True,ht_chantry-random-17.scen,20,False,opti
20,ht_chantry.map,planner,1,2254,2247,181,181,2254,2247,11147,0,64,True,ht_chantry-random-17.scen,20,True,opti
100,ht_chantry.map,planner,1,11212,9639,181,181,10352,9639,12,0,0,False,ht_chantry-random-17.scen,100,False,
100,ht_chantry.map,planner,1,11192,9639,182,181,10233,9639,11256,0,0,False,ht_chantry-random-17.scen,100,True,
100,ht_chantry.map,planner,1,11212,9639,181,181,10352,9639,10,0,0,True,ht_chantry-random-17.scen,100,False,opti
100,ht_chantry.map,planner,1,11192,9639,182,181,10233,9639,11175,0,0,True,ht_chantry-random-17.scen,100,True,opti
100,ht_chantry.map,planner,1,11257,9639,186,181,10298,9639,10,0,4,True,ht_chantry-random-17.scen,100,False,opti
100,ht_chantry.map,planner,1,11195,9639,186,181,10296,9639,10095,0,4,True,ht_chantry-random-17.scen,100,True,opti
100,ht_chantry.map,planner,1,11257,9639,186,181,10298,9639,10,0,16,True,ht_chantry-random-17.scen,100,False,opti
100,ht_chantry.map,planner,1,11195,9639,186,181,10296,9639,10088,0,16,True,ht_chantry-random-17.scen,100,True,opti
100,ht_chantry.map,planner,1,11257,9639,186,181,10298,9639,10,0,64,True,ht_chantry-random-17.scen,100,False,opti
100,ht_chantry.map,planner,1,11195,9639,186,181,10296,9639,10094,0,64,True,ht_chantry-random-17.scen,100,True,opti
180,ht_chantry.map,planner,1,21139,17372,186,181,19000,17372,20,0,0,False,ht_chantry-random-17.scen,180,False,
180,ht_chantry.map,planner,1,21185,17372,182,181,18982,17372,10791,0,0,False,ht_chantry-random-17.scen,180,True,
180,ht_chantry.map,planner,1,21139,17372,186,181,19000,17372,19,0,0,True,ht_chantry-random-17.scen,180,False,opti
180,ht_chantry.map,planner,1,21185,17372,182,181,18982,17372,10879,0,0,True,ht_chantry-random-17.scen,180,True,opti
180,ht_chantry.map,planner,1,21070,17372,183,181,18905,17372,30,0,4,True,ht_chantry-random-17.scen,180,False,opti
180,ht_chantry.map,planner,1,20976,17372,183,181,19040,17372,10721,0,4,True,ht_chantry-random-17.scen,180,True,opti
180,ht_chantry.map,planner,1,20842,17372,183,181,18949,17372,58,0,16,True,ht_chantry-random-17.scen,180,False,opti
180,ht_chantry.map,planner,1,20954,17372,187,181,18871,17372,10722,0,16,True,ht_chantry-random-17.scen,180,True,opti
180,ht_chantry.map,planner,1,21005,17372,184,181,18953,17372,47,0,64,True,ht_chantry-random-17.scen,180,False,opti
180,ht_chantry.map,planner,1,21006,17372,184,181,18835,17372,10724,0,64,True,ht_chantry-random-17.scen,180,True,opti
260,ht_chantry.map,planner,1,32537,24894,199,192,28001,24894,31,0,0,False,ht_chantry-random-17.scen,260,False,
260,ht_chantry.map,planner,1,32124,24894,194,192,27777,24894,10061,0,0,False,ht_chantry-random-17.scen,260,True,
260,ht_chantry.map,planner,1,32537,24894,199,192,28001,24894,29,0,0,True,ht_chantry-random-17.scen,260,False,opti
260,ht_chantry.map,planner,1,32579,24894,202,192,27956,24894,10576,0,0,True,ht_chantry-random-17.scen,260,True,opti
260,ht_chantry.map,planner,1,31988,24894,199,192,27793,24894,56,0,4,True,ht_chantry-random-17.scen,260,False,opti
260,ht_chantry.map,planner,1,31868,24894,199,192,27707,24894,10128,0,4,True,ht_chantry-random-17.scen,260,True,opti
260,ht_chantry.map,planner,1,31537,24894,192,192,27592,24894,121,0,16,True,ht_chantry-random-17.scen,260,False,opti
260,ht_chantry.map,planner,1,31665,24894,197,192,27524,24894,10444,0,16,True,ht_chantry-random-17.scen,260,True,opti
260,ht_chantry.map,planner,1,32073,24894,193,192,27860,24894,264,0,64,True,ht_chantry-random-17.scen,260,False,opti
260,ht_chantry.map,planner,1,31578,24894,199,192,27633,24894,10526,0,64,True,ht_chantry-random-17.scen,260,True,opti
20,ht_chantry.map,planner,1,1857,1744,186,186,1775,1744,2,0,0,False,ht_chantry-random-20.scen,20,False,
20,ht_chantry.map,planner,1,1840,1744,189,186,1758,1744,10901,0,0,False,ht_chantry-random-20.scen,20,True,
20,ht_chantry.map,planner,1,1857,1744,186,186,1775,1744,2,0,0,True,ht_chantry-random-20.scen,20,False,opti
20,ht_chantry.map,planner,1,1840,1744,189,186,1758,1744,10904,0,0,True,ht_chantry-random-20.scen,20,True,opti
20,ht_chantry.map,planner,1,1857,1744,186,186,1775,1744,2,0,4,True,ht_chantry-random-20.scen,20,False,opti
20,ht_chantry.map,planner,1,1837,1744,186,186,1755,1744,10886,0,4,True,ht_chantry-random-20.scen,20,True,opti
20,ht_chantry.map,planner,1,1857,1744,186,186,1775,1744,2,0,16,True,ht_chantry-random-20.scen,20,False,opti
20,ht_chantry.map,planner,1,1837,1744,186,186,1755,1744,10890,0,16,True,ht_chantry-random-20.scen,20,True,opti
20,ht_chantry.map,planner,1,1857,1744,186,186,1775,1744,2,0,64,True,ht_chantry-random-20.scen,20,False,opti
20,ht_chantry.map,planner,1,1837,1744,186,186,1755,1744,10905,0,64,True,ht_chantry-random-20.scen,20,True,opti
100,ht_chantry.map,planner,1,10793,9182,186,186,9747,9182,9,0,0,False,ht_chantry-random-20.scen,100,False,
100,ht_chantry.map,planner,1,10578,9182,187,186,9655,9182,10559,0,0,False,ht_chantry-random-20.scen,100,True,
100,ht_chantry.map,planner,1,10793,9182,186,186,9747,9182,10,0,0,True,ht_chantry-random-20.scen,100,False,opti
100,ht_chantry.map,planner,1,10578,9182,187,186,9655,9182,10583,0,0,True,ht_chantry-random-20.scen,100,True,opti
100,ht_chantry.map,planner,1,10658,9182,190,186,9749,9182,10,0,4,True,ht_chantry-random-20.scen,100,False,opti
100,ht_chantry.map,planner,1,10635,9182,186,186,9654,9182,10293,0,4,True,ht_chantry-random-20.scen,100,True,opti
100,ht_chantry.map,planner,1,10658,9182,190,186,9749,9182,11,0,16,True,ht_chantry-random-20.scen,100,False,opti
100,ht_chantry.map,planner,1,10635,9182,186,186,9654,9182,10304,0,16,True,ht_chantry-random-20.scen,100,True,opti
100,ht_chantry.map,planner,1,10658,9182,190,186,9749,9182,11,0,64,True,ht_chantry-random-20.scen,100,False,opti
100,ht_chantry.map,planner,1,10635,9182,186,186,9654,9182,10282,0,64,True,ht_chantry-random-20.scen,100,True,opti
180,ht_chantry.map,planner,1,20387,16360,186,186,18073,16360,17,0,0,False,ht_chantry-random-20.scen,180,False,
180,ht_chantry.map,planner,1,20387,16360,186,186,18073,16360,10784,0,0,False,ht_chantry-random-20.scen,180,True,
180,ht_chantry.map,planner,1,20387,16360,186,186,18073,16360,19,0,0,True,ht_chantry-random-20.scen,180,False,opti
180,ht_chantry.map,planner,1,20387,16360,186,186,18073,16360,10805,0,0,True,ht_chantry-random-20.scen,180,True,opti
180,ht_chantry.map,planner,1,20633,16360,186,186,18047,16360,37,0,4,True,ht_chantry-random-20.scen,180,False,opti
180,ht_chantry.map,planner,1,20478,16360,186,186,18139,16360,10145,0,4,True,ht_chantry-random-20.scen,180,True,opti
180,ht_chantry.map,planner,1,20112,16360,187,186,17949,16360,71,0,16,True,ht_chantry-random-20.scen,180,False,opti
180,ht_chantry.map,planner,1,20410,16360,196,186,17952,16360,10649,0,16,True,ht_chantry-random-20.scen,180,True,opti
180,ht_chantry.map,planner,1,20565,16360,186,186,18025,16360,215,0,64,True,ht_chantry-random-20.scen,180,False,opti
180,ht_chantry.map,planner,1,20363,16360,187,186,17999,16360,10506,0,64,True,ht_chantry-random-20.scen,180,True,opti
260,ht_chantry.map,planner,1,31577,23789,196,190,27140,23789,26,0,0,False,ht_chantry-random-20.scen,260,False,
260,ht_chantry.map,planner,1,31471,23789,196,190,27136,23789,10558,0,0,False,ht_chantry-random-20.scen,260,True,
260,ht_chantry.map,planner,1,31577,23789,196,190,27140,23789,27,0,0,True,ht_chantry-random-20.scen,260,False,opti
260,ht_chantry.map,planner,1,31471,23789,196,190,27136,23789,10551,0,0,True,ht_chantry-random-20.scen,260,True,opti
260,ht_chantry.map,planner,1,30960,23789,190,190,26681,23789,75,0,4,True,ht_chantry-random-20.scen,260,False,opti
260,ht_chantry.map,planner,1,31360,23789,199,190,26856,23789,10051,0,4,True,ht_chantry-random-20.scen,260,True,opti
260,ht_chantry.map,planner,1,31115,23789,199,190,26915,23789,202,0,16,True,ht_chantry-random-20.scen,260,False,opti
260,ht_chantry.map,planner,1,31192,23789,196,190,26797,23789,10490,0,16,True,ht_chantry-random-20.scen,260,True,opti
260,ht_chantry.map,planner,1,31437,23789,192,190,26856,23789,593,0,64,True,ht_chantry-random-20.scen,260,False,opti
260,ht_chantry.map,planner,1,31069,23789,203,190,26745,23789,10377,0,64,True,ht_chantry-random-20.scen,260,True,opti
20,ht_chantry.map,planner,1,1792,1745,177,177,1752,1745,2,0,0,False,ht_chantry-random-15.scen,20,False,
20,ht_chantry.map,planner,1,1791,1745,177,177,1751,1745,10599,0,0,False,ht_chantry-random-15.scen,20,True,
20,ht_chantry.map,planner,1,1792,1745,177,177,1752,1745,2,0,0,True,ht_chantry-random-15.scen,20,False,opti
20,ht_chantry.map,planner,1,1791,1745,177,177,1751,1745,10619,0,0,True,ht_chantry-random-15.scen,20,True,opti
20,ht_chantry.map,planner,1,1792,1745,177,177,1752,1745,2,0,4,True,ht_chantry-random-15.scen,20,False,opti
20,ht_chantry.map,planner,1,1791,1745,177,177,1751,1745,10595,0,4,True,ht_chantry-random-15.scen,20,True,opti
20,ht_chantry.map,planner,1,1792,1745,177,177,1752,1745,2,0,16,True,ht_chantry-random-15.scen,20,False,opti
20,ht_chantry.map,planner,1,1791,1745,177,177,1751,1745,10600,0,16,True,ht_chantry-random-15.scen,20,True,opti
20,ht_chantry.map,planner,1,1792,1745,177,177,1752,1745,2,0,64,True,ht_chantry-random-15.scen,20,False,opti
20,ht_chantry.map,planner,1,1791,1745,177,177,1751,1745,10602,0,64,True,ht_chantry-random-15.scen,20,True,opti
100,ht_chantry.map,planner,1,10901,8999,189,182,9502,8999,10,0,0,False,ht_chantry-random-15.scen,100,False,
100,ht_chantry.map,planner,1,10462,8999,186,182,9478,8999,10196,0,0,False,ht_chantry-random-15.scen,100,True,
100,ht_chantry.map,planner,1,10901,8999,189,182,9502,8999,10,0,0,True,ht_chantry-random-15.scen,100,False,opti
100,ht_chantry.map,planner,1,10462,8999,186,182,9478,8999,10193,0,0,True,ht_chantry-random-15.scen,100,True,opti
100,ht_chantry.map,planner,1,10358,8999,186,182,9424,8999,10,0,4,True,ht_chantry-random-15.scen,100,False,opti
100,ht_chantry.map,planner,1,10358,8999,186,182,9424,8999,11204,0,4,True,ht_chantry-random-15.scen,100,True,opti
100,ht_chantry.map,planner,1,10358,8999,186,182,9424,8999,10,0,16,True,ht_chantry-random-15.scen,100,False,opti
100,ht_chantry.map,planner,1,10358,8999,186,182,9424,8999,11173,0,16,True,ht_chantry-random-15.scen,100,True,opti
100,ht_chantry.map,planner,1,10358,8999,186,182,9424,8999,10,0,64,True,ht_chantry-random-15.scen,100,False,opti
100,ht_chantry.map,planner,1,10358,8999,186,182,9424,8999,11172,0,64,True,ht_chantry-random-15.scen,100,True,opti
180,ht_chantry.map,planner,1,21610,17241,189,189,18943,17241,18,0,0,False,ht_chantry-random-15.scen,180,False,
180,ht_chantry.map,planner,1,21459,17241,191,189,18769,17241,10792,0,0,False,ht_chantry-random-15.scen,180,True,
180,ht_chantry.map,planner,1,21610,17241,189,189,18943,17241,18,0,0,True,ht_chantry-random-15.scen,180,False,opti
180,ht_chantry.map,planner,1,21459,17241,191,189,18769,17241,10780,0,0,True,ht_chantry-random-15.scen,180,True,opti
180,ht_chantry.map,planner,1,21590,17241,189,189,18733,17241,27,0,4,True,ht_chantry-random-15.scen,180,False,opti
180,ht_chantry.map,planner,1,21174,17241,189,189,18651,17241,10587,0,4,True,ht_chantry-random-15.scen,180,True,opti
180,ht_chantry.map,planner,1,21456,17241,193,189,18675,17241,28,0,16,True,ht_chantry-random-15.scen,180,False,opti
180,ht_chantry.map,planner,1,21167,17241,190,189,18633,17241,10089,0,16,True,ht_chantry-random-15.scen,180,True,opti
180,ht_chantry.map,planner,1,21055,17241,191,189,18686,17241,41,0,64,True,ht_chantry-random-15.scen,180,False,opti
180,ht_chantry.map,planner,1,21339,17241,192,189,18618,17241,10816,0,64,True,ht_chantry-random-15.scen,180,True,opti
260,ht_chantry.map,planner,1,32502,24599,201,189,27856,24599,30,0,0,False,ht_chantry-random-15.scen,260,False,
260,ht_chantry.map,planner,1,32213,24599,217,189,27570,24599,10380,0,0,False,ht_chantry-random-15.scen,260,True,
260,ht_chantry.map,planner,1,32502,24599,201,189,27856,24599,29,0,0,True,ht_chantry-random-15.scen,260,False,opti
260,ht_chantry.map,planner,1,32213,24599,217,189,27570,24599,10418,0,0,True,ht_chantry-random-15.scen,260,True,opti
260,ht_chantry.map,planner,1,32072,24599,193,189,27316,24599,65,0,4,True,ht_chantry-random-15.scen,260,False,opti
260,ht_chantry.map,planner,1,32072,24599,192,189,27350,24599,10089,0,4,True,ht_chantry-random-15.scen,260,True,opti
260,ht_chantry.map,planner,1,32573,24599,191,189,27391,24599,148,0,16,True,ht_chantry-random-15.scen,260,False,opti
260,ht_chantry.map,planner,1,31732,24599,191,189,27157,24599,10526,0,16,True,ht_chantry-random-15.scen,260,True,opti
260,ht_chantry.map,planner,1,32239,24599,193,189,27307,24599,553,0,64,True,ht_chantry-random-15.scen,260,False,opti
260,ht_chantry.map,planner,1,32263,24599,191,189,27203,24599,10507,0,64,True,ht_chantry-random-15.scen,260,True,opti
20,ht_chantry.map,planner,1,2175,2055,197,197,2096,2055,2,0,0,False,ht_chantry-random-22.scen,20,False,
20,ht_chantry.map,planner,1,2115,2055,199,197,2080,2055,10766,0,0,False,ht_chantry-random-22.scen,20,True,
20,ht_chantry.map,planner,1,2175,2055,197,197,2096,2055,2,0,0,True,ht_chantry-random-22.scen,20,False,opti
20,ht_chantry.map,planner,1,2115,2055,199,197,2080,2055,10767,0,0,True,ht_chantry-random-22.scen,20,True,opti
20,ht_chantry.map,planner,1,2175,2055,197,197,2096,2055,2,0,4,True,ht_chantry-random-22.scen,20,False,opti
20,ht_chantry.map,planner,1,2115,2055,199,197,2080,2055,10759,0,4,True,ht_chantry-random-22.scen,20,True,opti
20,ht_chantry.map,planner,1,2175,2055,197,197,2096,2055,2,0,16,True,ht_chantry-random-22.scen,20,False,opti
20,ht_chantry.map,planner,1,2115,2055,199,197,2080,2055,10762,0,16,True,ht_chantry-random-22.scen,20,True,opti
20,ht_chantry.map,planner,1,2175,2055,197,197,2096,2055,2,0,64,True,ht_chantry-random-22.scen,20,False,opti
20,ht_chantry.map,planner,1,2116,2055,197,197,2084,2055,10719,0,64,True,ht_chantry-random-22.scen,20,True,opti
100,ht_chantry.map,planner,1,11626,9727,198,198,10381,9727,11,0,0,False,ht_chantry-random-22.scen,100,False,
100,ht_chantry.map,planner,1,11626,9727,198,198,10381,9727,10546,0,0,False,ht_chantry-random-22.scen,100,True,
100,ht_chantry.map,planner,1,11626,9727,198,198,10381,9727,10,0,0,True,ht_chantry-random-22.scen,100,False,opti
100,ht_chantry.map,planner,1,11626,9727,198,198,10381,9727,10584,0,0,True,ht_chantry-random-22.scen,100,True,opti
100,ht_chantry.map,planner,1,11599,9727,202,198,10451,9727,11,0,4,True,ht_chantry-random-22.scen,100,False,opti
100,ht_chantry.map,planner,1,11524,9727,207,198,10346,9727,11193,0,4,True,ht_chantry-random-22.scen,100,True,opti
100,ht_chantry.map,planner,1,11599,9727,202,198,10451,9727,10,0,16,True,ht_chantry-random-22.scen,100,False,opti
100,ht_chantry.map,planner,1,11524,9727,207,198,10346,9727,11248,0,16,True,ht_chantry-random-22.scen,100,True,opti
100,ht_chantry.map,planner,1,11599,9727,202,198,10451,9727,10,0,64,True,ht_chantry-random-22.scen,100,False,opti
100,ht_chantry.map,planner,1,11524,9727,207,198,10346,9727,11332,0,64,True,ht_chantry-random-22.scen,100,True,opti
180,ht_chantry.map,planner,1,21790,17534,198,198,19461,17534,20,0,0,False,ht_chantry-random-22.scen,180,False,
180,ht_chantry.map,planner,1,21600,17534,199,198,19223,17534,10635,0,0,False,ht_chantry-random-22.scen,180,True,
180,ht_chantry.map,planner,1,21790,17534,198,198,19461,17534,18,0,0,True,ht_chantry-random-22.scen,180,False,opti
180,ht_chantry.map,planner,1,21600,17534,199,198,19223,17534,10584,0,0,True,ht_chantry-random-22.scen,180,True,opti
180,ht_chantry.map,planner,1,21392,17534,206,198,19204,17534,25,0,4,True,ht_chantry-random-22.scen,180,False,opti
180,ht_chantry.map,planner,1,21453,17534,204,198,19189,17534,10288,0,4,True,ht_chantry-random-22.scen,180,True,opti
180,ht_chantry.map,planner,1,21770,17534,207,198,19162,17534,63,0,16,True,ht_chantry-random-22.scen,180,False,opti
180,ht_chantry.map,planner,1,21611,17534,199,198,19229,17534,10820,0,16,True,ht_chantry-random-22.scen,180,True,opti
180,ht_chantry.map,planner,1,21198,17534,207,198,19062,17534,136,0,64,True,ht_chantry-random-22.scen,180,False,opti
180,ht_chantry.map,planner,1,21784,17534,203,198,19110,17534,10579,0,64,True,ht_chantry-random-22.scen,180,True,opti
260,ht_chantry.map,planner,1,32429,24670,214,200,27910,24670,31,0,0,False,ht_chantry-random-22.scen,260,False,
260,ht_chantry.map,planner,1,32429,24670,214,200,27910,24670,10516,0,0,False,ht_chantry-random-22.scen,260,True,
260,ht_chantry.map,planner,1,32429,24670,214,200,27910,24670,29,0,0,True,ht_chantry-random-22.scen,260,False,opti
260,ht_chantry.map,planner,1,32429,24670,214,200,27910,24670,10611,0,0,True,ht_chantry-random-22.scen,260,True,opti
260,ht_chantry.map,planner,1,32348,24670,202,200,27950,24670,71,0,4,True,ht_chantry-random-22.scen,260,False,opti
260,ht_chantry.map,planner,1,32297,24670,203,200,27770,24670,10365,0,4,True,ht_chantry-random-22.scen,260,True,opti
260,ht_chantry.map,planner,1,32745,24670,205,200,27996,24670,177,0,16,True,ht_chantry-random-22.scen,260,False,opti
260,ht_chantry.map,planner,1,31950,24670,201,200,27704,24670,10122,0,16,True,ht_chantry-random-22.scen,260,True,opti
260,ht_chantry.map,planner,1,32247,24670,200,200,27804,24670,472,0,64,True,ht_chantry-random-22.scen,260,False,opti
260,ht_chantry.map,planner,1,32255,24670,201,200,27704,24670,10162,0,64,True,ht_chantry-random-22.scen,260,True,opti
