agents,map_file,solver,solved,soc,soc_lb,makespan,makespan_lb,sum_of_loss,sum_of_loss_lb,comp_time,seed,Opti_Deadline,Bool_Opti,Scenario_File,N,opti_objective,functype
20,warehouse-10-20-10-2-1.map,planner,1,1705,1542,175,175,1652,1542,1,0,0,False,warehouse-10-20-10-2-1-random-16.scen,20,False,
20,warehouse-10-20-10-2-1.map,planner,1,1640,1542,175,175,1589,1542,10892,0,0,False,warehouse-10-20-10-2-1-random-16.scen,20,True,
20,warehouse-10-20-10-2-1.map,planner,1,1705,1542,175,175,1652,1542,1,0,0,True,warehouse-10-20-10-2-1-random-16.scen,20,False,opti
20,warehouse-10-20-10-2-1.map,planner,1,1640,1542,175,175,1589,1542,10880,0,0,True,warehouse-10-20-10-2-1-random-16.scen,20,True,opti
20,warehouse-10-20-10-2-1.map,planner,1,1705,1542,175,175,1652,1542,1,0,4,True,warehouse-10-20-10-2-1-random-16.scen,20,False,opti
20,warehouse-10-20-10-2-1.map,planner,1,1640,1542,175,175,1589,1542,10913,0,4,True,warehouse-10-20-10-2-1-random-16.scen,20,True,opti
20,warehouse-10-20-10-2-1.map,planner,1,1705,1542,175,175,1652,1542,1,0,16,True,warehouse-10-20-10-2-1-random-16.scen,20,False,opti
20,warehouse-10-20-10-2-1.map,planner,1,1640,1542,175,175,1589,1542,10924,0,16,True,warehouse-10-20-10-2-1-random-16.scen,20,True,opti
20,warehouse-10-20-10-2-1.map,planner,1,1705,1542,175,175,1652,1542,1,0,64,True,warehouse-10-20-10-2-1-random-16.scen,20,False,opti
20,warehouse-10-20-10-2-1.map,planner,1,1640,1542,175,175,1589,1542,10909,0,64,True,warehouse-10-20-10-2-1-random-16.scen,20,True,opti
100,warehouse-10-20-10-2-1.map,planner,1,11841,8918,204,194,10401,8918,9,0,0,False,warehouse-10-20-10-2-1-random-16.scen,100,False,
100,warehouse-10-20-10-2-1.map,planner,1,11569,8918,196,194,10269,8918,10121,0,0,False,warehouse-10-20-10-2-1-random-16.scen,100,True,
100,warehouse-10-20-10-2-1.map,planner,1,11889,8918,215,194,10630,8918,77,0,0,True,warehouse-10-20-10-2-1-random-16.scen,100,False,opti
100,warehouse-10-20-10-2-1.map,planner,1,11810,8918,201,194,10492,8918,10196,0,0,True,warehouse-10-20-10-2-1-random-16.scen,100,True,opti
100,warehouse-10-20-10-2-1.map,planner,1,12709,8918,293,194,10776,8918,27,0,4,True,warehouse-10-20-10-2-1-random-16.scen,100,False,opti
100,warehouse-10-20-10-2-1.map,planner,1,11907,8918,195,194,10549,8918,10881,0,4,True,warehouse-10-20-10-2-1-random-16.scen,100,True,opti
100,warehouse-10-20-10-2-1.map,planner,1,12709,8918,293,194,10776,8918,27,0,16,True,warehouse-10-20-10-2-1-random-16.scen,100,False,opti
100,warehouse-10-20-10-2-1.map,planner,1,11907,8918,195,194,10549,8918,10885,0,16,True,warehouse-10-20-10-2-1-random-16.scen,100,True,opti
100,warehouse-10-20-10-2-1.map,planner,1,12709,8918,293,194,10776,8918,27,0,64,True,warehouse-10-20-10-2-1-random-16.scen,100,False,opti
100,warehouse-10-20-10-2-1.map,planner,1,11907,8918,195,194,10549,8918,10838,0,64,True,warehouse-10-20-10-2-1-random-16.scen,100,True,opti
180,warehouse-10-20-10-2-1.map,planner,1,20446,14584,194,194,17794,14584,17,0,0,False,warehouse-10-20-10-2-1-random-16.scen,180,False,
180,warehouse-10-20-10-2-1.map,planner,1,20444,14584,194,194,17792,14584,10099,0,0,False,warehouse-10-20-10-2-1-random-16.scen,180,True,
180,warehouse-10-20-10-2-1.map,planner,1,21531,14584,221,194,18908,14584,5404,0,0,True,warehouse-10-20-10-2-1-random-16.scen,180,False,opti
180,warehouse-10-20-10-2-1.map,planner,1,21531,14584,221,194,18908,14584,10315,0,0,True,warehouse-10-20-10-2-1-random-16.scen,180,True,opti
180,warehouse-10-20-10-2-1.map,planner,1,22647,14584,291,194,19605,14584,4256,0,4,True,warehouse-10-20-10-2-1-random-16.scen,180,False,opti
180,warehouse-10-20-10-2-1.map,planner,1,22366,14584,260,194,19121,14584,10290,0,4,True,warehouse-10-20-10-2-1-random-16.scen,180,True,opti
180,warehouse-10-20-10-2-1.map,planner,1,22647,14584,291,194,19605,14584,4297,0,16,True,warehouse-10-20-10-2-1-random-16.scen,180,False,opti
180,warehouse-10-20-10-2-1.map,planner,1,22366,14584,260,194,19121,14584,10294,0,16,True,warehouse-10-20-10-2-1-random-16.scen,180,True,opti
180,warehouse-10-20-10-2-1.map,planner,1,22647,14584,291,194,19605,14584,4281,0,64,True,warehouse-10-20-10-2-1-random-16.scen,180,False,opti
180,warehouse-10-20-10-2-1.map,planner,1,22366,14584,260,194,19121,14584,10297,0,64,True,warehouse-10-20-10-2-1-random-16.scen,180,True,opti
260,warehouse-10-20-10-2-1.map,planner,1,33583,20646,208,194,28133,20646,23,0,0,False,warehouse-10-20-10-2-1-random-16.scen,260,False,
260,warehouse-10-20-10-2-1.map,planner,1,33583,20646,208,194,28133,20646,10297,0,0,False,warehouse-10-20-10-2-1-random-16.scen,260,True,
260,warehouse-10-20-10-2-1.map,planner,1,34365,20646,231,194,29282,20646,1026,0,0,True,warehouse-10-20-10-2-1-random-16.scen,260,False,opti
260,warehouse-10-20-10-2-1.map,planner,1,34365,20646,231,194,29282,20646,10174,0,0,True,warehouse-10-20-10-2-1-random-16.scen,260,True,opti
260,warehouse-10-20-10-2-1.map,planner,0,0,20646,0,194,0,20646,10290,0,4,True,warehouse-10-20-10-2-1-random-16.scen,260,False,opti
260,warehouse-10-20-10-2-1.map,planner,0,0,20646,0,194,0,20646,10294,0,4,True,warehouse-10-20-10-2-1-random-16.scen,260,True,opti
260,warehouse-10-20-10-2-1.map,planner,0,0,20646,0,194,0,20646,10293,0,16,True,warehouse-10-20-10-2-1-random-16.scen,260,False,opti
260,warehouse-10-20-10-2-1.map,planner,0,0,20646,0,194,0,20646,10281,0,16,True,warehouse-10-20-10-2-1-random-16.scen,260,True,opti
260,warehouse-10-20-10-2-1.map,planner,0,0,20646,0,194,0,20646,10297,0,64,True,warehouse-10-20-10-2-1-random-16.scen,260,False,opti
260,warehouse-10-20-10-2-1.map,planner,0,0,20646,0,194,0,20646,10284,0,64,True,warehouse-10-20-10-2-1-random-16.scen,260,True,opti
20,warehouse-10-20-10-2-1.map,planner,1,1750,1552,185,185,1653,1552,1,0,0,False,warehouse-10-20-10-2-1-random-17.scen,20,False,
20,warehouse-10-20-10-2-1.map,planner,1,1556,1552,185,185,1556,1552,11089,0,0,False,warehouse-10-20-10-2-1-random-17.scen,20,True,
20,warehouse-10-20-10-2-1.map,planner,1,1750,1552,185,185,1653,1552,1,0,0,True,warehouse-10-20-10-2-1-random-17.scen,20,False,opti
20,warehouse-10-20-10-2-1.map,planner,1,1556,1552,185,185,1556,1552,11115,0,0,True,warehouse-10-20-10-2-1-random-17.scen,20,True,opti
20,warehouse-10-20-10-2-1.map,planner,1,1750,1552,185,185,1653,1552,1,0,4,True,warehouse-10-20-10-2-1-random-17.scen,20,False,opti
20,warehouse-10-20-10-2-1.map,planner,1,1556,1552,185,185,1556,1552,11089,0,4,True,warehouse-10-20-10-2-1-random-17.scen,20,True,opti
20,warehouse-10-20-10-2-1.map,planner,1,1750,1552,185,185,1653,1552,1,0,16,True,warehouse-10-20-10-2-1-random-17.scen,20,False,opti
20,warehouse-10-20-10-2-1.map,planner,1,1556,1552,185,185,1556,1552,11115,0,16,True,warehouse-10-20-10-2-1-random-17.scen,20,True,opti
20,warehouse-10-20-10-2-1.map,planner,1,1750,1552,185,185,1653,1552,2,0,64,True,warehouse-10-20-10-2-1-random-17.scen,20,False,opti
20,warehouse-10-20-10-2-1.map,planner,1,1556,1552,185,185,1556,1552,11106,0,64,True,warehouse-10-20-10-2-1-random-17.scen,20,True,opti
100,warehouse-10-20-10-2-1.map,planner,1,10945,8671,185,185,10151,8671,8,0,0,False,warehouse-10-20-10-2-1-random-17.scen,100,False,
100,warehouse-10-20-10-2-1.map,planner,1,10798,8671,200,185,9975,8671,10170,0,0,False,warehouse-10-20-10-2-1-random-17.scen,100,True,
100,warehouse-10-20-10-2-1.map,planner,1,11750,8671,236,185,10537,8671,847,0,0,True,warehouse-10-20-10-2-1-random-17.scen,100,False,opti
100,warehouse-10-20-10-2-1.map,planner,1,11614,8671,232,185,10527,8671,10206,0,0,True,warehouse-10-20-10-2-1-random-17.scen,100,True,opti
100,warehouse-10-20-10-2-1.map,planner,1,12008,8671,266,185,10887,8671,690,0,4,True,warehouse-10-20-10-2-1-random-17.scen,100,False,opti
100,warehouse-10-20-10-2-1.map,planner,1,11372,8671,310,185,10406,8671,10306,0,4,True,warehouse-10-20-10-2-1-random-17.scen,100,True,opti
100,warehouse-10-20-10-2-1.map,planner,1,12008,8671,266,185,10887,8671,680,0,16,True,warehouse-10-20-10-2-1-random-17.scen,100,False,opti
100,warehouse-10-20-10-2-1.map,planner,1,11577,8671,254,185,10596,8671,10369,0,16,True,warehouse-10-20-10-2-1-random-17.scen,100,True,opti
100,warehouse-10-20-10-2-1.map,planner,1,12008,8671,266,185,10887,8671,747,0,64,True,warehouse-10-20-10-2-1-random-17.scen,100,False,opti
100,warehouse-10-20-10-2-1.map,planner,1,11577,8671,254,185,10596,8671,10295,0,64,True,warehouse-10-20-10-2-1-random-17.scen,100,True,opti
180,warehouse-10-20-10-2-1.map,planner,1,20465,14387,252,185,17999,14387,17,0,0,False,warehouse-10-20-10-2-1-random-17.scen,180,False,
180,warehouse-10-20-10-2-1.map,planner,1,20465,14387,252,185,17999,14387,10320,0,0,False,warehouse-10-20-10-2-1-random-17.scen,180,True,
180,warehouse-10-20-10-2-1.map,planner,0,0,14387,0,185,0,14387,10486,0,0,True,warehouse-10-20-10-2-1-random-17.scen,180,False,opti
180,warehouse-10-20-10-2-1.map,planner,0,0,14387,0,185,0,14387,10472,0,0,True,warehouse-10-20-10-2-1-random-17.scen,180,True,opti
180,warehouse-10-20-10-2-1.map,planner,0,0,14387,0,185,0,14387,10471,0,4,True,warehouse-10-20-10-2-1-random-17.scen,180,False,opti
180,warehouse-10-20-10-2-1.map,planner,0,0,14387,0,185,0,14387,10470,0,4,True,warehouse-10-20-10-2-1-random-17.scen,180,True,opti
180,warehouse-10-20-10-2-1.map,planner,0,0,14387,0,185,0,14387,10465,0,16,True,warehouse-10-20-10-2-1-random-17.scen,180,False,opti
180,warehouse-10-20-10-2-1.map,planner,0,0,14387,0,185,0,14387,10453,0,16,True,warehouse-10-20-10-2-1-random-17.scen,180,True,opti
180,warehouse-10-20-10-2-1.map,planner,0,0,14387,0,185,0,14387,10480,0,64,True,warehouse-10-20-10-2-1-random-17.scen,180,False,opti
180,warehouse-10-20-10-2-1.map,planner,0,0,14387,0,185,0,14387,10460,0,64,True,warehouse-10-20-10-2-1-random-17.scen,180,True,opti
260,warehouse-10-20-10-2-1.map,planner,1,32556,20192,261,192,27982,20192,25,0,0,False,warehouse-10-20-10-2-1-random-17.scen,260,False,
260,warehouse-10-20-10-2-1.map,planner,1,31782,20192,269,192,27437,20192,10394,0,0,False,warehouse-10-20-10-2-1-random-17.scen,260,True,
260,warehouse-10-20-10-2-1.map,planner,0,0,20192,0,192,0,20192,10348,0,0,True,warehouse-10-20-10-2-1-random-17.scen,260,False,opti
260,warehouse-10-20-10-2-1.map,planner,0,0,20192,0,192,0,20192,10321,0,0,True,warehouse-10-20-10-2-1-random-17.scen,260,True,opti
260,warehouse-10-20-10-2-1.map,planner,0,0,20192,0,192,0,20192,10295,0,4,True,warehouse-10-20-10-2-1-random-17.scen,260,False,opti
260,warehouse-10-20-10-2-1.map,planner,0,0,20192,0,192,0,20192,10296,0,4,True,warehouse-10-20-10-2-1-random-17.scen,260,True,opti
260,warehouse-10-20-10-2-1.map,planner,0,0,20192,0,192,0,20192,10304,0,16,True,warehouse-10-20-10-2-1-random-17.scen,260,False,opti
260,warehouse-10-20-10-2-1.map,planner,0,0,20192,0,192,0,20192,10286,0,16,True,warehouse-10-20-10-2-1-random-17.scen,260,True,opti
260,warehouse-10-20-10-2-1.map,planner,0,0,20192,0,192,0,20192,10300,0,64,True,warehouse-10-20-10-2-1-random-17.scen,260,False,opti
260,warehouse-10-20-10-2-1.map,planner,0,0,20192,0,192,0,20192,10295,0,64,True,warehouse-10-20-10-2-1-random-17.scen,260,True,opti
20,warehouse-10-20-10-2-1.map,planner,1,1445,1369,167,167,1396,1369,1,0,0,False,warehouse-10-20-10-2-1-random-9.scen,20,False,
20,warehouse-10-20-10-2-1.map,planner,1,1371,1369,167,167,1371,1369,10933,0,0,False,warehouse-10-20-10-2-1-random-9.scen,20,True,
20,warehouse-10-20-10-2-1.map,planner,1,1445,1369,167,167,1396,1369,1,0,0,True,warehouse-10-20-10-2-1-random-9.scen,20,False,opti
20,warehouse-10-20-10-2-1.map,planner,1,1371,1369,167,167,1371,1369,10943,0,0,True,warehouse-10-20-10-2-1-random-9.scen,20,True,opti
20,warehouse-10-20-10-2-1.map,planner,1,1445,1369,167,167,1396,1369,1,0,4,True,warehouse-10-20-10-2-1-random-9.scen,20,False,opti
20,warehouse-10-20-10-2-1.map,planner,1,1371,1369,167,167,1371,1369,10936,0,4,True,warehouse-10-20-10-2-1-random-9.scen,20,True,opti
20,warehouse-10-20-10-2-1.map,planner,1,1445,1369,167,167,1396,1369,1,0,16,True,warehouse-10-20-10-2-1-random-9.scen,20,False,opti
20,warehouse-10-20-10-2-1.map,planner,1,1371,1369,167,167,1371,1369,10939,0,16,True,warehouse-10-20-10-2-1-random-9.scen,20,True,opti
20,warehouse-10-20-10-2-1.map,planner,1,1445,1369,167,167,1396,1369,1,0,64,True,warehouse-10-20-10-2-1-random-9.scen,20,False,opti
20,warehouse-10-20-10-2-1.map,planner,1,1371,1369,167,167,1371,1369,10930,0,64,True,warehouse-10-20-10-2-1-random-9.scen,20,True,opti
100,warehouse-10-20-10-2-1.map,planner,1,11156,8856,254,190,10206,8856,9,0,0,False,warehouse-10-20-10-2-1-random-9.scen,100,False,
100,warehouse-10-20-10-2-1.map,planner,1,11098,8856,204,190,10052,8856,10231,0,0,False,warehouse-10-20-10-2-1-random-9.scen,100,True,
100,warehouse-10-20-10-2-1.map,planner,1,11387,8856,196,190,10501,8856,29,0,0,True,warehouse-10-20-10-2-1-random-9.scen,100,False,opti
100,warehouse-10-20-10-2-1.map,planner,1,11104,8856,200,190,10197,8856,10331,0,0,True,warehouse-10-20-10-2-1-random-9.scen,100,True,opti
100,warehouse-10-20-10-2-1.map,planner,1,11753,8856,275,190,10603,8856,45,0,4,True,warehouse-10-20-10-2-1-random-9.scen,100,False,opti
100,warehouse-10-20-10-2-1.map,planner,1,11753,8856,275,190,10603,8856,10157,0,4,True,warehouse-10-20-10-2-1-random-9.scen,100,True,opti
100,warehouse-10-20-10-2-1.map,planner,1,11753,8856,275,190,10603,8856,41,0,16,True,warehouse-10-20-10-2-1-random-9.scen,100,False,opti
100,warehouse-10-20-10-2-1.map,planner,1,11753,8856,275,190,10603,8856,10169,0,16,True,warehouse-10-20-10-2-1-random-9.scen,100,True,opti
100,warehouse-10-20-10-2-1.map,planner,1,11753,8856,275,190,10603,8856,42,0,64,True,warehouse-10-20-10-2-1-random-9.scen,100,False,opti
100,warehouse-10-20-10-2-1.map,planner,1,11753,8856,275,190,10603,8856,10169,0,64,True,warehouse-10-20-10-2-1-random-9.scen,100,True,opti
180,warehouse-10-20-10-2-1.map,planner,1,21487,15038,272,190,19110,15038,18,0,0,False,warehouse-10-20-10-2-1-random-9.scen,180,False,
180,warehouse-10-20-10-2-1.map,planner,1,21487,15038,272,190,19110,15038,10118,0,0,False,warehouse-10-20-10-2-1-random-9.scen,180,True,
180,warehouse-10-20-10-2-1.map,planner,0,0,15038,0,190,0,15038,10447,0,0,True,warehouse-10-20-10-2-1-random-9.scen,180,False,opti
180,warehouse-10-20-10-2-1.map,planner,0,0,15038,0,190,0,15038,10424,0,0,True,warehouse-10-20-10-2-1-random-9.scen,180,True,opti
180,warehouse-10-20-10-2-1.map,planner,0,0,15038,0,190,0,15038,10471,0,4,True,warehouse-10-20-10-2-1-random-9.scen,180,False,opti
180,warehouse-10-20-10-2-1.map,planner,0,0,15038,0,190,0,15038,10453,0,4,True,warehouse-10-20-10-2-1-random-9.scen,180,True,opti
180,warehouse-10-20-10-2-1.map,planner,0,0,15038,0,190,0,15038,10461,0,16,True,warehouse-10-20-10-2-1-random-9.scen,180,False,opti
180,warehouse-10-20-10-2-1.map,planner,0,0,15038,0,190,0,15038,10441,0,16,True,warehouse-10-20-10-2-1-random-9.scen,180,True,opti
180,warehouse-10-20-10-2-1.map,planner,0,0,15038,0,190,0,15038,10469,0,64,True,warehouse-10-20-10-2-1-random-9.scen,180,False,opti
180,warehouse-10-20-10-2-1.map,planner,0,0,15038,0,190,0,15038,10431,0,64,True,warehouse-10-20-10-2-1-random-9.scen,180,True,opti
260,warehouse-10-20-10-2-1.map,planner,1,33674,21021,290,190,29224,21021,27,0,0,False,warehouse-10-20-10-2-1-random-9.scen,260,False,
260,warehouse-10-20-10-2-1.map,planner,1,32536,21021,259,190,28476,21021,10408,0,0,False,warehouse-10-20-10-2-1-random-9.scen,260,True,
260,warehouse-10-20-10-2-1.map,planner,0,0,21021,0,190,0,21021,10296,0,0,True,warehouse-10-20-10-2-1-random-9.scen,260,False,opti
260,warehouse-10-20-10-2-1.map,planner,0,0,21021,0,190,0,21021,10288,0,0,True,warehouse-10-20-10-2-1-random-9.scen,260,True,opti
260,warehouse-10-20-10-2-1.map,planner,0,0,21021,0,190,0,21021,10298,0,4,True,warehouse-10-20-10-2-1-random-9.scen,260,False,opti
260,warehouse-10-20-10-2-1.map,planner,0,0,21021,0,190,0,21021,10276,0,4,True,warehouse-10-20-10-2-1-random-9.scen,260,True,opti
260,warehouse-10-20-10-2-1.map,planner,0,0,21021,0,190,0,21021,10290,0,16,True,warehouse-10-20-10-2-1-random-9.scen,260,False,opti
260,warehouse-10-20-10-2-1.map,planner,0,0,21021,0,190,0,21021,10293,0,16,True,warehouse-10-20-10-2-1-random-9.scen,260,True,opti
260,warehouse-10-20-10-2-1.map,planner,0,0,21021,0,190,0,21021,10297,0,64,True,warehouse-10-20-10-2-1-random-9.scen,260,False,opti
260,warehouse-10-20-10-2-1.map,planner,0,0,21021,0,190,0,21021,10283,0,64,True,warehouse-10-20-10-2-1-random-9.scen,260,True,opti
20,warehouse-10-20-10-2-1.map,planner,1,2073,1816,186,176,1938,1816,2,0,0,False,warehouse-10-20-10-2-1-random-15.scen,20,False,
20,warehouse-10-20-10-2-1.map,planner,1,1816,1816,176,176,1816,1816,4310,0,0,False,warehouse-10-20-10-2-1-random-15.scen,20,True,
20,warehouse-10-20-10-2-1.map,planner,1,2079,1816,188,176,1944,1816,2,0,0,True,warehouse-10-20-10-2-1-random-15.scen,20,False,opti
20,warehouse-10-20-10-2-1.map,planner,1,1818,1816,176,176,1818,1816,10968,0,0,True,warehouse-10-20-10-2-1-random-15.scen,20,True,opti
20,warehouse-10-20-10-2-1.map,planner,1,2079,1816,188,176,1944,1816,2,0,4,True,warehouse-10-20-10-2-1-random-15.scen,20,False,opti
20,warehouse-10-20-10-2-1.map,planner,1,1829,1816,178,176,1829,1816,10578,0,4,True,warehouse-10-20-10-2-1-random-15.scen,20,True,opti
20,warehouse-10-20-10-2-1.map,planner,1,2079,1816,188,176,1944,1816,1,0,16,True,warehouse-10-20-10-2-1-random-15.scen,20,False,opti
20,warehouse-10-20-10-2-1.map,planner,1,1829,1816,178,176,1829,1816,10603,0,16,True,warehouse-10-20-10-2-1-random-15.scen,20,True,opti
20,warehouse-10-20-10-2-1.map,planner,1,2079,1816,188,176,1944,1816,1,0,64,True,warehouse-10-20-10-2-1-random-15.scen,20,False,opti
20,warehouse-10-20-10-2-1.map,planner,1,1829,1816,178,176,1829,1816,10599,0,64,True,warehouse-10-20-10-2-1-random-15.scen,20,True,opti
100,warehouse-10-20-10-2-1.map,planner,1,11248,8619,193,193,10161,8619,8,0,0,False,warehouse-10-20-10-2-1-random-15.scen,100,False,
100,warehouse-10-20-10-2-1.map,planner,1,11479,8619,194,193,9988,8619,10094,0,0,False,warehouse-10-20-10-2-1-random-15.scen,100,True,
100,warehouse-10-20-10-2-1.map,planner,1,11613,8619,233,193,10427,8619,9,0,0,True,warehouse-10-20-10-2-1-random-15.scen,100,False,opti
100,warehouse-10-20-10-2-1.map,planner,1,11613,8619,233,193,10427,8619,10084,0,0,True,warehouse-10-20-10-2-1-random-15.scen,100,True,opti
100,warehouse-10-20-10-2-1.map,planner,1,11386,8619,198,193,10120,8619,24,0,4,True,warehouse-10-20-10-2-1-random-15.scen,100,False,opti
100,warehouse-10-20-10-2-1.map,planner,1,11112,8619,199,193,9887,8619,10305,0,4,True,warehouse-10-20-10-2-1-random-15.scen,100,True,opti
100,warehouse-10-20-10-2-1.map,planner,1,11386,8619,198,193,10120,8619,24,0,16,True,warehouse-10-20-10-2-1-random-15.scen,100,False,opti
100,warehouse-10-20-10-2-1.map,planner,1,11112,8619,199,193,9887,8619,10301,0,16,True,warehouse-10-20-10-2-1-random-15.scen,100,True,opti
100,warehouse-10-20-10-2-1.map,planner,1,11386,8619,198,193,10120,8619,24,0,64,True,warehouse-10-20-10-2-1-random-15.scen,100,False,opti
100,warehouse-10-20-10-2-1.map,planner,1,11112,8619,199,193,9887,8619,10307,0,64,True,warehouse-10-20-10-2-1-random-15.scen,100,True,opti
180,warehouse-10-20-10-2-1.map,planner,1,21709,14572,214,193,18924,14572,16,0,0,False,warehouse-10-20-10-2-1-random-15.scen,180,False,
180,warehouse-10-20-10-2-1.map,planner,1,21495,14572,198,193,18464,14572,10154,0,0,False,warehouse-10-20-10-2-1-random-15.scen,180,True,
180,warehouse-10-20-10-2-1.map,planner,1,21989,14572,238,193,19244,14572,1223,0,0,True,warehouse-10-20-10-2-1-random-15.scen,180,False,opti
180,warehouse-10-20-10-2-1.map,planner,1,21989,14572,238,193,19244,14572,10180,0,0,True,warehouse-10-20-10-2-1-random-15.scen,180,True,opti
180,warehouse-10-20-10-2-1.map,planner,0,0,14572,0,193,0,14572,10456,0,4,True,warehouse-10-20-10-2-1-random-15.scen,180,False,opti
180,warehouse-10-20-10-2-1.map,planner,1,23201,14572,301,193,20256,14572,10378,0,4,True,warehouse-10-20-10-2-1-random-15.scen,180,True,opti
180,warehouse-10-20-10-2-1.map,planner,1,25024,14572,331,193,20714,14572,1869,0,16,True,warehouse-10-20-10-2-1-random-15.scen,180,False,opti
180,warehouse-10-20-10-2-1.map,planner,1,25024,14572,331,193,20714,14572,10228,0,16,True,warehouse-10-20-10-2-1-random-15.scen,180,True,opti
180,warehouse-10-20-10-2-1.map,planner,1,25024,14572,331,193,20714,14572,1868,0,64,True,warehouse-10-20-10-2-1-random-15.scen,180,False,opti
180,warehouse-10-20-10-2-1.map,planner,1,25024,14572,331,193,20714,14572,10271,0,64,True,warehouse-10-20-10-2-1-random-15.scen,180,True,opti
260,warehouse-10-20-10-2-1.map,planner,1,33998,20681,264,193,29377,20681,27,0,0,False,warehouse-10-20-10-2-1-random-15.scen,260,False,
260,warehouse-10-20-10-2-1.map,planner,1,33821,20681,233,193,28803,20681,10468,0,0,False,warehouse-10-20-10-2-1-random-15.scen,260,True,
260,warehouse-10-20-10-2-1.map,planner,0,0,20681,0,193,0,20681,10321,0,0,True,warehouse-10-20-10-2-1-random-15.scen,260,False,opti
260,warehouse-10-20-10-2-1.map,planner,0,0,20681,0,193,0,20681,10312,0,0,True,warehouse-10-20-10-2-1-random-15.scen,260,True,opti
260,warehouse-10-20-10-2-1.map,planner,0,0,20681,0,193,0,20681,10274,0,4,True,warehouse-10-20-10-2-1-random-15.scen,260,False,opti
260,warehouse-10-20-10-2-1.map,planner,0,0,20681,0,193,0,20681,10265,0,4,True,warehouse-10-20-10-2-1-random-15.scen,260,True,opti
260,warehouse-10-20-10-2-1.map,planner,0,0,20681,0,193,0,20681,10263,0,16,True,warehouse-10-20-10-2-1-random-15.scen,260,False,opti
260,warehouse-10-20-10-2-1.map,planner,0,0,20681,0,193,0,20681,10259,0,16,True,warehouse-10-20-10-2-1-random-15.scen,260,True,opti
260,warehouse-10-20-10-2-1.map,planner,0,0,20681,0,193,0,20681,10270,0,64,True,warehouse-10-20-10-2-1-random-15.scen,260,False,opti
260,warehouse-10-20-10-2-1.map,planner,0,0,20681,0,193,0,20681,10244,0,64,True,warehouse-10-20-10-2-1-random-15.scen,260,True,opti
20,warehouse-10-20-10-2-1.map,planner,1,1800,1618,172,172,1715,1618,1,0,0,False,warehouse-10-20-10-2-1-random-12.scen,20,False,
20,warehouse-10-20-10-2-1.map,planner,1,1721,1618,172,172,1641,1618,10866,0,0,False,warehouse-10-20-10-2-1-random-12.scen,20,True,
20,warehouse-10-20-10-2-1.map,planner,1,1800,1618,172,172,1715,1618,1,0,0,True,warehouse-10-20-10-2-1-random-12.scen,20,False,opti
20,warehouse-10-20-10-2-1.map,planner,1,1721,1618,172,172,1641,1618,10822,0,0,True,warehouse-10-20-10-2-1-random-12.scen,20,True,opti
20,warehouse-10-20-10-2-1.map,planner,1,1800,1618,172,172,1715,1618,1,0,4,True,warehouse-10-20-10-2-1-random-12.scen,20,False,opti
20,warehouse-10-20-10-2-1.map,planner,1,1722,1618,173,172,1642,1618,10886,0,4,True,warehouse-10-20-10-2-1-random-12.scen,20,True,opti
20,warehouse-10-20-10-2-1.map,planner,1,1800,1618,172,172,1715,1618,1,0,16,True,warehouse-10-20-10-2-1-random-12.scen,20,False,opti
20,warehouse-10-20-10-2-1.map,planner,1,1722,1618,173,172,1642,1618,10896,0,16,True,warehouse-10-20-10-2-1-random-12.scen,20,True,opti
20,warehouse-10-20-10-2-1.map,planner,1,1800,1618,172,172,1715,1618,1,0,64,True,warehouse-10-20-10-2-1-random-12.scen,20,False,opti
20,warehouse-10-20-10-2-1.map,planner,1,1722,1618,173,172,1642,1618,10893,0,64,True,warehouse-10-20-10-2-1-random-12.scen,20,True,opti
100,warehouse-10-20-10-2-1.map,planner,1,11013,8269,210,182,9961,8269,8,0,0,False,warehouse-10-20-10-2-1-random-12.scen,100,False,
100,warehouse-10-20-10-2-1.map,planner,1,10687,8269,199,182,9609,8269,10165,0,0,False,warehouse-10-20-10-2-1-random-12.scen,100,True,
100,warehouse-10-20-10-2-1.map,planner,1,11114,8269,220,182,10005,8269,8,0,0,True,warehouse-10-20-10-2-1-random-12.scen,100,False,opti
100,warehouse-10-20-10-2-1.map,planner,1,11055,8269,217,182,9936,8269,10157,0,0,True,warehouse-10-20-10-2-1-random-12.scen,100,True,opti
100,warehouse-10-20-10-2-1.map,planner,1,11080,8269,222,182,10098,8269,31,0,4,True,warehouse-10-20-10-2-1-random-12.scen,100,False,opti
100,warehouse-10-20-10-2-1.map,planner,1,11145,8269,262,182,9985,8269,10248,0,4,True,warehouse-10-20-10-2-1-random-12.scen,100,True,opti
100,warehouse-10-20-10-2-1.map,planner,1,11080,8269,222,182,10098,8269,31,0,16,True,warehouse-10-20-10-2-1-random-12.scen,100,False,opti
100,warehouse-10-20-10-2-1.map,planner,1,11145,8269,262,182,9985,8269,10222,0,16,True,warehouse-10-20-10-2-1-random-12.scen,100,True,opti
100,warehouse-10-20-10-2-1.map,planner,1,11080,8269,222,182,10098,8269,31,0,64,True,warehouse-10-20-10-2-1-random-12.scen,100,False,opti
100,warehouse-10-20-10-2-1.map,planner,1,11145,8269,262,182,9985,8269,10216,0,64,True,warehouse-10-20-10-2-1-random-12.scen,100,True,opti
180,warehouse-10-20-10-2-1.map,planner,1,20696,14169,203,182,17908,14169,15,0,0,False,warehouse-10-20-10-2-1-random-12.scen,180,False,
180,warehouse-10-20-10-2-1.map,planner,1,20696,14169,203,182,17908,14169,10258,0,0,False,warehouse-10-20-10-2-1-random-12.scen,180,True,
180,warehouse-10-20-10-2-1.map,planner,1,20638,14169,230,182,18358,14169,1879,0,0,True,warehouse-10-20-10-2-1-random-12.scen,180,False,opti
180,warehouse-10-20-10-2-1.map,planner,1,20760,14169,232,182,18328,14169,10237,0,0,True,warehouse-10-20-10-2-1-random-12.scen,180,True,opti
180,warehouse-10-20-10-2-1.map,planner,1,20882,14169,253,182,18679,14169,6129,0,4,True,warehouse-10-20-10-2-1-random-12.scen,180,False,opti
180,warehouse-10-20-10-2-1.map,planner,1,20993,14169,258,182,18566,14169,10360,0,4,True,warehouse-10-20-10-2-1-random-12.scen,180,True,opti
180,warehouse-10-20-10-2-1.map,planner,1,20882,14169,253,182,18679,14169,6061,0,16,True,warehouse-10-20-10-2-1-random-12.scen,180,False,opti
180,warehouse-10-20-10-2-1.map,planner,1,20993,14169,258,182,18566,14169,10489,0,16,True,warehouse-10-20-10-2-1-random-12.scen,180,True,opti
180,warehouse-10-20-10-2-1.map,planner,1,20882,14169,253,182,18679,14169,6072,0,64,True,warehouse-10-20-10-2-1-random-12.scen,180,False,opti
180,warehouse-10-20-10-2-1.map,planner,1,20993,14169,258,182,18566,14169,10351,0,64,True,warehouse-10-20-10-2-1-random-12.scen,180,True,opti
260,warehouse-10-20-10-2-1.map,planner,1,33784,20303,215,215,28577,20303,24,0,0,False,warehouse-10-20-10-2-1-random-12.scen,260,False,
260,warehouse-10-20-10-2-1.map,planner,1,32645,20303,247,215,27901,20303,10091,0,0,False,warehouse-10-20-10-2-1-random-12.scen,260,True,
260,warehouse-10-20-10-2-1.map,planner,0,0,20303,0,215,0,20303,10339,0,0,True,warehouse-10-20-10-2-1-random-12.scen,260,False,opti
260,warehouse-10-20-10-2-1.map,planner,0,0,20303,0,215,0,20303,10321,0,0,True,warehouse-10-20-10-2-1-random-12.scen,260,True,opti
260,warehouse-10-20-10-2-1.map,planner,0,0,20303,0,215,0,20303,10280,0,4,True,warehouse-10-20-10-2-1-random-12.scen,260,False,opti
260,warehouse-10-20-10-2-1.map,planner,0,0,20303,0,215,0,20303,10290,0,4,True,warehouse-10-20-10-2-1-random-12.scen,260,True,opti
260,warehouse-10-20-10-2-1.map,planner,0,0,20303,0,215,0,20303,10287,0,16,True,warehouse-10-20-10-2-1-random-12.scen,260,False,opti
260,warehouse-10-20-10-2-1.map,planner,0,0,20303,0,215,0,20303,10289,0,16,True,warehouse-10-20-10-2-1-random-12.scen,260,True,opti
260,warehouse-10-20-10-2-1.map,planner,0,0,20303,0,215,0,20303,10289,0,64,True,warehouse-10-20-10-2-1-random-12.scen,260,False,opti
260,warehouse-10-20-10-2-1.map,planner,0,0,20303,0,215,0,20303,10262,0,64,True,warehouse-10-20-10-2-1-random-12.scen,260,True,opti
20,warehouse-10-20-10-2-1.map,planner,1,1664,1650,178,178,1664,1650,1,0,0,False,warehouse-10-20-10-2-1-random-13.scen,20,False,
20,warehouse-10-20-10-2-1.map,planner,1,1651,1650,179,178,1651,1650,10839,0,0,False,warehouse-10-20-10-2-1-random-13.scen,20,True,
20,warehouse-10-20-10-2-1.map,planner,1,1664,1650,178,178,1664,1650,1,0,0,True,warehouse-10-20-10-2-1-random-13.scen,20,False,opti
20,warehouse-10-20-10-2-1.map,planner,1,1651,1650,179,178,1651,1650,10824,0,0,True,warehouse-10-20-10-2-1-random-13.scen,20,True,opti
20,warehouse-10-20-10-2-1.map,planner,1,1664,1650,178,178,1664,1650,1,0,4,True,warehouse-10-20-10-2-1-random-13.scen,20,False,opti
20,warehouse-10-20-10-2-1.map,planner,1,1652,1650,180,178,1652,1650,10801,0,4,True,warehouse-10-20-10-2-1-random-13.scen,20,True,opti
20,warehouse-10-20-10-2-1.map,planner,1,1664,1650,178,178,1664,1650,1,0,16,True,warehouse-10-20-10-2-1-random-13.scen,20,False,opti
20,warehouse-10-20-10-2-1.map,planner,1,1652,1650,180,178,1652,1650,10801,0,16,True,warehouse-10-20-10-2-1-random-13.scen,20,True,opti
20,warehouse-10-20-10-2-1.map,planner,1,1664,1650,178,178,1664,1650,1,0,64,True,warehouse-10-20-10-2-1-random-13.scen,20,False,opti
20,warehouse-10-20-10-2-1.map,planner,1,1652,1650,180,178,1652,1650,10811,0,64,True,warehouse-10-20-10-2-1-random-13.scen,20,True,opti
100,warehouse-10-20-10-2-1.map,planner,1,10883,8316,197,196,9747,8316,8,0,0,False,warehouse-10-20-10-2-1-random-13.scen,100,False,
100,warehouse-10-20-10-2-1.map,planner,1,10579,8316,197,196,9664,8316,10447,0,0,False,warehouse-10-20-10-2-1-random-13.scen,100,True,
100,warehouse-10-20-10-2-1.map,planner,1,11231,8316,218,196,10028,8316,724,0,0,True,warehouse-10-20-10-2-1-random-13.scen,100,False,opti
100,warehouse-10-20-10-2-1.map,planner,1,11231,8316,218,196,10028,8316,10259,0,0,True,warehouse-10-20-10-2-1-random-13.scen,100,True,opti
100,warehouse-10-20-10-2-1.map,planner,1,11318,8316,320,196,10101,8316,548,0,4,True,warehouse-10-20-10-2-1-random-13.scen,100,False,opti
100,warehouse-10-20-10-2-1.map,planner,1,10934,8316,197,196,9752,8316,10306,0,4,True,warehouse-10-20-10-2-1-random-13.scen,100,True,opti
100,warehouse-10-20-10-2-1.map,planner,1,11318,8316,320,196,10101,8316,578,0,16,True,warehouse-10-20-10-2-1-random-13.scen,100,False,opti
100,warehouse-10-20-10-2-1.map,planner,1,10934,8316,197,196,9752,8316,10396,0,16,True,warehouse-10-20-10-2-1-random-13.scen,100,True,opti
100,warehouse-10-20-10-2-1.map,planner,1,11318,8316,320,196,10101,8316,541,0,64,True,warehouse-10-20-10-2-1-random-13.scen,100,False,opti
100,warehouse-10-20-10-2-1.map,planner,1,10934,8316,197,196,9752,8316,10315,0,64,True,warehouse-10-20-10-2-1-random-13.scen,100,True,opti
180,warehouse-10-20-10-2-1.map,planner,1,21112,14647,204,196,18268,14647,16,0,0,False,warehouse-10-20-10-2-1-random-13.scen,180,False,
180,warehouse-10-20-10-2-1.map,planner,1,21255,14647,221,196,18148,14647,10153,0,0,False,warehouse-10-20-10-2-1-random-13.scen,180,True,
180,warehouse-10-20-10-2-1.map,planner,0,0,14647,0,196,0,14647,10448,0,0,True,warehouse-10-20-10-2-1-random-13.scen,180,False,opti
180,warehouse-10-20-10-2-1.map,planner,0,0,14647,0,196,0,14647,10418,0,0,True,warehouse-10-20-10-2-1-random-13.scen,180,True,opti
180,warehouse-10-20-10-2-1.map,planner,0,0,14647,0,196,0,14647,10453,0,4,True,warehouse-10-20-10-2-1-random-13.scen,180,False,opti
180,warehouse-10-20-10-2-1.map,planner,0,0,14647,0,196,0,14647,10442,0,4,True,warehouse-10-20-10-2-1-random-13.scen,180,True,opti
180,warehouse-10-20-10-2-1.map,planner,0,0,14647,0,196,0,14647,10467,0,16,True,warehouse-10-20-10-2-1-random-13.scen,180,False,opti
180,warehouse-10-20-10-2-1.map,planner,0,0,14647,0,196,0,14647,10445,0,16,True,warehouse-10-20-10-2-1-random-13.scen,180,True,opti
180,warehouse-10-20-10-2-1.map,planner,0,0,14647,0,196,0,14647,10461,0,64,True,warehouse-10-20-10-2-1-random-13.scen,180,False,opti
180,warehouse-10-20-10-2-1.map,planner,0,0,14647,0,196,0,14647,10452,0,64,True,warehouse-10-20-10-2-1-random-13.scen,180,True,opti
260,warehouse-10-20-10-2-1.map,planner,1,33907,20663,237,196,28432,20663,24,0,0,False,warehouse-10-20-10-2-1-random-13.scen,260,False,
260,warehouse-10-20-10-2-1.map,planner,1,33005,20663,205,196,28264,20663,10186,0,0,False,warehouse-10-20-10-2-1-random-13.scen,260,True,
260,warehouse-10-20-10-2-1.map,planner,0,0,20663,0,196,0,20663,10334,0,0,True,warehouse-10-20-10-2-1-random-13.scen,260,False,opti
260,warehouse-10-20-10-2-1.map,planner,0,0,20663,0,196,0,20663,10313,0,0,True,warehouse-10-20-10-2-1-random-13.scen,260,True,opti
260,warehouse-10-20-10-2-1.map,planner,0,0,20663,0,196,0,20663,10292,0,4,True,warehouse-10-20-10-2-1-random-13.scen,260,False,opti
260,warehouse-10-20-10-2-1.map,planner,0,0,20663,0,196,0,20663,10264,0,4,True,warehouse-10-20-10-2-1-random-13.scen,260,True,opti
260,warehouse-10-20-10-2-1.map,planner,0,0,20663,0,196,0,20663,10279,0,16,True,warehouse-10-20-10-2-1-random-13.scen,260,False,opti
260,warehouse-10-20-10-2-1.map,planner,0,0,20663,0,196,0,20663,10268,0,16,True,warehouse-10-20-10-2-1-random-13.scen,260,True,opti
260,warehouse-10-20-10-2-1.map,planner,0,0,20663,0,196,0,20663,10286,0,64,True,warehouse-10-20-10-2-1-random-13.scen,260,False,opti
260,warehouse-10-20-10-2-1.map,planner,0,0,20663,0,196,0,20663,10283,0,64,True,warehouse-10-20-10-2-1-random-13.scen,260,True,opti
20,warehouse-10-20-10-2-1.map,planner,1,1798,1654,179,179,1743,1654,1,0,0,False,warehouse-10-20-10-2-1-random-24.scen,20,False,
20,warehouse-10-20-10-2-1.map,planner,1,1726,1654,180,179,1704,1654,10938,0,0,False,warehouse-10-20-10-2-1-random-24.scen,20,True,
20,warehouse-10-20-10-2-1.map,planner,1,2003,1654,206,179,1987,1654,16,0,0,True,warehouse-10-20-10-2-1-random-24.scen,20,False,opti
20,warehouse-10-20-10-2-1.map,planner,1,1814,1654,179,179,1765,1654,10866,0,0,True,warehouse-10-20-10-2-1-random-24.scen,20,True,opti
20,warehouse-10-20-10-2-1.map,planner,1,2003,1654,206,179,1987,1654,16,0,4,True,warehouse-10-20-10-2-1-random-24.scen,20,False,opti
20,warehouse-10-20-10-2-1.map,planner,1,1820,1654,180,179,1793,1654,11104,0,4,True,warehouse-10-20-10-2-1-random-24.scen,20,True,opti
20,warehouse-10-20-10-2-1.map,planner,1,2003,1654,206,179,1987,1654,17,0,16,True,warehouse-10-20-10-2-1-random-24.scen,20,False,opti
20,warehouse-10-20-10-2-1.map,planner,1,1820,1654,180,179,1793,1654,11115,0,16,True,warehouse-10-20-10-2-1-random-24.scen,20,True,opti
20,warehouse-10-20-10-2-1.map,planner,1,2003,1654,206,179,1987,1654,16,0,64,True,warehouse-10-20-10-2-1-random-24.scen,20,False,opti
20,warehouse-10-20-10-2-1.map,planner,1,1820,1654,180,179,1793,1654,11091,0,64,True,warehouse-10-20-10-2-1-random-24.scen,20,True,opti
100,warehouse-10-20-10-2-1.map,planner,1,12283,9213,235,212,11053,9213,9,0,0,False,warehouse-10-20-10-2-1-random-24.scen,100,False,
100,warehouse-10-20-10-2-1.map,planner,1,11374,9213,212,212,10606,9213,10388,0,0,False,warehouse-10-20-10-2-1-random-24.scen,100,True,
100,warehouse-10-20-10-2-1.map,planner,1,12546,9213,234,212,11389,9213,28,0,0,True,warehouse-10-20-10-2-1-random-24.scen,100,False,opti
100,warehouse-10-20-10-2-1.map,planner,1,11802,9213,261,212,10853,9213,10368,0,0,True,warehouse-10-20-10-2-1-random-24.scen,100,True,opti
100,warehouse-10-20-10-2-1.map,planner,1,12348,9213,259,212,11342,9213,472,0,4,True,warehouse-10-20-10-2-1-random-24.scen,100,False,opti
100,warehouse-10-20-10-2-1.map,planner,1,12263,9213,265,212,11234,9213,10292,0,4,True,warehouse-10-20-10-2-1-random-24.scen,100,True,opti
100,warehouse-10-20-10-2-1.map,planner,1,12348,9213,259,212,11342,9213,474,0,16,True,warehouse-10-20-10-2-1-random-24.scen,100,False,opti
100,warehouse-10-20-10-2-1.map,planner,1,12024,9213,276,212,11034,9213,10320,0,16,True,warehouse-10-20-10-2-1-random-24.scen,100,True,opti
100,warehouse-10-20-10-2-1.map,planner,1,12348,9213,259,212,11342,9213,481,0,64,True,warehouse-10-20-10-2-1-random-24.scen,100,False,opti
100,warehouse-10-20-10-2-1.map,planner,1,12263,9213,265,212,11234,9213,10253,0,64,True,warehouse-10-20-10-2-1-random-24.scen,100,True,opti
180,warehouse-10-20-10-2-1.map,planner,1,23207,15474,232,212,20447,15474,16,0,0,False,warehouse-10-20-10-2-1-random-24.scen,180,False,
180,warehouse-10-20-10-2-1.map,planner,1,22217,15474,240,212,19790,15474,10313,0,0,False,warehouse-10-20-10-2-1-random-24.scen,180,True,
180,warehouse-10-20-10-2-1.map,planner,0,0,15474,0,212,0,15474,10493,0,0,True,warehouse-10-20-10-2-1-random-24.scen,180,False,opti
180,warehouse-10-20-10-2-1.map,planner,0,0,15474,0,212,0,15474,10480,0,0,True,warehouse-10-20-10-2-1-random-24.scen,180,True,opti
180,warehouse-10-20-10-2-1.map,planner,0,0,15474,0,212,0,15474,10477,0,4,True,warehouse-10-20-10-2-1-random-24.scen,180,False,opti
180,warehouse-10-20-10-2-1.map,planner,0,0,15474,0,212,0,15474,10481,0,4,True,warehouse-10-20-10-2-1-random-24.scen,180,True,opti
180,warehouse-10-20-10-2-1.map,planner,0,0,15474,0,212,0,15474,10480,0,16,True,warehouse-10-20-10-2-1-random-24.scen,180,False,opti
180,warehouse-10-20-10-2-1.map,planner,0,0,15474,0,212,0,15474,10479,0,16,True,warehouse-10-20-10-2-1-random-24.scen,180,True,opti
180,warehouse-10-20-10-2-1.map,planner,0,0,15474,0,212,0,15474,10489,0,64,True,warehouse-10-20-10-2-1-random-24.scen,180,False,opti
180,warehouse-10-20-10-2-1.map,planner,0,0,15474,0,212,0,15474,10475,0,64,True,warehouse-10-20-10-2-1-random-24.scen,180,True,opti
260,warehouse-10-20-10-2-1.map,planner,1,34639,21694,267,212,30511,21694,26,0,0,False,warehouse-10-20-10-2-1-random-24.scen,260,False,
260,warehouse-10-20-10-2-1.map,planner,1,34639,21694,267,212,30511,21694,10156,0,0,False,warehouse-10-20-10-2-1-random-24.scen,260,True,
260,warehouse-10-20-10-2-1.map,planner,0,0,21694,0,212,0,21694,10334,0,0,True,warehouse-10-20-10-2-1-random-24.scen,260,False,opti
260,warehouse-10-20-10-2-1.map,planner,0,0,21694,0,212,0,21694,10321,0,0,True,warehouse-10-20-10-2-1-random-24.scen,260,True,opti
260,warehouse-10-20-10-2-1.map,planner,0,0,21694,0,212,0,21694,10263,0,4,True,warehouse-10-20-10-2-1-random-24.scen,260,False,opti
260,warehouse-10-20-10-2-1.map,planner,0,0,21694,0,212,0,21694,10262,0,4,True,warehouse-10-20-10-2-1-random-24.scen,260,True,opti
260,warehouse-10-20-10-2-1.map,planner,0,0,21694,0,212,0,21694,10255,0,16,True,warehouse-10-20-10-2-1-random-24.scen,260,False,opti
260,warehouse-10-20-10-2-1.map,planner,0,0,21694,0,212,0,21694,10248,0,16,True,warehouse-10-20-10-2-1-random-24.scen,260,True,opti
260,warehouse-10-20-10-2-1.map,planner,0,0,21694,0,212,0,21694,10263,0,64,True,warehouse-10-20-10-2-1-random-24.scen,260,False,opti
260,warehouse-10-20-10-2-1.map,planner,0,0,21694,0,212,0,21694,10259,0,64,True,warehouse-10-20-10-2-1-random-24.scen,260,True,opti
20,warehouse-10-20-10-2-1.map,planner,1,1864,1640,162,162,1750,1640,1,0,0,False,warehouse-10-20-10-2-1-random-22.scen,20,False,
20,warehouse-10-20-10-2-1.map,planner,1,1643,1640,162,162,1643,1640,11031,0,0,False,warehouse-10-20-10-2-1-random-22.scen,20,True,
20,warehouse-10-20-10-2-1.map,planner,1,1864,1640,162,162,1750,1640,1,0,0,True,warehouse-10-20-10-2-1-random-22.scen,20,False,opti
20,warehouse-10-20-10-2-1.map,planner,1,1643,1640,162,162,1643,1640,11020,0,0,True,warehouse-10-20-10-2-1-random-22.scen,20,True,opti
20,warehouse-10-20-10-2-1.map,planner,1,1864,1640,162,162,1750,1640,1,0,4,True,warehouse-10-20-10-2-1-random-22.scen,20,False,opti
20,warehouse-10-20-10-2-1.map,planner,1,1643,1640,162,162,1643,1640,11038,0,4,True,warehouse-10-20-10-2-1-random-22.scen,20,True,opti
20,warehouse-10-20-10-2-1.map,planner,1,1864,1640,162,162,1750,1640,1,0,16,True,warehouse-10-20-10-2-1-random-22.scen,20,False,opti
20,warehouse-10-20-10-2-1.map,planner,1,1643,1640,162,162,1643,1640,11014,0,16,True,warehouse-10-20-10-2-1-random-22.scen,20,True,opti
20,warehouse-10-20-10-2-1.map,planner,1,1864,1640,162,162,1750,1640,1,0,64,True,warehouse-10-20-10-2-1-random-22.scen,20,False,opti
20,warehouse-10-20-10-2-1.map,planner,1,1643,1640,162,162,1643,1640,11020,0,64,True,warehouse-10-20-10-2-1-random-22.scen,20,True,opti
100,warehouse-10-20-10-2-1.map,planner,1,11521,8583,201,181,10192,8583,8,0,0,False,warehouse-10-20-10-2-1-random-22.scen,100,False,
100,warehouse-10-20-10-2-1.map,planner,1,11521,8583,201,181,10192,8583,10195,0,0,False,warehouse-10-20-10-2-1-random-22.scen,100,True,
100,warehouse-10-20-10-2-1.map,planner,1,12082,8583,216,181,10513,8583,201,0,0,True,warehouse-10-20-10-2-1-random-22.scen,100,False,opti
100,warehouse-10-20-10-2-1.map,planner,1,11377,8583,219,181,10070,8583,10160,0,0,True,warehouse-10-20-10-2-1-random-22.scen,100,True,opti
100,warehouse-10-20-10-2-1.map,planner,1,12034,8583,295,181,10578,8583,171,0,4,True,warehouse-10-20-10-2-1-random-22.scen,100,False,opti
100,warehouse-10-20-10-2-1.map,planner,1,11885,8583,292,181,10562,8583,10234,0,4,True,warehouse-10-20-10-2-1-random-22.scen,100,True,opti
100,warehouse-10-20-10-2-1.map,planner,1,12034,8583,295,181,10578,8583,175,0,16,True,warehouse-10-20-10-2-1-random-22.scen,100,False,opti
100,warehouse-10-20-10-2-1.map,planner,1,11885,8583,292,181,10562,8583,10243,0,16,True,warehouse-10-20-10-2-1-random-22.scen,100,True,opti
100,warehouse-10-20-10-2-1.map,planner,1,12034,8583,295,181,10578,8583,174,0,64,True,warehouse-10-20-10-2-1-random-22.scen,100,False,opti
100,warehouse-10-20-10-2-1.map,planner,1,11885,8583,292,181,10562,8583,10239,0,64,True,warehouse-10-20-10-2-1-random-22.scen,100,True,opti
180,warehouse-10-20-10-2-1.map,planner,1,21690,14498,237,181,19115,14498,17,0,0,False,warehouse-10-20-10-2-1-random-22.scen,180,False,
180,warehouse-10-20-10-2-1.map,planner,1,21384,14498,206,181,18876,14498,10215,0,0,False,warehouse-10-20-10-2-1-random-22.scen,180,True,
180,warehouse-10-20-10-2-1.map,planner,0,0,14498,0,181,0,14498,10469,0,0,True,warehouse-10-20-10-2-1-random-22.scen,180,False,opti
180,warehouse-10-20-10-2-1.map,planner,0,0,14498,0,181,0,14498,10422,0,0,True,warehouse-10-20-10-2-1-random-22.scen,180,True,opti
180,warehouse-10-20-10-2-1.map,planner,0,0,14498,0,181,0,14498,10469,0,4,True,warehouse-10-20-10-2-1-random-22.scen,180,False,opti
180,warehouse-10-20-10-2-1.map,planner,1,22225,14498,251,181,19492,14498,10439,0,4,True,warehouse-10-20-10-2-1-random-22.scen,180,True,opti
180,warehouse-10-20-10-2-1.map,planner,0,0,14498,0,181,0,14498,10466,0,16,True,warehouse-10-20-10-2-1-random-22.scen,180,False,opti
180,warehouse-10-20-10-2-1.map,planner,0,0,14498,0,181,0,14498,10446,0,16,True,warehouse-10-20-10-2-1-random-22.scen,180,True,opti
180,warehouse-10-20-10-2-1.map,planner,0,0,14498,0,181,0,14498,10424,0,64,True,warehouse-10-20-10-2-1-random-22.scen,180,False,opti
180,warehouse-10-20-10-2-1.map,planner,0,0,14498,0,181,0,14498,10444,0,64,True,warehouse-10-20-10-2-1-random-22.scen,180,True,opti
260,warehouse-10-20-10-2-1.map,planner,1,34095,20838,229,193,29244,20838,25,0,0,False,warehouse-10-20-10-2-1-random-22.scen,260,False,
260,warehouse-10-20-10-2-1.map,planner,1,34095,20838,229,193,29244,20838,10492,0,0,False,warehouse-10-20-10-2-1-random-22.scen,260,True,
260,warehouse-10-20-10-2-1.map,planner,0,0,20838,0,193,0,20838,10339,0,0,True,warehouse-10-20-10-2-1-random-22.scen,260,False,opti
260,warehouse-10-20-10-2-1.map,planner,0,0,20838,0,193,0,20838,10319,0,0,True,warehouse-10-20-10-2-1-random-22.scen,260,True,opti
260,warehouse-10-20-10-2-1.map,planner,0,0,20838,0,193,0,20838,10279,0,4,True,warehouse-10-20-10-2-1-random-22.scen,260,False,opti
260,warehouse-10-20-10-2-1.map,planner,0,0,20838,0,193,0,20838,10261,0,4,True,warehouse-10-20-10-2-1-random-22.scen,260,True,opti
260,warehouse-10-20-10-2-1.map,planner,0,0,20838,0,193,0,20838,10268,0,16,True,warehouse-10-20-10-2-1-random-22.scen,260,False,opti
260,warehouse-10-20-10-2-1.map,planner,0,0,20838,0,193,0,20838,10255,0,16,True,warehouse-10-20-10-2-1-random-22.scen,260,True,opti
260,warehouse-10-20-10-2-1.map,planner,0,0,20838,0,193,0,20838,10263,0,64,True,warehouse-10-20-10-2-1-random-22.scen,260,False,opti
260,warehouse-10-20-10-2-1.map,planner,0,0,20838,0,193,0,20838,10251,0,64,True,warehouse-10-20-10-2-1-random-22.scen,260,True,opti
20,warehouse-10-20-10-2-1.map,planner,1,1552,1491,167,167,1515,1491,1,0,0,False,warehouse-10-20-10-2-1-random-21.scen,20,False,
20,warehouse-10-20-10-2-1.map,planner,1,1491,1491,167,167,1491,1491,4117,0,0,False,warehouse-10-20-10-2-1-random-21.scen,20,True,
20,warehouse-10-20-10-2-1.map,planner,1,1552,1491,167,167,1515,1491,1,0,0,True,warehouse-10-20-10-2-1-random-21.scen,20,False,opti
20,warehouse-10-20-10-2-1.map,planner,1,1491,1491,167,167,1491,1491,4059,0,0,True,warehouse-10-20-10-2-1-random-21.scen,20,True,opti
20,warehouse-10-20-10-2-1.map,planner,1,1552,1491,167,167,1515,1491,1,0,4,True,warehouse-10-20-10-2-1-random-21.scen,20,False,opti
20,warehouse-10-20-10-2-1.map,planner,1,1491,1491,167,167,1491,1491,4070,0,4,True,warehouse-10-20-10-2-1-random-21.scen,20,True,opti
20,warehouse-10-20-10-2-1.map,planner,1,1552,1491,167,167,1515,1491,1,0,16,True,warehouse-10-20-10-2-1-random-21.scen,20,False,opti
20,warehouse-10-20-10-2-1.map,planner,1,1491,1491,167,167,1491,1491,4072,0,16,True,warehouse-10-20-10-2-1-random-21.scen,20,True,opti
20,warehouse-10-20-10-2-1.map,planner,1,1552,1491,167,167,1515,1491,1,0,64,True,warehouse-10-20-10-2-1-random-21.scen,20,False,opti
20,warehouse-10-20-10-2-1.map,planner,1,1491,1491,167,167,1491,1491,4091,0,64,True,warehouse-10-20-10-2-1-random-21.scen,20,True,opti
100,warehouse-10-20-10-2-1.map,planner,1,11232,8812,183,183,10383,8812,8,0,0,False,warehouse-10-20-10-2-1-random-21.scen,100,False,
100,warehouse-10-20-10-2-1.map,planner,1,11232,8812,183,183,10383,8812,10175,0,0,False,warehouse-10-20-10-2-1-random-21.scen,100,True,
100,warehouse-10-20-10-2-1.map,planner,1,11514,8812,223,183,10706,8812,323,0,0,True,warehouse-10-20-10-2-1-random-21.scen,100,False,opti
100,warehouse-10-20-10-2-1.map,planner,1,11310,8812,217,183,10357,8812,10167,0,0,True,warehouse-10-20-10-2-1-random-21.scen,100,True,opti
100,warehouse-10-20-10-2-1.map,planner,1,11802,8812,226,183,10681,8812,316,0,4,True,warehouse-10-20-10-2-1-random-21.scen,100,False,opti
100,warehouse-10-20-10-2-1.map,planner,1,11022,8812,206,183,10322,8812,10155,0,4,True,warehouse-10-20-10-2-1-random-21.scen,100,True,opti
100,warehouse-10-20-10-2-1.map,planner,1,11802,8812,226,183,10681,8812,316,0,16,True,warehouse-10-20-10-2-1-random-21.scen,100,False,opti
100,warehouse-10-20-10-2-1.map,planner,1,11022,8812,206,183,10322,8812,10157,0,16,True,warehouse-10-20-10-2-1-random-21.scen,100,True,opti
100,warehouse-10-20-10-2-1.map,planner,1,11802,8812,226,183,10681,8812,317,0,64,True,warehouse-10-20-10-2-1-random-21.scen,100,False,opti
100,warehouse-10-20-10-2-1.map,planner,1,11022,8812,206,183,10322,8812,10153,0,64,True,warehouse-10-20-10-2-1-random-21.scen,100,True,opti
180,warehouse-10-20-10-2-1.map,planner,1,22537,14534,244,183,19764,14534,17,0,0,False,warehouse-10-20-10-2-1-random-21.scen,180,False,
180,warehouse-10-20-10-2-1.map,planner,1,22071,14534,215,183,19299,14534,10193,0,0,False,warehouse-10-20-10-2-1-random-21.scen,180,True,
180,warehouse-10-20-10-2-1.map,planner,0,0,14534,0,183,0,14534,10475,0,0,True,warehouse-10-20-10-2-1-random-21.scen,180,False,opti
180,warehouse-10-20-10-2-1.map,planner,0,0,14534,0,183,0,14534,10462,0,0,True,warehouse-10-20-10-2-1-random-21.scen,180,True,opti
180,warehouse-10-20-10-2-1.map,planner,0,0,14534,0,183,0,14534,10425,0,4,True,warehouse-10-20-10-2-1-random-21.scen,180,False,opti
180,warehouse-10-20-10-2-1.map,planner,0,0,14534,0,183,0,14534,10423,0,4,True,warehouse-10-20-10-2-1-random-21.scen,180,True,opti
180,warehouse-10-20-10-2-1.map,planner,0,0,14534,0,183,0,14534,10429,0,16,True,warehouse-10-20-10-2-1-random-21.scen,180,False,opti
180,warehouse-10-20-10-2-1.map,planner,0,0,14534,0,183,0,14534,10419,0,16,True,warehouse-10-20-10-2-1-random-21.scen,180,True,opti
180,warehouse-10-20-10-2-1.map,planner,0,0,14534,0,183,0,14534,10426,0,64,True,warehouse-10-20-10-2-1-random-21.scen,180,False,opti
180,warehouse-10-20-10-2-1.map,planner,0,0,14534,0,183,0,14534,10408,0,64,True,warehouse-10-20-10-2-1-random-21.scen,180,True,opti
260,warehouse-10-20-10-2-1.map,planner,1,34614,20505,238,201,29592,20505,25,0,0,False,warehouse-10-20-10-2-1-random-21.scen,260,False,
260,warehouse-10-20-10-2-1.map,planner,1,34601,20505,238,201,29591,20505,10590,0,0,False,warehouse-10-20-10-2-1-random-21.scen,260,True,
260,warehouse-10-20-10-2-1.map,planner,0,0,20505,0,201,0,20505,10345,0,0,True,warehouse-10-20-10-2-1-random-21.scen,260,False,opti
260,warehouse-10-20-10-2-1.map,planner,0,0,20505,0,201,0,20505,10323,0,0,True,warehouse-10-20-10-2-1-random-21.scen,260,True,opti
260,warehouse-10-20-10-2-1.map,planner,0,0,20505,0,201,0,20505,10241,0,4,True,warehouse-10-20-10-2-1-random-21.scen,260,False,opti
260,warehouse-10-20-10-2-1.map,planner,0,0,20505,0,201,0,20505,10242,0,4,True,warehouse-10-20-10-2-1-random-21.scen,260,True,opti
260,warehouse-10-20-10-2-1.map,planner,0,0,20505,0,201,0,20505,10218,0,16,True,warehouse-10-20-10-2-1-random-21.scen,260,False,opti
260,warehouse-10-20-10-2-1.map,planner,0,0,20505,0,201,0,20505,10231,0,16,True,warehouse-10-20-10-2-1-random-21.scen,260,True,opti
260,warehouse-10-20-10-2-1.map,planner,0,0,20505,0,201,0,20505,10227,0,64,True,warehouse-10-20-10-2-1-random-21.scen,260,False,opti
260,warehouse-10-20-10-2-1.map,planner,0,0,20505,0,201,0,20505,10213,0,64,True,warehouse-10-20-10-2-1-random-21.scen,260,True,opti
20,warehouse-10-20-10-2-1.map,planner,1,1807,1508,168,168,1573,1508,1,0,0,False,warehouse-10-20-10-2-1-random-14.scen,20,False,
20,warehouse-10-20-10-2-1.map,planner,1,1624,1508,176,168,1534,1508,11044,0,0,False,warehouse-10-20-10-2-1-random-14.scen,20,True,
20,warehouse-10-20-10-2-1.map,planner,1,1807,1508,168,168,1573,1508,1,0,0,True,warehouse-10-20-10-2-1-random-14.scen,20,False,opti
20,warehouse-10-20-10-2-1.map,planner,1,1593,1508,168,168,1522,1508,10528,0,0,True,warehouse-10-20-10-2-1-random-14.scen,20,True,opti
20,warehouse-10-20-10-2-1.map,planner,1,1807,1508,168,168,1573,1508,1,0,4,True,warehouse-10-20-10-2-1-random-14.scen,20,False,opti
20,warehouse-10-20-10-2-1.map,planner,1,1662,1508,169,168,1538,1508,10705,0,4,True,warehouse-10-20-10-2-1-random-14.scen,20,True,opti
20,warehouse-10-20-10-2-1.map,planner,1,1807,1508,168,168,1573,1508,1,0,16,True,warehouse-10-20-10-2-1-random-14.scen,20,False,opti
20,warehouse-10-20-10-2-1.map,planner,1,1662,1508,169,168,1538,1508,10706,0,16,True,warehouse-10-20-10-2-1-random-14.scen,20,True,opti
20,warehouse-10-20-10-2-1.map,planner,1,1807,1508,168,168,1573,1508,1,0,64,True,warehouse-10-20-10-2-1-random-14.scen,20,False,opti
20,warehouse-10-20-10-2-1.map,planner,1,1662,1508,169,168,1538,1508,10703,0,64,True,warehouse-10-20-10-2-1-random-14.scen,20,True,opti
100,warehouse-10-20-10-2-1.map,planner,1,12251,8842,228,182,10724,8842,9,0,0,False,warehouse-10-20-10-2-1-random-14.scen,100,False,
100,warehouse-10-20-10-2-1.map,planner,1,11854,8842,211,182,10352,8842,10287,0,0,False,warehouse-10-20-10-2-1-random-14.scen,100,True,
100,warehouse-10-20-10-2-1.map,planner,1,12334,8842,213,182,10766,8842,217,0,0,True,warehouse-10-20-10-2-1-random-14.scen,100,False,opti
100,warehouse-10-20-10-2-1.map,planner,1,12328,8842,205,182,10708,8842,10287,0,0,True,warehouse-10-20-10-2-1-random-14.scen,100,True,opti
100,warehouse-10-20-10-2-1.map,planner,1,12306,8842,260,182,10790,8842,82,0,4,True,warehouse-10-20-10-2-1-random-14.scen,100,False,opti
100,warehouse-10-20-10-2-1.map,planner,1,12300,8842,254,182,10784,8842,10158,0,4,True,warehouse-10-20-10-2-1-random-14.scen,100,True,opti
100,warehouse-10-20-10-2-1.map,planner,1,12306,8842,260,182,10790,8842,83,0,16,True,warehouse-10-20-10-2-1-random-14.scen,100,False,opti
100,warehouse-10-20-10-2-1.map,planner,1,12300,8842,254,182,10784,8842,10168,0,16,True,warehouse-10-20-10-2-1-random-14.scen,100,True,opti
100,warehouse-10-20-10-2-1.map,planner,1,12306,8842,260,182,10790,8842,82,0,64,True,warehouse-10-20-10-2-1-random-14.scen,100,False,opti
100,warehouse-10-20-10-2-1.map,planner,1,12300,8842,254,182,10784,8842,10147,0,64,True,warehouse-10-20-10-2-1-random-14.scen,100,True,opti
180,warehouse-10-20-10-2-1.map,planner,1,21718,14519,224,193,18874,14519,16,0,0,False,warehouse-10-20-10-2-1-random-14.scen,180,False,
180,warehouse-10-20-10-2-1.map,planner,1,21976,14519,243,193,18576,14519,10383,0,0,False,warehouse-10-20-10-2-1-random-14.scen,180,True,
180,warehouse-10-20-10-2-1.map,planner,0,0,14519,0,193,0,14519,10498,0,0,True,warehouse-10-20-10-2-1-random-14.scen,180,False,opti
180,warehouse-10-20-10-2-1.map,planner,0,0,14519,0,193,0,14519,10481,0,0,True,warehouse-10-20-10-2-1-random-14.scen,180,True,opti
180,warehouse-10-20-10-2-1.map,planner,0,0,14519,0,193,0,14519,10477,0,4,True,warehouse-10-20-10-2-1-random-14.scen,180,False,opti
180,warehouse-10-20-10-2-1.map,planner,0,0,14519,0,193,0,14519,10465,0,4,True,warehouse-10-20-10-2-1-random-14.scen,180,True,opti
180,warehouse-10-20-10-2-1.map,planner,0,0,14519,0,193,0,14519,10481,0,16,True,warehouse-10-20-10-2-1-random-14.scen,180,False,opti
180,warehouse-10-20-10-2-1.map,planner,0,0,14519,0,193,0,14519,10467,0,16,True,warehouse-10-20-10-2-1-random-14.scen,180,True,opti
180,warehouse-10-20-10-2-1.map,planner,0,0,14519,0,193,0,14519,10476,0,64,True,warehouse-10-20-10-2-1-random-14.scen,180,False,opti
180,warehouse-10-20-10-2-1.map,planner,0,0,14519,0,193,0,14519,10471,0,64,True,warehouse-10-20-10-2-1-random-14.scen,180,True,opti
260,warehouse-10-20-10-2-1.map,planner,1,34971,20715,273,208,29020,20715,26,0,0,False,warehouse-10-20-10-2-1-random-14.scen,260,False,
260,warehouse-10-20-10-2-1.map,planner,1,34971,20715,273,208,29020,20715,10221,0,0,False,warehouse-10-20-10-2-1-random-14.scen,260,True,
260,warehouse-10-20-10-2-1.map,planner,0,0,20715,0,208,0,20715,10344,0,0,True,warehouse-10-20-10-2-1-random-14.scen,260,False,opti
260,warehouse-10-20-10-2-1.map,planner,0,0,20715,0,208,0,20715,10333,0,0,True,warehouse-10-20-10-2-1-random-14.scen,260,True,opti
260,warehouse-10-20-10-2-1.map,planner,0,0,20715,0,208,0,20715,10290,0,4,True,warehouse-10-20-10-2-1-random-14.scen,260,False,opti
260,warehouse-10-20-10-2-1.map,planner,0,0,20715,0,208,0,20715,10278,0,4,True,warehouse-10-20-10-2-1-random-14.scen,260,True,opti
260,warehouse-10-20-10-2-1.map,planner,0,0,20715,0,208,0,20715,10286,0,16,True,warehouse-10-20-10-2-1-random-14.scen,260,False,opti
260,warehouse-10-20-10-2-1.map,planner,0,0,20715,0,208,0,20715,10278,0,16,True,warehouse-10-20-10-2-1-random-14.scen,260,True,opti
260,warehouse-10-20-10-2-1.map,planner,0,0,20715,0,208,0,20715,10291,0,64,True,warehouse-10-20-10-2-1-random-14.scen,260,False,opti
260,warehouse-10-20-10-2-1.map,planner,0,0,20715,0,208,0,20715,10277,0,64,True,warehouse-10-20-10-2-1-random-14.scen,260,True,opti
20,warehouse-10-20-10-2-1.map,planner,1,1693,1594,175,175,1634,1594,1,0,0,False,warehouse-10-20-10-2-1-random-20.scen,20,False,
20,warehouse-10-20-10-2-1.map,planner,1,1674,1594,175,175,1603,1594,10937,0,0,False,warehouse-10-20-10-2-1-random-20.scen,20,True,
20,warehouse-10-20-10-2-1.map,planner,1,1693,1594,175,175,1634,1594,1,0,0,True,warehouse-10-20-10-2-1-random-20.scen,20,False,opti
20,warehouse-10-20-10-2-1.map,planner,1,1674,1594,175,175,1603,1594,10940,0,0,True,warehouse-10-20-10-2-1-random-20.scen,20,True,opti
20,warehouse-10-20-10-2-1.map,planner,1,1706,1594,175,175,1649,1594,1,0,4,True,warehouse-10-20-10-2-1-random-20.scen,20,False,opti
20,warehouse-10-20-10-2-1.map,planner,1,1675,1594,175,175,1604,1594,10879,0,4,True,warehouse-10-20-10-2-1-random-20.scen,20,True,opti
20,warehouse-10-20-10-2-1.map,planner,1,1706,1594,175,175,1649,1594,1,0,16,True,warehouse-10-20-10-2-1-random-20.scen,20,False,opti
20,warehouse-10-20-10-2-1.map,planner,1,1675,1594,175,175,1604,1594,10906,0,16,True,warehouse-10-20-10-2-1-random-20.scen,20,True,opti
20,warehouse-10-20-10-2-1.map,planner,1,1706,1594,175,175,1649,1594,1,0,64,True,warehouse-10-20-10-2-1-random-20.scen,20,False,opti
20,warehouse-10-20-10-2-1.map,planner,1,1675,1594,175,175,1604,1594,10896,0,64,True,warehouse-10-20-10-2-1-random-20.scen,20,True,opti
100,warehouse-10-20-10-2-1.map,planner,1,11758,8805,189,175,10470,8805,8,0,0,False,warehouse-10-20-10-2-1-random-20.scen,100,False,
100,warehouse-10-20-10-2-1.map,planner,1,11410,8805,179,175,10162,8805,10088,0,0,False,warehouse-10-20-10-2-1-random-20.scen,100,True,
100,warehouse-10-20-10-2-1.map,planner,1,11993,8805,209,175,10589,8805,76,0,0,True,warehouse-10-20-10-2-1-random-20.scen,100,False,opti
100,warehouse-10-20-10-2-1.map,planner,1,11815,8805,242,175,10582,8805,10188,0,0,True,warehouse-10-20-10-2-1-random-20.scen,100,True,opti
100,warehouse-10-20-10-2-1.map,planner,1,12644,8805,260,175,11226,8805,58,0,4,True,warehouse-10-20-10-2-1-random-20.scen,100,False,opti
100,warehouse-10-20-10-2-1.map,planner,1,12018,8805,247,175,10659,8805,10075,0,4,True,warehouse-10-20-10-2-1-random-20.scen,100,True,opti
100,warehouse-10-20-10-2-1.map,planner,1,12644,8805,260,175,11226,8805,57,0,16,True,warehouse-10-20-10-2-1-random-20.scen,100,False,opti
100,warehouse-10-20-10-2-1.map,planner,1,12018,8805,247,175,10659,8805,10072,0,16,True,warehouse-10-20-10-2-1-random-20.scen,100,True,opti
100,warehouse-10-20-10-2-1.map,planner,1,12644,8805,260,175,11226,8805,58,0,64,True,warehouse-10-20-10-2-1-random-20.scen,100,False,opti
100,warehouse-10-20-10-2-1.map,planner,1,12018,8805,247,175,10659,8805,10073,0,64,True,warehouse-10-20-10-2-1-random-20.scen,100,True,opti
180,warehouse-10-20-10-2-1.map,planner,1,21884,14280,233,175,18896,14280,16,0,0,False,warehouse-10-20-10-2-1-random-20.scen,180,False,
180,warehouse-10-20-10-2-1.map,planner,1,21458,14280,213,175,18706,14280,10486,0,0,False,warehouse-10-20-10-2-1-random-20.scen,180,True,
180,warehouse-10-20-10-2-1.map,planner,0,0,14280,0,175,0,14280,10488,0,0,True,warehouse-10-20-10-2-1-random-20.scen,180,False,opti
180,warehouse-10-20-10-2-1.map,planner,0,0,14280,0,175,0,14280,10475,0,0,True,warehouse-10-20-10-2-1-random-20.scen,180,True,opti
180,warehouse-10-20-10-2-1.map,planner,0,0,14280,0,175,0,14280,10466,0,4,True,warehouse-10-20-10-2-1-random-20.scen,180,False,opti
180,warehouse-10-20-10-2-1.map,planner,0,0,14280,0,175,0,14280,10433,0,4,True,warehouse-10-20-10-2-1-random-20.scen,180,True,opti
180,warehouse-10-20-10-2-1.map,planner,0,0,14280,0,175,0,14280,10459,0,16,True,warehouse-10-20-10-2-1-random-20.scen,180,False,opti
180,warehouse-10-20-10-2-1.map,planner,0,0,14280,0,175,0,14280,10431,0,16,True,warehouse-10-20-10-2-1-random-20.scen,180,True,opti
180,warehouse-10-20-10-2-1.map,planner,0,0,14280,0,175,0,14280,10448,0,64,True,warehouse-10-20-10-2-1-random-20.scen,180,False,opti
180,warehouse-10-20-10-2-1.map,planner,0,0,14280,0,175,0,14280,10441,0,64,True,warehouse-10-20-10-2-1-random-20.scen,180,True,opti
260,warehouse-10-20-10-2-1.map,planner,1,34640,20624,231,199,29677,20624,25,0,0,False,warehouse-10-20-10-2-1-random-20.scen,260,False,
260,warehouse-10-20-10-2-1.map,planner,1,33856,20624,273,199,29209,20624,10095,0,0,False,warehouse-10-20-10-2-1-random-20.scen,260,True,
260,warehouse-10-20-10-2-1.map,planner,0,0,20624,0,199,0,20624,10364,0,0,True,warehouse-10-20-10-2-1-random-20.scen,260,False,opti
260,warehouse-10-20-10-2-1.map,planner,0,0,20624,0,199,0,20624,10329,0,0,True,warehouse-10-20-10-2-1-random-20.scen,260,True,opti
260,warehouse-10-20-10-2-1.map,planner,0,0,20624,0,199,0,20624,10288,0,4,True,warehouse-10-20-10-2-1-random-20.scen,260,False,opti
260,warehouse-10-20-10-2-1.map,planner,0,0,20624,0,199,0,20624,10284,0,4,True,warehouse-10-20-10-2-1-random-20.scen,260,True,opti
260,warehouse-10-20-10-2-1.map,planner,0,0,20624,0,199,0,20624,10288,0,16,True,warehouse-10-20-10-2-1-random-20.scen,260,False,opti
260,warehouse-10-20-10-2-1.map,planner,0,0,20624,0,199,0,20624,10287,0,16,True,warehouse-10-20-10-2-1-random-20.scen,260,True,opti
260,warehouse-10-20-10-2-1.map,planner,0,0,20624,0,199,0,20624,10290,0,64,True,warehouse-10-20-10-2-1-random-20.scen,260,False,opti
260,warehouse-10-20-10-2-1.map,planner,0,0,20624,0,199,0,20624,10287,0,64,True,warehouse-10-20-10-2-1-random-20.scen,260,True,opti
20,warehouse-10-20-10-2-1.map,planner,1,1856,1752,198,177,1836,1752,1,0,0,False,warehouse-10-20-10-2-1-random-2.scen,20,False,
20,warehouse-10-20-10-2-1.map,planner,1,1760,1752,178,177,1755,1752,10814,0,0,False,warehouse-10-20-10-2-1-random-2.scen,20,True,
20,warehouse-10-20-10-2-1.map,planner,1,1856,1752,198,177,1836,1752,1,0,0,True,warehouse-10-20-10-2-1-random-2.scen,20,False,opti
20,warehouse-10-20-10-2-1.map,planner,1,1760,1752,178,177,1755,1752,10799,0,0,True,warehouse-10-20-10-2-1-random-2.scen,20,True,opti
20,warehouse-10-20-10-2-1.map,planner,1,1856,1752,198,177,1836,1752,2,0,4,True,warehouse-10-20-10-2-1-random-2.scen,20,False,opti
20,warehouse-10-20-10-2-1.map,planner,1,1760,1752,178,177,1755,1752,10810,0,4,True,warehouse-10-20-10-2-1-random-2.scen,20,True,opti
20,warehouse-10-20-10-2-1.map,planner,1,1856,1752,198,177,1836,1752,1,0,16,True,warehouse-10-20-10-2-1-random-2.scen,20,False,opti
20,warehouse-10-20-10-2-1.map,planner,1,1760,1752,178,177,1755,1752,10800,0,16,True,warehouse-10-20-10-2-1-random-2.scen,20,True,opti
20,warehouse-10-20-10-2-1.map,planner,1,1856,1752,198,177,1836,1752,1,0,64,True,warehouse-10-20-10-2-1-random-2.scen,20,False,opti
20,warehouse-10-20-10-2-1.map,planner,1,1760,1752,178,177,1755,1752,10803,0,64,True,warehouse-10-20-10-2-1-random-2.scen,20,True,opti
100,warehouse-10-20-10-2-1.map,planner,1,11145,8963,194,194,10356,8963,9,0,0,False,warehouse-10-20-10-2-1-random-2.scen,100,False,
100,warehouse-10-20-10-2-1.map,planner,1,11016,8963,195,194,10191,8963,10344,0,0,False,warehouse-10-20-10-2-1-random-2.scen,100,True,
100,warehouse-10-20-10-2-1.map,planner,1,11521,8963,217,194,10519,8963,52,0,0,True,warehouse-10-20-10-2-1-random-2.scen,100,False,opti
100,warehouse-10-20-10-2-1.map,planner,1,10998,8963,219,194,10192,8963,10362,0,0,True,warehouse-10-20-10-2-1-random-2.scen,100,True,opti
100,warehouse-10-20-10-2-1.map,planner,1,12190,8963,245,194,10975,8963,10,0,4,True,warehouse-10-20-10-2-1-random-2.scen,100,False,opti
100,warehouse-10-20-10-2-1.map,planner,1,11308,8963,241,194,10450,8963,10287,0,4,True,warehouse-10-20-10-2-1-random-2.scen,100,True,opti
100,warehouse-10-20-10-2-1.map,planner,1,12190,8963,245,194,10975,8963,10,0,16,True,warehouse-10-20-10-2-1-random-2.scen,100,False,opti
100,warehouse-10-20-10-2-1.map,planner,1,11308,8963,241,194,10450,8963,10285,0,16,True,warehouse-10-20-10-2-1-random-2.scen,100,True,opti
100,warehouse-10-20-10-2-1.map,planner,1,12190,8963,245,194,10975,8963,11,0,64,True,warehouse-10-20-10-2-1-random-2.scen,100,False,opti
100,warehouse-10-20-10-2-1.map,planner,1,11308,8963,241,194,10450,8963,10290,0,64,True,warehouse-10-20-10-2-1-random-2.scen,100,True,opti
180,warehouse-10-20-10-2-1.map,planner,1,22689,14675,214,194,19478,14675,16,0,0,False,warehouse-10-20-10-2-1-random-2.scen,180,False,
180,warehouse-10-20-10-2-1.map,planner,1,21588,14675,241,194,18653,14675,10121,0,0,False,warehouse-10-20-10-2-1-random-2.scen,180,True,
180,warehouse-10-20-10-2-1.map,planner,1,22171,14675,232,194,19223,14675,2255,0,0,True,warehouse-10-20-10-2-1-random-2.scen,180,False,opti
180,warehouse-10-20-10-2-1.map,planner,1,22171,14675,232,194,19223,14675,10249,0,0,True,warehouse-10-20-10-2-1-random-2.scen,180,True,opti
180,warehouse-10-20-10-2-1.map,planner,1,26051,14675,406,194,21917,14675,2439,0,4,True,warehouse-10-20-10-2-1-random-2.scen,180,False,opti
180,warehouse-10-20-10-2-1.map,planner,1,24512,14675,254,194,20603,14675,10302,0,4,True,warehouse-10-20-10-2-1-random-2.scen,180,True,opti
180,warehouse-10-20-10-2-1.map,planner,0,0,14675,0,194,0,14675,10462,0,16,True,warehouse-10-20-10-2-1-random-2.scen,180,False,opti
180,warehouse-10-20-10-2-1.map,planner,0,0,14675,0,194,0,14675,10443,0,16,True,warehouse-10-20-10-2-1-random-2.scen,180,True,opti
180,warehouse-10-20-10-2-1.map,planner,0,0,14675,0,194,0,14675,10462,0,64,True,warehouse-10-20-10-2-1-random-2.scen,180,False,opti
180,warehouse-10-20-10-2-1.map,planner,0,0,14675,0,194,0,14675,10440,0,64,True,warehouse-10-20-10-2-1-random-2.scen,180,True,opti
260,warehouse-10-20-10-2-1.map,planner,1,34991,21235,245,194,29484,21235,24,0,0,False,warehouse-10-20-10-2-1-random-2.scen,260,False,
260,warehouse-10-20-10-2-1.map,planner,1,33835,21235,227,194,29116,21235,10657,0,0,False,warehouse-10-20-10-2-1-random-2.scen,260,True,
260,warehouse-10-20-10-2-1.map,planner,0,0,21235,0,194,0,21235,10329,0,0,True,warehouse-10-20-10-2-1-random-2.scen,260,False,opti
260,warehouse-10-20-10-2-1.map,planner,0,0,21235,0,194,0,21235,10308,0,0,True,warehouse-10-20-10-2-1-random-2.scen,260,True,opti
260,warehouse-10-20-10-2-1.map,planner,0,0,21235,0,194,0,21235,10290,0,4,True,warehouse-10-20-10-2-1-random-2.scen,260,False,opti
260,warehouse-10-20-10-2-1.map,planner,0,0,21235,0,194,0,21235,10296,0,4,True,warehouse-10-20-10-2-1-random-2.scen,260,True,opti
260,warehouse-10-20-10-2-1.map,planner,0,0,21235,0,194,0,21235,10284,0,16,True,warehouse-10-20-10-2-1-random-2.scen,260,False,opti
260,warehouse-10-20-10-2-1.map,planner,0,0,21235,0,194,0,21235,10278,0,16,True,warehouse-10-20-10-2-1-random-2.scen,260,True,opti
260,warehouse-10-20-10-2-1.map,planner,0,0,21235,0,194,0,21235,10287,0,64,True,warehouse-10-20-10-2-1-random-2.scen,260,False,opti
260,warehouse-10-20-10-2-1.map,planner,0,0,21235,0,194,0,21235,10285,0,64,True,warehouse-10-20-10-2-1-random-2.scen,260,True,opti
20,warehouse-10-20-10-2-1.map,planner,1,1623,1491,168,168,1546,1491,1,0,0,False,warehouse-10-20-10-2-1-random-7.scen,20,False,
20,warehouse-10-20-10-2-1.map,planner,1,1504,1491,169,168,1495,1491,10433,0,0,False,warehouse-10-20-10-2-1-random-7.scen,20,True,
20,warehouse-10-20-10-2-1.map,planner,1,1623,1491,168,168,1546,1491,1,0,0,True,warehouse-10-20-10-2-1-random-7.scen,20,False,opti
20,warehouse-10-20-10-2-1.map,planner,1,1504,1491,169,168,1495,1491,10427,0,0,True,warehouse-10-20-10-2-1-random-7.scen,20,True,opti
20,warehouse-10-20-10-2-1.map,planner,1,1623,1491,168,168,1546,1491,1,0,4,True,warehouse-10-20-10-2-1-random-7.scen,20,False,opti
20,warehouse-10-20-10-2-1.map,planner,1,1504,1491,169,168,1495,1491,10426,0,4,True,warehouse-10-20-10-2-1-random-7.scen,20,True,opti
20,warehouse-10-20-10-2-1.map,planner,1,1623,1491,168,168,1546,1491,1,0,16,True,warehouse-10-20-10-2-1-random-7.scen,20,False,opti
20,warehouse-10-20-10-2-1.map,planner,1,1504,1491,169,168,1495,1491,10414,0,16,True,warehouse-10-20-10-2-1-random-7.scen,20,True,opti
20,warehouse-10-20-10-2-1.map,planner,1,1623,1491,168,168,1546,1491,1,0,64,True,warehouse-10-20-10-2-1-random-7.scen,20,False,opti
20,warehouse-10-20-10-2-1.map,planner,1,1504,1491,169,168,1495,1491,10415,0,64,True,warehouse-10-20-10-2-1-random-7.scen,20,True,opti
100,warehouse-10-20-10-2-1.map,planner,1,10386,8165,196,183,9378,8165,8,0,0,False,warehouse-10-20-10-2-1-random-7.scen,100,False,
100,warehouse-10-20-10-2-1.map,planner,1,10374,8165,196,183,9374,8165,10147,0,0,False,warehouse-10-20-10-2-1-random-7.scen,100,True,
100,warehouse-10-20-10-2-1.map,planner,1,10548,8165,183,183,9501,8165,8,0,0,True,warehouse-10-20-10-2-1-random-7.scen,100,False,opti
100,warehouse-10-20-10-2-1.map,planner,1,10280,8165,185,183,9337,8165,10210,0,0,True,warehouse-10-20-10-2-1-random-7.scen,100,True,opti
100,warehouse-10-20-10-2-1.map,planner,1,10909,8165,214,183,9627,8165,181,0,4,True,warehouse-10-20-10-2-1-random-7.scen,100,False,opti
100,warehouse-10-20-10-2-1.map,planner,1,11068,8165,224,183,9621,8165,10245,0,4,True,warehouse-10-20-10-2-1-random-7.scen,100,True,opti
100,warehouse-10-20-10-2-1.map,planner,1,10909,8165,214,183,9627,8165,182,0,16,True,warehouse-10-20-10-2-1-random-7.scen,100,False,opti
100,warehouse-10-20-10-2-1.map,planner,1,11068,8165,224,183,9621,8165,10236,0,16,True,warehouse-10-20-10-2-1-random-7.scen,100,True,opti
100,warehouse-10-20-10-2-1.map,planner,1,10909,8165,214,183,9627,8165,185,0,64,True,warehouse-10-20-10-2-1-random-7.scen,100,False,opti
100,warehouse-10-20-10-2-1.map,planner,1,11068,8165,224,183,9621,8165,10240,0,64,True,warehouse-10-20-10-2-1-random-7.scen,100,True,opti
180,warehouse-10-20-10-2-1.map,planner,1,21831,14428,215,203,18542,14428,16,0,0,False,warehouse-10-20-10-2-1-random-7.scen,180,False,
180,warehouse-10-20-10-2-1.map,planner,1,21320,14428,211,203,18166,14428,10214,0,0,False,warehouse-10-20-10-2-1-random-7.scen,180,True,
180,warehouse-10-20-10-2-1.map,planner,1,22541,14428,243,203,18936,14428,89,0,0,True,warehouse-10-20-10-2-1-random-7.scen,180,False,opti
180,warehouse-10-20-10-2-1.map,planner,1,22541,14428,243,203,18936,14428,10123,0,0,True,warehouse-10-20-10-2-1-random-7.scen,180,True,opti
180,warehouse-10-20-10-2-1.map,planner,1,24999,14428,400,203,20354,14428,1168,0,4,True,warehouse-10-20-10-2-1-random-7.scen,180,False,opti
180,warehouse-10-20-10-2-1.map,planner,1,23173,14428,335,203,19405,14428,10185,0,4,True,warehouse-10-20-10-2-1-random-7.scen,180,True,opti
180,warehouse-10-20-10-2-1.map,planner,1,23969,14428,266,203,19807,14428,695,0,16,True,warehouse-10-20-10-2-1-random-7.scen,180,False,opti
180,warehouse-10-20-10-2-1.map,planner,1,23173,14428,335,203,19405,14428,10219,0,16,True,warehouse-10-20-10-2-1-random-7.scen,180,True,opti
180,warehouse-10-20-10-2-1.map,planner,1,23969,14428,266,203,19807,14428,706,0,64,True,warehouse-10-20-10-2-1-random-7.scen,180,False,opti
180,warehouse-10-20-10-2-1.map,planner,1,21919,14428,261,203,18921,14428,10232,0,64,True,warehouse-10-20-10-2-1-random-7.scen,180,True,opti
260,warehouse-10-20-10-2-1.map,planner,1,35333,21008,257,214,29643,21008,26,0,0,False,warehouse-10-20-10-2-1-random-7.scen,260,False,
260,warehouse-10-20-10-2-1.map,planner,1,34203,21008,251,214,29196,21008,10348,0,0,False,warehouse-10-20-10-2-1-random-7.scen,260,True,
260,warehouse-10-20-10-2-1.map,planner,0,0,21008,0,214,0,21008,10345,0,0,True,warehouse-10-20-10-2-1-random-7.scen,260,False,opti
260,warehouse-10-20-10-2-1.map,planner,0,0,21008,0,214,0,21008,10315,0,0,True,warehouse-10-20-10-2-1-random-7.scen,260,True,opti
260,warehouse-10-20-10-2-1.map,planner,0,0,21008,0,214,0,21008,10303,0,4,True,warehouse-10-20-10-2-1-random-7.scen,260,False,opti
260,warehouse-10-20-10-2-1.map,planner,0,0,21008,0,214,0,21008,10281,0,4,True,warehouse-10-20-10-2-1-random-7.scen,260,True,opti
260,warehouse-10-20-10-2-1.map,planner,0,0,21008,0,214,0,21008,10294,0,16,True,warehouse-10-20-10-2-1-random-7.scen,260,False,opti
260,warehouse-10-20-10-2-1.map,planner,0,0,21008,0,214,0,21008,10287,0,16,True,warehouse-10-20-10-2-1-random-7.scen,260,True,opti
260,warehouse-10-20-10-2-1.map,planner,0,0,21008,0,214,0,21008,10290,0,64,True,warehouse-10-20-10-2-1-random-7.scen,260,False,opti
260,warehouse-10-20-10-2-1.map,planner,0,0,21008,0,214,0,21008,10286,0,64,True,warehouse-10-20-10-2-1-random-7.scen,260,True,opti
20,warehouse-10-20-10-2-1.map,planner,1,1513,1391,182,182,1452,1391,1,0,0,False,warehouse-10-20-10-2-1-random-6.scen,20,False,
20,warehouse-10-20-10-2-1.map,planner,1,1416,1391,184,182,1408,1391,10813,0,0,False,warehouse-10-20-10-2-1-random-6.scen,20,True,
20,warehouse-10-20-10-2-1.map,planner,1,1513,1391,182,182,1452,1391,1,0,0,True,warehouse-10-20-10-2-1-random-6.scen,20,False,opti
20,warehouse-10-20-10-2-1.map,planner,1,1416,1391,184,182,1408,1391,10807,0,0,True,warehouse-10-20-10-2-1-random-6.scen,20,True,opti
20,warehouse-10-20-10-2-1.map,planner,1,1513,1391,182,182,1452,1391,1,0,4,True,warehouse-10-20-10-2-1-random-6.scen,20,False,opti
20,warehouse-10-20-10-2-1.map,planner,1,1416,1391,184,182,1408,1391,10812,0,4,True,warehouse-10-20-10-2-1-random-6.scen,20,True,opti
20,warehouse-10-20-10-2-1.map,planner,1,1513,1391,182,182,1452,1391,1,0,16,True,warehouse-10-20-10-2-1-random-6.scen,20,False,opti
20,warehouse-10-20-10-2-1.map,planner,1,1416,1391,184,182,1408,1391,10824,0,16,True,warehouse-10-20-10-2-1-random-6.scen,20,True,opti
20,warehouse-10-20-10-2-1.map,planner,1,1513,1391,182,182,1452,1391,1,0,64,True,warehouse-10-20-10-2-1-random-6.scen,20,False,opti
20,warehouse-10-20-10-2-1.map,planner,1,1416,1391,184,182,1408,1391,10805,0,64,True,warehouse-10-20-10-2-1-random-6.scen,20,True,opti
100,warehouse-10-20-10-2-1.map,planner,1,11187,8750,192,189,10142,8750,9,0,0,False,warehouse-10-20-10-2-1-random-6.scen,100,False,
100,warehouse-10-20-10-2-1.map,planner,1,11601,8750,196,189,10108,8750,10237,0,0,False,warehouse-10-20-10-2-1-random-6.scen,100,True,
100,warehouse-10-20-10-2-1.map,planner,1,11840,8750,212,189,10491,8750,9,0,0,True,warehouse-10-20-10-2-1-random-6.scen,100,False,opti
100,warehouse-10-20-10-2-1.map,planner,1,11644,8750,224,189,10282,8750,10206,0,0,True,warehouse-10-20-10-2-1-random-6.scen,100,True,opti
100,warehouse-10-20-10-2-1.map,planner,1,11941,8750,209,189,10405,8750,46,0,4,True,warehouse-10-20-10-2-1-random-6.scen,100,False,opti
100,warehouse-10-20-10-2-1.map,planner,1,11603,8750,196,189,10249,8750,10220,0,4,True,warehouse-10-20-10-2-1-random-6.scen,100,True,opti
100,warehouse-10-20-10-2-1.map,planner,1,11941,8750,209,189,10405,8750,46,0,16,True,warehouse-10-20-10-2-1-random-6.scen,100,False,opti
100,warehouse-10-20-10-2-1.map,planner,1,11603,8750,196,189,10249,8750,10214,0,16,True,warehouse-10-20-10-2-1-random-6.scen,100,True,opti
100,warehouse-10-20-10-2-1.map,planner,1,11941,8750,209,189,10405,8750,45,0,64,True,warehouse-10-20-10-2-1-random-6.scen,100,False,opti
100,warehouse-10-20-10-2-1.map,planner,1,11603,8750,196,189,10249,8750,10217,0,64,True,warehouse-10-20-10-2-1-random-6.scen,100,True,opti
180,warehouse-10-20-10-2-1.map,planner,1,22823,14864,212,189,19536,14864,16,0,0,False,warehouse-10-20-10-2-1-random-6.scen,180,False,
180,warehouse-10-20-10-2-1.map,planner,1,21832,14864,254,189,19266,14864,10261,0,0,False,warehouse-10-20-10-2-1-random-6.scen,180,True,
180,warehouse-10-20-10-2-1.map,planner,1,22018,14864,216,189,19470,14864,1001,0,0,True,warehouse-10-20-10-2-1-random-6.scen,180,False,opti
180,warehouse-10-20-10-2-1.map,planner,1,21833,14864,222,189,18933,14864,10164,0,0,True,warehouse-10-20-10-2-1-random-6.scen,180,True,opti
180,warehouse-10-20-10-2-1.map,planner,1,23058,14864,244,189,20279,14864,2235,0,4,True,warehouse-10-20-10-2-1-random-6.scen,180,False,opti
180,warehouse-10-20-10-2-1.map,planner,1,23129,14864,307,189,20225,14864,10190,0,4,True,warehouse-10-20-10-2-1-random-6.scen,180,True,opti
180,warehouse-10-20-10-2-1.map,planner,1,23023,14864,285,189,19844,14864,2368,0,16,True,warehouse-10-20-10-2-1-random-6.scen,180,False,opti
180,warehouse-10-20-10-2-1.map,planner,1,23023,14864,285,189,19844,14864,10202,0,16,True,warehouse-10-20-10-2-1-random-6.scen,180,True,opti
180,warehouse-10-20-10-2-1.map,planner,1,23023,14864,285,189,19844,14864,2362,0,64,True,warehouse-10-20-10-2-1-random-6.scen,180,False,opti
180,warehouse-10-20-10-2-1.map,planner,1,23023,14864,285,189,19844,14864,10207,0,64,True,warehouse-10-20-10-2-1-random-6.scen,180,True,opti
260,warehouse-10-20-10-2-1.map,planner,1,35357,21482,226,189,29908,21482,24,0,0,False,warehouse-10-20-10-2-1-random-6.scen,260,False,
260,warehouse-10-20-10-2-1.map,planner,1,35357,21482,226,189,29908,21482,10235,0,0,False,warehouse-10-20-10-2-1-random-6.scen,260,True,
260,warehouse-10-20-10-2-1.map,planner,0,0,21482,0,189,0,21482,10346,0,0,True,warehouse-10-20-10-2-1-random-6.scen,260,False,opti
260,warehouse-10-20-10-2-1.map,planner,0,0,21482,0,189,0,21482,10325,0,0,True,warehouse-10-20-10-2-1-random-6.scen,260,True,opti
260,warehouse-10-20-10-2-1.map,planner,0,0,21482,0,189,0,21482,10277,0,4,True,warehouse-10-20-10-2-1-random-6.scen,260,False,opti
260,warehouse-10-20-10-2-1.map,planner,0,0,21482,0,189,0,21482,10262,0,4,True,warehouse-10-20-10-2-1-random-6.scen,260,True,opti
260,warehouse-10-20-10-2-1.map,planner,0,0,21482,0,189,0,21482,10255,0,16,True,warehouse-10-20-10-2-1-random-6.scen,260,False,opti
260,warehouse-10-20-10-2-1.map,planner,0,0,21482,0,189,0,21482,10261,0,16,True,warehouse-10-20-10-2-1-random-6.scen,260,True,opti
260,warehouse-10-20-10-2-1.map,planner,0,0,21482,0,189,0,21482,10260,0,64,True,warehouse-10-20-10-2-1-random-6.scen,260,False,opti
260,warehouse-10-20-10-2-1.map,planner,0,0,21482,0,189,0,21482,10260,0,64,True,warehouse-10-20-10-2-1-random-6.scen,260,True,opti
20,warehouse-10-20-10-2-1.map,planner,1,1640,1470,162,162,1532,1470,1,0,0,False,warehouse-10-20-10-2-1-random-4.scen,20,False,
20,warehouse-10-20-10-2-1.map,planner,1,1474,1470,164,162,1474,1470,10806,0,0,False,warehouse-10-20-10-2-1-random-4.scen,20,True,
20,warehouse-10-20-10-2-1.map,planner,1,1640,1470,162,162,1532,1470,1,0,0,True,warehouse-10-20-10-2-1-random-4.scen,20,False,opti
20,warehouse-10-20-10-2-1.map,planner,1,1474,1470,164,162,1474,1470,10815,0,0,True,warehouse-10-20-10-2-1-random-4.scen,20,True,opti
20,warehouse-10-20-10-2-1.map,planner,1,1640,1470,162,162,1532,1470,1,0,4,True,warehouse-10-20-10-2-1-random-4.scen,20,False,opti
20,warehouse-10-20-10-2-1.map,planner,1,1470,1470,162,162,1470,1470,2279,0,4,True,warehouse-10-20-10-2-1-random-4.scen,20,True,opti
20,warehouse-10-20-10-2-1.map,planner,1,1640,1470,162,162,1532,1470,1,0,16,True,warehouse-10-20-10-2-1-random-4.scen,20,False,opti
20,warehouse-10-20-10-2-1.map,planner,1,1470,1470,162,162,1470,1470,2282,0,16,True,warehouse-10-20-10-2-1-random-4.scen,20,True,opti
20,warehouse-10-20-10-2-1.map,planner,1,1640,1470,162,162,1532,1470,1,0,64,True,warehouse-10-20-10-2-1-random-4.scen,20,False,opti
20,warehouse-10-20-10-2-1.map,planner,1,1470,1470,162,162,1470,1470,2274,0,64,True,warehouse-10-20-10-2-1-random-4.scen,20,True,opti
100,warehouse-10-20-10-2-1.map,planner,1,10440,7810,202,202,9178,7810,8,0,0,False,warehouse-10-20-10-2-1-random-4.scen,100,False,
100,warehouse-10-20-10-2-1.map,planner,1,9687,7810,226,202,8812,7810,10257,0,0,False,warehouse-10-20-10-2-1-random-4.scen,100,True,
100,warehouse-10-20-10-2-1.map,planner,1,10346,7810,203,202,8914,7810,19,0,0,True,warehouse-10-20-10-2-1-random-4.scen,100,False,opti
100,warehouse-10-20-10-2-1.map,planner,1,9955,7810,202,202,8641,7810,10186,0,0,True,warehouse-10-20-10-2-1-random-4.scen,100,True,opti
100,warehouse-10-20-10-2-1.map,planner,1,12827,7810,441,202,10363,7810,15,0,4,True,warehouse-10-20-10-2-1-random-4.scen,100,False,opti
100,warehouse-10-20-10-2-1.map,planner,1,9575,7810,202,202,8927,7810,10232,0,4,True,warehouse-10-20-10-2-1-random-4.scen,100,True,opti
100,warehouse-10-20-10-2-1.map,planner,1,12827,7810,441,202,10363,7810,16,0,16,True,warehouse-10-20-10-2-1-random-4.scen,100,False,opti
100,warehouse-10-20-10-2-1.map,planner,1,9575,7810,202,202,8927,7810,10229,0,16,True,warehouse-10-20-10-2-1-random-4.scen,100,True,opti
100,warehouse-10-20-10-2-1.map,planner,1,12827,7810,441,202,10363,7810,15,0,64,True,warehouse-10-20-10-2-1-random-4.scen,100,False,opti
100,warehouse-10-20-10-2-1.map,planner,1,9575,7810,202,202,8927,7810,10239,0,64,True,warehouse-10-20-10-2-1-random-4.scen,100,True,opti
180,warehouse-10-20-10-2-1.map,planner,1,19847,13159,202,202,16805,13159,15,0,0,False,warehouse-10-20-10-2-1-random-4.scen,180,False,
180,warehouse-10-20-10-2-1.map,planner,1,18723,13159,206,202,16170,13159,10109,0,0,False,warehouse-10-20-10-2-1-random-4.scen,180,True,
180,warehouse-10-20-10-2-1.map,planner,1,19542,13159,224,202,16675,13159,100,0,0,True,warehouse-10-20-10-2-1-random-4.scen,180,False,opti
180,warehouse-10-20-10-2-1.map,planner,1,19542,13159,224,202,16675,13159,10187,0,0,True,warehouse-10-20-10-2-1-random-4.scen,180,True,opti
180,warehouse-10-20-10-2-1.map,planner,1,22583,13159,335,202,18215,13159,159,0,4,True,warehouse-10-20-10-2-1-random-4.scen,180,False,opti
180,warehouse-10-20-10-2-1.map,planner,1,20655,13159,323,202,17226,13159,10155,0,4,True,warehouse-10-20-10-2-1-random-4.scen,180,True,opti
180,warehouse-10-20-10-2-1.map,planner,1,22583,13159,335,202,18215,13159,161,0,16,True,warehouse-10-20-10-2-1-random-4.scen,180,False,opti
180,warehouse-10-20-10-2-1.map,planner,1,20655,13159,323,202,17226,13159,10191,0,16,True,warehouse-10-20-10-2-1-random-4.scen,180,True,opti
180,warehouse-10-20-10-2-1.map,planner,1,22583,13159,335,202,18215,13159,162,0,64,True,warehouse-10-20-10-2-1-random-4.scen,180,False,opti
180,warehouse-10-20-10-2-1.map,planner,1,20655,13159,323,202,17226,13159,10167,0,64,True,warehouse-10-20-10-2-1-random-4.scen,180,True,opti
260,warehouse-10-20-10-2-1.map,planner,1,33799,19993,261,202,28630,19993,25,0,0,False,warehouse-10-20-10-2-1-random-4.scen,260,False,
260,warehouse-10-20-10-2-1.map,planner,1,32485,19993,227,202,27470,19993,10270,0,0,False,warehouse-10-20-10-2-1-random-4.scen,260,True,
260,warehouse-10-20-10-2-1.map,planner,0,0,19993,0,202,0,19993,10301,0,0,True,warehouse-10-20-10-2-1-random-4.scen,260,False,opti
260,warehouse-10-20-10-2-1.map,planner,0,0,19993,0,202,0,19993,10308,0,0,True,warehouse-10-20-10-2-1-random-4.scen,260,True,opti
260,warehouse-10-20-10-2-1.map,planner,0,0,19993,0,202,0,19993,10281,0,4,True,warehouse-10-20-10-2-1-random-4.scen,260,False,opti
260,warehouse-10-20-10-2-1.map,planner,0,0,19993,0,202,0,19993,10289,0,4,True,warehouse-10-20-10-2-1-random-4.scen,260,True,opti
260,warehouse-10-20-10-2-1.map,planner,0,0,19993,0,202,0,19993,10287,0,16,True,warehouse-10-20-10-2-1-random-4.scen,260,False,opti
260,warehouse-10-20-10-2-1.map,planner,0,0,19993,0,202,0,19993,10275,0,16,True,warehouse-10-20-10-2-1-random-4.scen,260,True,opti
260,warehouse-10-20-10-2-1.map,planner,0,0,19993,0,202,0,19993,10280,0,64,True,warehouse-10-20-10-2-1-random-4.scen,260,False,opti
260,warehouse-10-20-10-2-1.map,planner,0,0,19993,0,202,0,19993,10284,0,64,True,warehouse-10-20-10-2-1-random-4.scen,260,True,opti
20,warehouse-10-20-10-2-1.map,planner,1,1569,1460,174,174,1521,1460,1,0,0,False,warehouse-10-20-10-2-1-random-8.scen,20,False,
20,warehouse-10-20-10-2-1.map,planner,1,1468,1460,174,174,1468,1460,10644,0,0,False,warehouse-10-20-10-2-1-random-8.scen,20,True,
20,warehouse-10-20-10-2-1.map,planner,1,1569,1460,174,174,1521,1460,1,0,0,True,warehouse-10-20-10-2-1-random-8.scen,20,False,opti
20,warehouse-10-20-10-2-1.map,planner,1,1468,1460,174,174,1468,1460,10638,0,0,True,warehouse-10-20-10-2-1-random-8.scen,20,True,opti
20,warehouse-10-20-10-2-1.map,planner,1,1820,1460,200,174,1680,1460,1,0,4,True,warehouse-10-20-10-2-1-random-8.scen,20,False,opti
20,warehouse-10-20-10-2-1.map,planner,1,1467,1460,174,174,1467,1460,10997,0,4,True,warehouse-10-20-10-2-1-random-8.scen,20,True,opti
20,warehouse-10-20-10-2-1.map,planner,1,1820,1460,200,174,1680,1460,1,0,16,True,warehouse-10-20-10-2-1-random-8.scen,20,False,opti
20,warehouse-10-20-10-2-1.map,planner,1,1467,1460,174,174,1467,1460,10966,0,16,True,warehouse-10-20-10-2-1-random-8.scen,20,True,opti
20,warehouse-10-20-10-2-1.map,planner,1,1820,1460,200,174,1680,1460,1,0,64,True,warehouse-10-20-10-2-1-random-8.scen,20,False,opti
20,warehouse-10-20-10-2-1.map,planner,1,1467,1460,174,174,1467,1460,10921,0,64,True,warehouse-10-20-10-2-1-random-8.scen,20,True,opti
100,warehouse-10-20-10-2-1.map,planner,1,10683,7916,202,174,9461,7916,8,0,0,False,warehouse-10-20-10-2-1-random-8.scen,100,False,
100,warehouse-10-20-10-2-1.map,planner,1,9837,7916,174,174,8997,7916,10182,0,0,False,warehouse-10-20-10-2-1-random-8.scen,100,True,
100,warehouse-10-20-10-2-1.map,planner,1,10062,7916,175,174,9260,7916,19,0,0,True,warehouse-10-20-10-2-1-random-8.scen,100,False,opti
100,warehouse-10-20-10-2-1.map,planner,1,9713,7916,176,174,9121,7916,10111,0,0,True,warehouse-10-20-10-2-1-random-8.scen,100,True,opti
100,warehouse-10-20-10-2-1.map,planner,1,10234,7916,203,174,9303,7916,15,0,4,True,warehouse-10-20-10-2-1-random-8.scen,100,False,opti
100,warehouse-10-20-10-2-1.map,planner,1,9466,7916,204,174,8925,7916,10399,0,4,True,warehouse-10-20-10-2-1-random-8.scen,100,True,opti
100,warehouse-10-20-10-2-1.map,planner,1,10234,7916,203,174,9303,7916,15,0,16,True,warehouse-10-20-10-2-1-random-8.scen,100,False,opti
100,warehouse-10-20-10-2-1.map,planner,1,9399,7916,182,174,8826,7916,10264,0,16,True,warehouse-10-20-10-2-1-random-8.scen,100,True,opti
100,warehouse-10-20-10-2-1.map,planner,1,10234,7916,203,174,9303,7916,15,0,64,True,warehouse-10-20-10-2-1-random-8.scen,100,False,opti
100,warehouse-10-20-10-2-1.map,planner,1,9874,7916,202,174,9208,7916,10228,0,64,True,warehouse-10-20-10-2-1-random-8.scen,100,True,opti
180,warehouse-10-20-10-2-1.map,planner,1,19801,13211,204,186,17296,13211,14,0,0,False,warehouse-10-20-10-2-1-random-8.scen,180,False,
180,warehouse-10-20-10-2-1.map,planner,1,19653,13211,197,186,16812,13211,10220,0,0,False,warehouse-10-20-10-2-1-random-8.scen,180,True,
180,warehouse-10-20-10-2-1.map,planner,1,20014,13211,220,186,17292,13211,463,0,0,True,warehouse-10-20-10-2-1-random-8.scen,180,False,opti
180,warehouse-10-20-10-2-1.map,planner,1,19659,13211,206,186,16759,13211,10448,0,0,True,warehouse-10-20-10-2-1-random-8.scen,180,True,opti
180,warehouse-10-20-10-2-1.map,planner,1,20745,13211,275,186,18206,13211,266,0,4,True,warehouse-10-20-10-2-1-random-8.scen,180,False,opti
180,warehouse-10-20-10-2-1.map,planner,1,19860,13211,227,186,17152,13211,10132,0,4,True,warehouse-10-20-10-2-1-random-8.scen,180,True,opti
180,warehouse-10-20-10-2-1.map,planner,1,20745,13211,275,186,18206,13211,268,0,16,True,warehouse-10-20-10-2-1-random-8.scen,180,False,opti
180,warehouse-10-20-10-2-1.map,planner,1,20698,13211,231,186,17622,13211,10176,0,16,True,warehouse-10-20-10-2-1-random-8.scen,180,True,opti
180,warehouse-10-20-10-2-1.map,planner,1,20745,13211,275,186,18206,13211,266,0,64,True,warehouse-10-20-10-2-1-random-8.scen,180,False,opti
180,warehouse-10-20-10-2-1.map,planner,1,21241,13211,338,186,18153,13211,10212,0,64,True,warehouse-10-20-10-2-1-random-8.scen,180,True,opti
260,warehouse-10-20-10-2-1.map,planner,1,32235,19427,224,186,27618,19427,23,0,0,False,warehouse-10-20-10-2-1-random-8.scen,260,False,
260,warehouse-10-20-10-2-1.map,planner,1,31504,19427,220,186,27143,19427,10241,0,0,False,warehouse-10-20-10-2-1-random-8.scen,260,True,
260,warehouse-10-20-10-2-1.map,planner,0,0,19427,0,186,0,19427,10351,0,0,True,warehouse-10-20-10-2-1-random-8.scen,260,False,opti
260,warehouse-10-20-10-2-1.map,planner,0,0,19427,0,186,0,19427,10336,0,0,True,warehouse-10-20-10-2-1-random-8.scen,260,True,opti
260,warehouse-10-20-10-2-1.map,planner,0,0,19427,0,186,0,19427,10270,0,4,True,warehouse-10-20-10-2-1-random-8.scen,260,False,opti
260,warehouse-10-20-10-2-1.map,planner,0,0,19427,0,186,0,19427,10266,0,4,True,warehouse-10-20-10-2-1-random-8.scen,260,True,opti
260,warehouse-10-20-10-2-1.map,planner,0,0,19427,0,186,0,19427,10264,0,16,True,warehouse-10-20-10-2-1-random-8.scen,260,False,opti
260,warehouse-10-20-10-2-1.map,planner,0,0,19427,0,186,0,19427,10264,0,16,True,warehouse-10-20-10-2-1-random-8.scen,260,True,opti
260,warehouse-10-20-10-2-1.map,planner,0,0,19427,0,186,0,19427,10284,0,64,True,warehouse-10-20-10-2-1-random-8.scen,260,False,opti
260,warehouse-10-20-10-2-1.map,planner,0,0,19427,0,186,0,19427,10276,0,64,True,warehouse-10-20-10-2-1-random-8.scen,260,True,opti
20,warehouse-10-20-10-2-1.map,planner,1,1689,1490,167,167,1553,1490,1,0,0,False,warehouse-10-20-10-2-1-random-3.scen,20,False,
20,warehouse-10-20-10-2-1.map,planner,1,1509,1490,167,167,1504,1490,10864,0,0,False,warehouse-10-20-10-2-1-random-3.scen,20,True,
20,warehouse-10-20-10-2-1.map,planner,1,1689,1490,167,167,1553,1490,1,0,0,True,warehouse-10-20-10-2-1-random-3.scen,20,False,opti
20,warehouse-10-20-10-2-1.map,planner,1,1509,1490,167,167,1504,1490,10884,0,0,True,warehouse-10-20-10-2-1-random-3.scen,20,True,opti
20,warehouse-10-20-10-2-1.map,planner,1,1689,1490,167,167,1553,1490,1,0,4,True,warehouse-10-20-10-2-1-random-3.scen,20,False,opti
20,warehouse-10-20-10-2-1.map,planner,1,1509,1490,167,167,1504,1490,11014,0,4,True,warehouse-10-20-10-2-1-random-3.scen,20,True,opti
20,warehouse-10-20-10-2-1.map,planner,1,1689,1490,167,167,1553,1490,1,0,16,True,warehouse-10-20-10-2-1-random-3.scen,20,False,opti
20,warehouse-10-20-10-2-1.map,planner,1,1509,1490,167,167,1504,1490,11017,0,16,True,warehouse-10-20-10-2-1-random-3.scen,20,True,opti
20,warehouse-10-20-10-2-1.map,planner,1,1689,1490,167,167,1553,1490,1,0,64,True,warehouse-10-20-10-2-1-random-3.scen,20,False,opti
20,warehouse-10-20-10-2-1.map,planner,1,1509,1490,167,167,1504,1490,11010,0,64,True,warehouse-10-20-10-2-1-random-3.scen,20,True,opti
100,warehouse-10-20-10-2-1.map,planner,1,11200,8969,184,173,10332,8969,8,0,0,False,warehouse-10-20-10-2-1-random-3.scen,100,False,
100,warehouse-10-20-10-2-1.map,planner,1,11221,8969,230,173,10218,8969,10238,0,0,False,warehouse-10-20-10-2-1-random-3.scen,100,True,
100,warehouse-10-20-10-2-1.map,planner,1,11947,8969,227,173,10835,8969,87,0,0,True,warehouse-10-20-10-2-1-random-3.scen,100,False,opti
100,warehouse-10-20-10-2-1.map,planner,1,11647,8969,232,173,10650,8969,10104,0,0,True,warehouse-10-20-10-2-1-random-3.scen,100,True,opti
100,warehouse-10-20-10-2-1.map,planner,1,11526,8969,207,173,10555,8969,568,0,4,True,warehouse-10-20-10-2-1-random-3.scen,100,False,opti
100,warehouse-10-20-10-2-1.map,planner,1,11490,8969,207,173,10553,8969,10318,0,4,True,warehouse-10-20-10-2-1-random-3.scen,100,True,opti
100,warehouse-10-20-10-2-1.map,planner,1,11526,8969,207,173,10555,8969,573,0,16,True,warehouse-10-20-10-2-1-random-3.scen,100,False,opti
100,warehouse-10-20-10-2-1.map,planner,1,11490,8969,207,173,10553,8969,10346,0,16,True,warehouse-10-20-10-2-1-random-3.scen,100,True,opti
100,warehouse-10-20-10-2-1.map,planner,1,11526,8969,207,173,10555,8969,581,0,64,True,warehouse-10-20-10-2-1-random-3.scen,100,False,opti
100,warehouse-10-20-10-2-1.map,planner,1,11490,8969,207,173,10553,8969,10346,0,64,True,warehouse-10-20-10-2-1-random-3.scen,100,True,opti
180,warehouse-10-20-10-2-1.map,planner,1,21891,14833,217,173,18893,14833,16,0,0,False,warehouse-10-20-10-2-1-random-3.scen,180,False,
180,warehouse-10-20-10-2-1.map,planner,1,21891,14833,217,173,18893,14833,10133,0,0,False,warehouse-10-20-10-2-1-random-3.scen,180,True,
180,warehouse-10-20-10-2-1.map,planner,0,0,14833,0,173,0,14833,10507,0,0,True,warehouse-10-20-10-2-1-random-3.scen,180,False,opti
180,warehouse-10-20-10-2-1.map,planner,0,0,14833,0,173,0,14833,10469,0,0,True,warehouse-10-20-10-2-1-random-3.scen,180,True,opti
180,warehouse-10-20-10-2-1.map,planner,0,0,14833,0,173,0,14833,10448,0,4,True,warehouse-10-20-10-2-1-random-3.scen,180,False,opti
180,warehouse-10-20-10-2-1.map,planner,0,0,14833,0,173,0,14833,10449,0,4,True,warehouse-10-20-10-2-1-random-3.scen,180,True,opti
180,warehouse-10-20-10-2-1.map,planner,0,0,14833,0,173,0,14833,10463,0,16,True,warehouse-10-20-10-2-1-random-3.scen,180,False,opti
180,warehouse-10-20-10-2-1.map,planner,0,0,14833,0,173,0,14833,10453,0,16,True,warehouse-10-20-10-2-1-random-3.scen,180,True,opti
180,warehouse-10-20-10-2-1.map,planner,0,0,14833,0,173,0,14833,10461,0,64,True,warehouse-10-20-10-2-1-random-3.scen,180,False,opti
180,warehouse-10-20-10-2-1.map,planner,0,0,14833,0,173,0,14833,10476,0,64,True,warehouse-10-20-10-2-1-random-3.scen,180,True,opti
260,warehouse-10-20-10-2-1.map,planner,1,35411,21022,267,213,29182,21022,26,0,0,False,warehouse-10-20-10-2-1-random-3.scen,260,False,
260,warehouse-10-20-10-2-1.map,planner,1,34966,21022,220,213,29005,21022,10100,0,0,False,warehouse-10-20-10-2-1-random-3.scen,260,True,
260,warehouse-10-20-10-2-1.map,planner,0,0,21022,0,213,0,21022,10359,0,0,True,warehouse-10-20-10-2-1-random-3.scen,260,False,opti
260,warehouse-10-20-10-2-1.map,planner,0,0,21022,0,213,0,21022,10332,0,0,True,warehouse-10-20-10-2-1-random-3.scen,260,True,opti
260,warehouse-10-20-10-2-1.map,planner,0,0,21022,0,213,0,21022,10277,0,4,True,warehouse-10-20-10-2-1-random-3.scen,260,False,opti
260,warehouse-10-20-10-2-1.map,planner,0,0,21022,0,213,0,21022,10260,0,4,True,warehouse-10-20-10-2-1-random-3.scen,260,True,opti
260,warehouse-10-20-10-2-1.map,planner,0,0,21022,0,213,0,21022,10272,0,16,True,warehouse-10-20-10-2-1-random-3.scen,260,False,opti
260,warehouse-10-20-10-2-1.map,planner,0,0,21022,0,213,0,21022,10270,0,16,True,warehouse-10-20-10-2-1-random-3.scen,260,True,opti
260,warehouse-10-20-10-2-1.map,planner,0,0,21022,0,213,0,21022,10275,0,64,True,warehouse-10-20-10-2-1-random-3.scen,260,False,opti
260,warehouse-10-20-10-2-1.map,planner,0,0,21022,0,213,0,21022,10269,0,64,True,warehouse-10-20-10-2-1-random-3.scen,260,True,opti
20,warehouse-10-20-10-2-1.map,planner,1,1564,1392,152,152,1416,1392,1,0,0,False,warehouse-10-20-10-2-1-random-5.scen,20,False,
20,warehouse-10-20-10-2-1.map,planner,1,1509,1392,152,152,1394,1392,10533,0,0,False,warehouse-10-20-10-2-1-random-5.scen,20,True,
20,warehouse-10-20-10-2-1.map,planner,1,1564,1392,152,152,1416,1392,1,0,0,True,warehouse-10-20-10-2-1-random-5.scen,20,False,opti
20,warehouse-10-20-10-2-1.map,planner,1,1509,1392,152,152,1394,1392,10501,0,0,True,warehouse-10-20-10-2-1-random-5.scen,20,True,opti
20,warehouse-10-20-10-2-1.map,planner,1,1564,1392,152,152,1416,1392,1,0,4,True,warehouse-10-20-10-2-1-random-5.scen,20,False,opti
20,warehouse-10-20-10-2-1.map,planner,1,1509,1392,152,152,1394,1392,10498,0,4,True,warehouse-10-20-10-2-1-random-5.scen,20,True,opti
20,warehouse-10-20-10-2-1.map,planner,1,1564,1392,152,152,1416,1392,1,0,16,True,warehouse-10-20-10-2-1-random-5.scen,20,False,opti
20,warehouse-10-20-10-2-1.map,planner,1,1509,1392,152,152,1394,1392,10507,0,16,True,warehouse-10-20-10-2-1-random-5.scen,20,True,opti
20,warehouse-10-20-10-2-1.map,planner,1,1564,1392,152,152,1416,1392,1,0,64,True,warehouse-10-20-10-2-1-random-5.scen,20,False,opti
20,warehouse-10-20-10-2-1.map,planner,1,1509,1392,152,152,1394,1392,10495,0,64,True,warehouse-10-20-10-2-1-random-5.scen,20,True,opti
100,warehouse-10-20-10-2-1.map,planner,1,11018,8536,197,175,9682,8536,8,0,0,False,warehouse-10-20-10-2-1-random-5.scen,100,False,
100,warehouse-10-20-10-2-1.map,planner,1,11018,8536,197,175,9682,8536,10224,0,0,False,warehouse-10-20-10-2-1-random-5.scen,100,True,
100,warehouse-10-20-10-2-1.map,planner,1,11007,8536,210,175,9999,8536,59,0,0,True,warehouse-10-20-10-2-1-random-5.scen,100,False,opti
100,warehouse-10-20-10-2-1.map,planner,1,11116,8536,221,175,9780,8536,10150,0,0,True,warehouse-10-20-10-2-1-random-5.scen,100,True,opti
100,warehouse-10-20-10-2-1.map,planner,1,11344,8536,212,175,10234,8536,119,0,4,True,warehouse-10-20-10-2-1-random-5.scen,100,False,opti
100,warehouse-10-20-10-2-1.map,planner,1,10971,8536,217,175,9999,8536,10221,0,4,True,warehouse-10-20-10-2-1-random-5.scen,100,True,opti
100,warehouse-10-20-10-2-1.map,planner,1,11344,8536,212,175,10234,8536,119,0,16,True,warehouse-10-20-10-2-1-random-5.scen,100,False,opti
100,warehouse-10-20-10-2-1.map,planner,1,11588,8536,251,175,10197,8536,10259,0,16,True,warehouse-10-20-10-2-1-random-5.scen,100,True,opti
100,warehouse-10-20-10-2-1.map,planner,1,11344,8536,212,175,10234,8536,118,0,64,True,warehouse-10-20-10-2-1-random-5.scen,100,False,opti
100,warehouse-10-20-10-2-1.map,planner,1,11588,8536,251,175,10197,8536,10261,0,64,True,warehouse-10-20-10-2-1-random-5.scen,100,True,opti
180,warehouse-10-20-10-2-1.map,planner,1,20952,14502,198,198,17881,14502,16,0,0,False,warehouse-10-20-10-2-1-random-5.scen,180,False,
180,warehouse-10-20-10-2-1.map,planner,1,20952,14502,198,198,17881,14502,10127,0,0,False,warehouse-10-20-10-2-1-random-5.scen,180,True,
180,warehouse-10-20-10-2-1.map,planner,1,20774,14502,222,198,18084,14502,9157,0,0,True,warehouse-10-20-10-2-1-random-5.scen,180,False,opti
180,warehouse-10-20-10-2-1.map,planner,1,20815,14502,226,198,17913,14502,10440,0,0,True,warehouse-10-20-10-2-1-random-5.scen,180,True,opti
180,warehouse-10-20-10-2-1.map,planner,1,22475,14502,337,198,19500,14502,937,0,4,True,warehouse-10-20-10-2-1-random-5.scen,180,False,opti
180,warehouse-10-20-10-2-1.map,planner,1,22475,14502,337,198,19500,14502,10249,0,4,True,warehouse-10-20-10-2-1-random-5.scen,180,True,opti
180,warehouse-10-20-10-2-1.map,planner,1,22475,14502,337,198,19500,14502,925,0,16,True,warehouse-10-20-10-2-1-random-5.scen,180,False,opti
180,warehouse-10-20-10-2-1.map,planner,1,22475,14502,337,198,19500,14502,10238,0,16,True,warehouse-10-20-10-2-1-random-5.scen,180,True,opti
180,warehouse-10-20-10-2-1.map,planner,1,22475,14502,337,198,19500,14502,921,0,64,True,warehouse-10-20-10-2-1-random-5.scen,180,False,opti
180,warehouse-10-20-10-2-1.map,planner,1,22475,14502,337,198,19500,14502,10185,0,64,True,warehouse-10-20-10-2-1-random-5.scen,180,True,opti
260,warehouse-10-20-10-2-1.map,planner,1,34164,20583,237,198,28730,20583,24,0,0,False,warehouse-10-20-10-2-1-random-5.scen,260,False,
260,warehouse-10-20-10-2-1.map,planner,1,33092,20583,220,198,27745,20583,10240,0,0,False,warehouse-10-20-10-2-1-random-5.scen,260,True,
260,warehouse-10-20-10-2-1.map,planner,0,0,20583,0,198,0,20583,10340,0,0,True,warehouse-10-20-10-2-1-random-5.scen,260,False,opti
260,warehouse-10-20-10-2-1.map,planner,0,0,20583,0,198,0,20583,10326,0,0,True,warehouse-10-20-10-2-1-random-5.scen,260,True,opti
260,warehouse-10-20-10-2-1.map,planner,0,0,20583,0,198,0,20583,10314,0,4,True,warehouse-10-20-10-2-1-random-5.scen,260,False,opti
260,warehouse-10-20-10-2-1.map,planner,0,0,20583,0,198,0,20583,10294,0,4,True,warehouse-10-20-10-2-1-random-5.scen,260,True,opti
260,warehouse-10-20-10-2-1.map,planner,0,0,20583,0,198,0,20583,10312,0,16,True,warehouse-10-20-10-2-1-random-5.scen,260,False,opti
260,warehouse-10-20-10-2-1.map,planner,0,0,20583,0,198,0,20583,10300,0,16,True,warehouse-10-20-10-2-1-random-5.scen,260,True,opti
260,warehouse-10-20-10-2-1.map,planner,0,0,20583,0,198,0,20583,10308,0,64,True,warehouse-10-20-10-2-1-random-5.scen,260,False,opti
260,warehouse-10-20-10-2-1.map,planner,0,0,20583,0,198,0,20583,10303,0,64,True,warehouse-10-20-10-2-1-random-5.scen,260,True,opti
20,warehouse-10-20-10-2-1.map,planner,1,1565,1476,166,166,1506,1476,1,0,0,False,warehouse-10-20-10-2-1-random-23.scen,20,False,
20,warehouse-10-20-10-2-1.map,planner,1,1546,1476,166,166,1487,1476,11072,0,0,False,warehouse-10-20-10-2-1-random-23.scen,20,True,
20,warehouse-10-20-10-2-1.map,planner,1,1565,1476,166,166,1506,1476,1,0,0,True,warehouse-10-20-10-2-1-random-23.scen,20,False,opti
20,warehouse-10-20-10-2-1.map,planner,1,1546,1476,166,166,1487,1476,11032,0,0,True,warehouse-10-20-10-2-1-random-23.scen,20,True,opti
20,warehouse-10-20-10-2-1.map,planner,1,1565,1476,166,166,1506,1476,1,0,4,True,warehouse-10-20-10-2-1-random-23.scen,20,False,opti
20,warehouse-10-20-10-2-1.map,planner,1,1546,1476,166,166,1487,1476,11047,0,4,True,warehouse-10-20-10-2-1-random-23.scen,20,True,opti
20,warehouse-10-20-10-2-1.map,planner,1,1565,1476,166,166,1506,1476,1,0,16,True,warehouse-10-20-10-2-1-random-23.scen,20,False,opti
20,warehouse-10-20-10-2-1.map,planner,1,1546,1476,166,166,1487,1476,11065,0,16,True,warehouse-10-20-10-2-1-random-23.scen,20,True,opti
20,warehouse-10-20-10-2-1.map,planner,1,1565,1476,166,166,1506,1476,1,0,64,True,warehouse-10-20-10-2-1-random-23.scen,20,False,opti
20,warehouse-10-20-10-2-1.map,planner,1,1546,1476,166,166,1487,1476,11045,0,64,True,warehouse-10-20-10-2-1-random-23.scen,20,True,opti
100,warehouse-10-20-10-2-1.map,planner,1,11970,8951,198,189,10769,8951,9,0,0,False,warehouse-10-20-10-2-1-random-23.scen,100,False,
100,warehouse-10-20-10-2-1.map,planner,1,11266,8951,217,189,10457,8951,10230,0,0,False,warehouse-10-20-10-2-1-random-23.scen,100,True,
100,warehouse-10-20-10-2-1.map,planner,1,12609,8951,260,189,11077,8951,12,0,0,True,warehouse-10-20-10-2-1-random-23.scen,100,False,opti
100,warehouse-10-20-10-2-1.map,planner,1,11316,8951,191,189,10372,8951,10305,0,0,True,warehouse-10-20-10-2-1-random-23.scen,100,True,opti
100,warehouse-10-20-10-2-1.map,planner,1,11240,8951,191,189,10395,8951,8,0,4,True,warehouse-10-20-10-2-1-random-23.scen,100,False,opti
100,warehouse-10-20-10-2-1.map,planner,1,11180,8951,189,189,10387,8951,10185,0,4,True,warehouse-10-20-10-2-1-random-23.scen,100,True,opti
100,warehouse-10-20-10-2-1.map,planner,1,11240,8951,191,189,10395,8951,9,0,16,True,warehouse-10-20-10-2-1-random-23.scen,100,False,opti
100,warehouse-10-20-10-2-1.map,planner,1,11180,8951,189,189,10387,8951,10177,0,16,True,warehouse-10-20-10-2-1-random-23.scen,100,True,opti
100,warehouse-10-20-10-2-1.map,planner,1,11240,8951,191,189,10395,8951,8,0,64,True,warehouse-10-20-10-2-1-random-23.scen,100,False,opti
100,warehouse-10-20-10-2-1.map,planner,1,11180,8951,189,189,10387,8951,10183,0,64,True,warehouse-10-20-10-2-1-random-23.scen,100,True,opti
180,warehouse-10-20-10-2-1.map,planner,1,21460,14865,193,189,18702,14865,16,0,0,False,warehouse-10-20-10-2-1-random-23.scen,180,False,
180,warehouse-10-20-10-2-1.map,planner,1,21460,14865,193,189,18702,14865,10157,0,0,False,warehouse-10-20-10-2-1-random-23.scen,180,True,
180,warehouse-10-20-10-2-1.map,planner,1,21864,14865,224,189,19289,14865,8211,0,0,True,warehouse-10-20-10-2-1-random-23.scen,180,False,opti
180,warehouse-10-20-10-2-1.map,planner,1,21864,14865,224,189,19289,14865,10433,0,0,True,warehouse-10-20-10-2-1-random-23.scen,180,True,opti
180,warehouse-10-20-10-2-1.map,planner,1,25132,14865,426,189,21273,14865,701,0,4,True,warehouse-10-20-10-2-1-random-23.scen,180,False,opti
180,warehouse-10-20-10-2-1.map,planner,0,0,14865,0,189,0,14865,10444,0,4,True,warehouse-10-20-10-2-1-random-23.scen,180,True,opti
180,warehouse-10-20-10-2-1.map,planner,1,27588,14865,450,189,22452,14865,7451,0,16,True,warehouse-10-20-10-2-1-random-23.scen,180,False,opti
180,warehouse-10-20-10-2-1.map,planner,1,27588,14865,450,189,22450,14865,10412,0,16,True,warehouse-10-20-10-2-1-random-23.scen,180,True,opti
180,warehouse-10-20-10-2-1.map,planner,1,24624,14865,313,189,20793,14865,6418,0,64,True,warehouse-10-20-10-2-1-random-23.scen,180,False,opti
180,warehouse-10-20-10-2-1.map,planner,1,24504,14865,313,189,20791,14865,10369,0,64,True,warehouse-10-20-10-2-1-random-23.scen,180,True,opti
260,warehouse-10-20-10-2-1.map,planner,1,36640,21510,279,212,30719,21510,27,0,0,False,warehouse-10-20-10-2-1-random-23.scen,260,False,
260,warehouse-10-20-10-2-1.map,planner,1,34526,21510,241,212,29417,21510,10405,0,0,False,warehouse-10-20-10-2-1-random-23.scen,260,True,
260,warehouse-10-20-10-2-1.map,planner,0,0,21510,0,212,0,21510,10312,0,0,True,warehouse-10-20-10-2-1-random-23.scen,260,False,opti
260,warehouse-10-20-10-2-1.map,planner,0,0,21510,0,212,0,21510,10302,0,0,True,warehouse-10-20-10-2-1-random-23.scen,260,True,opti
260,warehouse-10-20-10-2-1.map,planner,0,0,21510,0,212,0,21510,10291,0,4,True,warehouse-10-20-10-2-1-random-23.scen,260,False,opti
260,warehouse-10-20-10-2-1.map,planner,0,0,21510,0,212,0,21510,10283,0,4,True,warehouse-10-20-10-2-1-random-23.scen,260,True,opti
260,warehouse-10-20-10-2-1.map,planner,0,0,21510,0,212,0,21510,10279,0,16,True,warehouse-10-20-10-2-1-random-23.scen,260,False,opti
260,warehouse-10-20-10-2-1.map,planner,0,0,21510,0,212,0,21510,10255,0,16,True,warehouse-10-20-10-2-1-random-23.scen,260,True,opti
260,warehouse-10-20-10-2-1.map,planner,0,0,21510,0,212,0,21510,10264,0,64,True,warehouse-10-20-10-2-1-random-23.scen,260,False,opti
260,warehouse-10-20-10-2-1.map,planner,0,0,21510,0,212,0,21510,10269,0,64,True,warehouse-10-20-10-2-1-random-23.scen,260,True,opti
20,warehouse-10-20-10-2-1.map,planner,1,1529,1356,165,165,1413,1356,1,0,0,False,warehouse-10-20-10-2-1-random-11.scen,20,False,
20,warehouse-10-20-10-2-1.map,planner,1,1540,1356,166,165,1382,1356,10632,0,0,False,warehouse-10-20-10-2-1-random-11.scen,20,True,
20,warehouse-10-20-10-2-1.map,planner,1,1529,1356,165,165,1413,1356,1,0,0,True,warehouse-10-20-10-2-1-random-11.scen,20,False,opti
20,warehouse-10-20-10-2-1.map,planner,1,1505,1356,166,165,1380,1356,10715,0,0,True,warehouse-10-20-10-2-1-random-11.scen,20,True,opti
20,warehouse-10-20-10-2-1.map,planner,1,1529,1356,165,165,1413,1356,1,0,4,True,warehouse-10-20-10-2-1-random-11.scen,20,False,opti
20,warehouse-10-20-10-2-1.map,planner,1,1494,1356,167,165,1379,1356,11068,0,4,True,warehouse-10-20-10-2-1-random-11.scen,20,True,opti
20,warehouse-10-20-10-2-1.map,planner,1,1529,1356,165,165,1413,1356,1,0,16,True,warehouse-10-20-10-2-1-random-11.scen,20,False,opti
20,warehouse-10-20-10-2-1.map,planner,1,1494,1356,167,165,1379,1356,11071,0,16,True,warehouse-10-20-10-2-1-random-11.scen,20,True,opti
20,warehouse-10-20-10-2-1.map,planner,1,1529,1356,165,165,1413,1356,1,0,64,True,warehouse-10-20-10-2-1-random-11.scen,20,False,opti
20,warehouse-10-20-10-2-1.map,planner,1,1494,1356,167,165,1379,1356,11076,0,64,True,warehouse-10-20-10-2-1-random-11.scen,20,True,opti
100,warehouse-10-20-10-2-1.map,planner,1,12131,8761,207,185,10653,8761,9,0,0,False,warehouse-10-20-10-2-1-random-11.scen,100,False,
100,warehouse-10-20-10-2-1.map,planner,1,12111,8761,197,185,10633,8761,10189,0,0,False,warehouse-10-20-10-2-1-random-11.scen,100,True,
100,warehouse-10-20-10-2-1.map,planner,0,0,8761,0,185,0,8761,11142,0,0,True,warehouse-10-20-10-2-1-random-11.scen,100,False,opti
100,warehouse-10-20-10-2-1.map,planner,0,0,8761,0,185,0,8761,11036,0,0,True,warehouse-10-20-10-2-1-random-11.scen,100,True,opti
100,warehouse-10-20-10-2-1.map,planner,0,0,8761,0,185,0,8761,11113,0,4,True,warehouse-10-20-10-2-1-random-11.scen,100,False,opti
100,warehouse-10-20-10-2-1.map,planner,0,0,8761,0,185,0,8761,11055,0,4,True,warehouse-10-20-10-2-1-random-11.scen,100,True,opti
100,warehouse-10-20-10-2-1.map,planner,0,0,8761,0,185,0,8761,11115,0,16,True,warehouse-10-20-10-2-1-random-11.scen,100,False,opti
100,warehouse-10-20-10-2-1.map,planner,0,0,8761,0,185,0,8761,11065,0,16,True,warehouse-10-20-10-2-1-random-11.scen,100,True,opti
100,warehouse-10-20-10-2-1.map,planner,0,0,8761,0,185,0,8761,11110,0,64,True,warehouse-10-20-10-2-1-random-11.scen,100,False,opti
100,warehouse-10-20-10-2-1.map,planner,0,0,8761,0,185,0,8761,11053,0,64,True,warehouse-10-20-10-2-1-random-11.scen,100,True,opti
180,warehouse-10-20-10-2-1.map,planner,1,23012,14772,252,185,19726,14772,16,0,0,False,warehouse-10-20-10-2-1-random-11.scen,180,False,
180,warehouse-10-20-10-2-1.map,planner,1,23005,14772,213,185,19575,14772,10219,0,0,False,warehouse-10-20-10-2-1-random-11.scen,180,True,
180,warehouse-10-20-10-2-1.map,planner,0,0,14772,0,185,0,14772,10505,0,0,True,warehouse-10-20-10-2-1-random-11.scen,180,False,opti
180,warehouse-10-20-10-2-1.map,planner,0,0,14772,0,185,0,14772,10483,0,0,True,warehouse-10-20-10-2-1-random-11.scen,180,True,opti
180,warehouse-10-20-10-2-1.map,planner,0,0,14772,0,185,0,14772,10460,0,4,True,warehouse-10-20-10-2-1-random-11.scen,180,False,opti
180,warehouse-10-20-10-2-1.map,planner,0,0,14772,0,185,0,14772,10445,0,4,True,warehouse-10-20-10-2-1-random-11.scen,180,True,opti
180,warehouse-10-20-10-2-1.map,planner,0,0,14772,0,185,0,14772,10467,0,16,True,warehouse-10-20-10-2-1-random-11.scen,180,False,opti
180,warehouse-10-20-10-2-1.map,planner,0,0,14772,0,185,0,14772,10450,0,16,True,warehouse-10-20-10-2-1-random-11.scen,180,True,opti
180,warehouse-10-20-10-2-1.map,planner,0,0,14772,0,185,0,14772,10454,0,64,True,warehouse-10-20-10-2-1-random-11.scen,180,False,opti
180,warehouse-10-20-10-2-1.map,planner,0,0,14772,0,185,0,14772,10458,0,64,True,warehouse-10-20-10-2-1-random-11.scen,180,True,opti
260,warehouse-10-20-10-2-1.map,planner,1,35241,20877,256,185,30161,20877,25,0,0,False,warehouse-10-20-10-2-1-random-11.scen,260,False,
260,warehouse-10-20-10-2-1.map,planner,1,34902,20877,230,185,29743,20877,10296,0,0,False,warehouse-10-20-10-2-1-random-11.scen,260,True,
260,warehouse-10-20-10-2-1.map,planner,0,0,20877,0,185,0,20877,10353,0,0,True,warehouse-10-20-10-2-1-random-11.scen,260,False,opti
260,warehouse-10-20-10-2-1.map,planner,0,0,20877,0,185,0,20877,10334,0,0,True,warehouse-10-20-10-2-1-random-11.scen,260,True,opti
260,warehouse-10-20-10-2-1.map,planner,0,0,20877,0,185,0,20877,10258,0,4,True,warehouse-10-20-10-2-1-random-11.scen,260,False,opti
260,warehouse-10-20-10-2-1.map,planner,0,0,20877,0,185,0,20877,10253,0,4,True,warehouse-10-20-10-2-1-random-11.scen,260,True,opti
260,warehouse-10-20-10-2-1.map,planner,0,0,20877,0,185,0,20877,10255,0,16,True,warehouse-10-20-10-2-1-random-11.scen,260,False,opti
260,warehouse-10-20-10-2-1.map,planner,0,0,20877,0,185,0,20877,10250,0,16,True,warehouse-10-20-10-2-1-random-11.scen,260,True,opti
260,warehouse-10-20-10-2-1.map,planner,0,0,20877,0,185,0,20877,10268,0,64,True,warehouse-10-20-10-2-1-random-11.scen,260,False,opti
260,warehouse-10-20-10-2-1.map,planner,0,0,20877,0,185,0,20877,10262,0,64,True,warehouse-10-20-10-2-1-random-11.scen,260,True,opti
20,warehouse-10-20-10-2-1.map,planner,1,1680,1470,168,168,1546,1470,1,0,0,False,warehouse-10-20-10-2-1-random-18.scen,20,False,
20,warehouse-10-20-10-2-1.map,planner,1,1570,1470,168,168,1489,1470,10937,0,0,False,warehouse-10-20-10-2-1-random-18.scen,20,True,
20,warehouse-10-20-10-2-1.map,planner,1,1680,1470,168,168,1546,1470,1,0,0,True,warehouse-10-20-10-2-1-random-18.scen,20,False,opti
20,warehouse-10-20-10-2-1.map,planner,1,1504,1470,170,168,1488,1470,10991,0,0,True,warehouse-10-20-10-2-1-random-18.scen,20,True,opti
20,warehouse-10-20-10-2-1.map,planner,1,1680,1470,168,168,1546,1470,1,0,4,True,warehouse-10-20-10-2-1-random-18.scen,20,False,opti
20,warehouse-10-20-10-2-1.map,planner,1,1506,1470,168,168,1492,1470,10791,0,4,True,warehouse-10-20-10-2-1-random-18.scen,20,True,opti
20,warehouse-10-20-10-2-1.map,planner,1,1680,1470,168,168,1546,1470,1,0,16,True,warehouse-10-20-10-2-1-random-18.scen,20,False,opti
20,warehouse-10-20-10-2-1.map,planner,1,1506,1470,168,168,1492,1470,10805,0,16,True,warehouse-10-20-10-2-1-random-18.scen,20,True,opti
20,warehouse-10-20-10-2-1.map,planner,1,1680,1470,168,168,1546,1470,1,0,64,True,warehouse-10-20-10-2-1-random-18.scen,20,False,opti
20,warehouse-10-20-10-2-1.map,planner,1,1506,1470,168,168,1492,1470,10795,0,64,True,warehouse-10-20-10-2-1-random-18.scen,20,True,opti
100,warehouse-10-20-10-2-1.map,planner,1,11332,8173,207,186,9861,8173,8,0,0,False,warehouse-10-20-10-2-1-random-18.scen,100,False,
100,warehouse-10-20-10-2-1.map,planner,1,10058,8173,188,186,9329,8173,10406,0,0,False,warehouse-10-20-10-2-1-random-18.scen,100,True,
100,warehouse-10-20-10-2-1.map,planner,1,10661,8173,187,186,9827,8173,15,0,0,True,warehouse-10-20-10-2-1-random-18.scen,100,False,opti
100,warehouse-10-20-10-2-1.map,planner,1,10347,8173,188,186,9404,8173,10610,0,0,True,warehouse-10-20-10-2-1-random-18.scen,100,True,opti
100,warehouse-10-20-10-2-1.map,planner,1,11301,8173,291,186,10009,8173,11,0,4,True,warehouse-10-20-10-2-1-random-18.scen,100,False,opti
100,warehouse-10-20-10-2-1.map,planner,1,10762,8173,232,186,9549,8173,10174,0,4,True,warehouse-10-20-10-2-1-random-18.scen,100,True,opti
100,warehouse-10-20-10-2-1.map,planner,1,11301,8173,291,186,10009,8173,10,0,16,True,warehouse-10-20-10-2-1-random-18.scen,100,False,opti
100,warehouse-10-20-10-2-1.map,planner,1,10762,8173,232,186,9549,8173,10178,0,16,True,warehouse-10-20-10-2-1-random-18.scen,100,True,opti
100,warehouse-10-20-10-2-1.map,planner,1,11301,8173,291,186,10009,8173,10,0,64,True,warehouse-10-20-10-2-1-random-18.scen,100,False,opti
100,warehouse-10-20-10-2-1.map,planner,1,10762,8173,232,186,9549,8173,10174,0,64,True,warehouse-10-20-10-2-1-random-18.scen,100,True,opti
180,warehouse-10-20-10-2-1.map,planner,1,21324,14043,215,186,18210,14043,15,0,0,False,warehouse-10-20-10-2-1-random-18.scen,180,False,
180,warehouse-10-20-10-2-1.map,planner,1,21664,14043,221,186,18193,14043,10112,0,0,False,warehouse-10-20-10-2-1-random-18.scen,180,True,
180,warehouse-10-20-10-2-1.map,planner,1,21118,14043,237,186,18319,14043,516,0,0,True,warehouse-10-20-10-2-1-random-18.scen,180,False,opti
180,warehouse-10-20-10-2-1.map,planner,1,21118,14043,237,186,18319,14043,10070,0,0,True,warehouse-10-20-10-2-1-random-18.scen,180,True,opti
180,warehouse-10-20-10-2-1.map,planner,1,23320,14043,255,186,19379,14043,4756,0,4,True,warehouse-10-20-10-2-1-random-18.scen,180,False,opti
180,warehouse-10-20-10-2-1.map,planner,1,23320,14043,255,186,19379,14043,10319,0,4,True,warehouse-10-20-10-2-1-random-18.scen,180,True,opti
180,warehouse-10-20-10-2-1.map,planner,1,23320,14043,255,186,19379,14043,4687,0,16,True,warehouse-10-20-10-2-1-random-18.scen,180,False,opti
180,warehouse-10-20-10-2-1.map,planner,1,23320,14043,255,186,19379,14043,10315,0,16,True,warehouse-10-20-10-2-1-random-18.scen,180,True,opti
180,warehouse-10-20-10-2-1.map,planner,1,22226,14043,220,186,18652,14043,1660,0,64,True,warehouse-10-20-10-2-1-random-18.scen,180,False,opti
180,warehouse-10-20-10-2-1.map,planner,1,22226,14043,220,186,18652,14043,10211,0,64,True,warehouse-10-20-10-2-1-random-18.scen,180,True,opti
260,warehouse-10-20-10-2-1.map,planner,1,32605,20100,259,186,27763,20100,25,0,0,False,warehouse-10-20-10-2-1-random-18.scen,260,False,
260,warehouse-10-20-10-2-1.map,planner,1,32605,20100,259,186,27763,20100,10086,0,0,False,warehouse-10-20-10-2-1-random-18.scen,260,True,
260,warehouse-10-20-10-2-1.map,planner,1,34163,20100,295,186,29085,20100,412,0,0,True,warehouse-10-20-10-2-1-random-18.scen,260,False,opti
260,warehouse-10-20-10-2-1.map,planner,1,34161,20100,293,186,29083,20100,10093,0,0,True,warehouse-10-20-10-2-1-random-18.scen,260,True,opti
260,warehouse-10-20-10-2-1.map,planner,0,0,20100,0,186,0,20100,10290,0,4,True,warehouse-10-20-10-2-1-random-18.scen,260,False,opti
260,warehouse-10-20-10-2-1.map,planner,0,0,20100,0,186,0,20100,10292,0,4,True,warehouse-10-20-10-2-1-random-18.scen,260,True,opti
260,warehouse-10-20-10-2-1.map,planner,1,42300,20100,476,186,32776,20100,959,0,16,True,warehouse-10-20-10-2-1-random-18.scen,260,False,opti
260,warehouse-10-20-10-2-1.map,planner,0,0,20100,0,186,0,20100,10284,0,16,True,warehouse-10-20-10-2-1-random-18.scen,260,True,opti
260,warehouse-10-20-10-2-1.map,planner,0,0,20100,0,186,0,20100,10299,0,64,True,warehouse-10-20-10-2-1-random-18.scen,260,False,opti
260,warehouse-10-20-10-2-1.map,planner,0,0,20100,0,186,0,20100,10292,0,64,True,warehouse-10-20-10-2-1-random-18.scen,260,True,opti
20,warehouse-10-20-10-2-1.map,planner,1,1651,1540,172,172,1572,1540,1,0,0,False,warehouse-10-20-10-2-1-random-25.scen,20,False,
20,warehouse-10-20-10-2-1.map,planner,1,1579,1540,174,172,1558,1540,10951,0,0,False,warehouse-10-20-10-2-1-random-25.scen,20,True,
20,warehouse-10-20-10-2-1.map,planner,1,1651,1540,172,172,1572,1540,1,0,0,True,warehouse-10-20-10-2-1-random-25.scen,20,False,opti
20,warehouse-10-20-10-2-1.map,planner,1,1579,1540,174,172,1558,1540,10950,0,0,True,warehouse-10-20-10-2-1-random-25.scen,20,True,opti
20,warehouse-10-20-10-2-1.map,planner,1,1651,1540,172,172,1572,1540,1,0,4,True,warehouse-10-20-10-2-1-random-25.scen,20,False,opti
20,warehouse-10-20-10-2-1.map,planner,1,1697,1540,174,172,1559,1540,10807,0,4,True,warehouse-10-20-10-2-1-random-25.scen,20,True,opti
20,warehouse-10-20-10-2-1.map,planner,1,1651,1540,172,172,1572,1540,1,0,16,True,warehouse-10-20-10-2-1-random-25.scen,20,False,opti
20,warehouse-10-20-10-2-1.map,planner,1,1697,1540,174,172,1559,1540,10806,0,16,True,warehouse-10-20-10-2-1-random-25.scen,20,True,opti
20,warehouse-10-20-10-2-1.map,planner,1,1651,1540,172,172,1572,1540,1,0,64,True,warehouse-10-20-10-2-1-random-25.scen,20,False,opti
20,warehouse-10-20-10-2-1.map,planner,1,1697,1540,174,172,1559,1540,10817,0,64,True,warehouse-10-20-10-2-1-random-25.scen,20,True,opti
100,warehouse-10-20-10-2-1.map,planner,1,11233,8899,218,172,10512,8899,9,0,0,False,warehouse-10-20-10-2-1-random-25.scen,100,False,
100,warehouse-10-20-10-2-1.map,planner,1,11324,8899,199,172,10054,8899,10435,0,0,False,warehouse-10-20-10-2-1-random-25.scen,100,True,
100,warehouse-10-20-10-2-1.map,planner,1,11311,8899,240,172,10657,8899,15,0,0,True,warehouse-10-20-10-2-1-random-25.scen,100,False,opti
100,warehouse-10-20-10-2-1.map,planner,1,10887,8899,200,172,10135,8899,10189,0,0,True,warehouse-10-20-10-2-1-random-25.scen,100,True,opti
100,warehouse-10-20-10-2-1.map,planner,1,11208,8899,242,172,10381,8899,211,0,4,True,warehouse-10-20-10-2-1-random-25.scen,100,False,opti
100,warehouse-10-20-10-2-1.map,planner,1,11208,8899,242,172,10381,8899,10102,0,4,True,warehouse-10-20-10-2-1-random-25.scen,100,True,opti
100,warehouse-10-20-10-2-1.map,planner,1,11208,8899,242,172,10381,8899,199,0,16,True,warehouse-10-20-10-2-1-random-25.scen,100,False,opti
100,warehouse-10-20-10-2-1.map,planner,1,11208,8899,242,172,10381,8899,10099,0,16,True,warehouse-10-20-10-2-1-random-25.scen,100,True,opti
100,warehouse-10-20-10-2-1.map,planner,1,11208,8899,242,172,10381,8899,202,0,64,True,warehouse-10-20-10-2-1-random-25.scen,100,False,opti
100,warehouse-10-20-10-2-1.map,planner,1,11208,8899,242,172,10381,8899,10108,0,64,True,warehouse-10-20-10-2-1-random-25.scen,100,True,opti
180,warehouse-10-20-10-2-1.map,planner,1,21789,14606,269,180,18886,14606,17,0,0,False,warehouse-10-20-10-2-1-random-25.scen,180,False,
180,warehouse-10-20-10-2-1.map,planner,1,20518,14606,219,180,18346,14606,10207,0,0,False,warehouse-10-20-10-2-1-random-25.scen,180,True,
180,warehouse-10-20-10-2-1.map,planner,1,21468,14606,217,180,18962,14606,7778,0,0,True,warehouse-10-20-10-2-1-random-25.scen,180,False,opti
180,warehouse-10-20-10-2-1.map,planner,1,21430,14606,223,180,18500,14606,10489,0,0,True,warehouse-10-20-10-2-1-random-25.scen,180,True,opti
180,warehouse-10-20-10-2-1.map,planner,1,21248,14606,245,180,18657,14606,2798,0,4,True,warehouse-10-20-10-2-1-random-25.scen,180,False,opti
180,warehouse-10-20-10-2-1.map,planner,1,21231,14606,245,180,18655,14606,10258,0,4,True,warehouse-10-20-10-2-1-random-25.scen,180,True,opti
180,warehouse-10-20-10-2-1.map,planner,1,21248,14606,245,180,18657,14606,2783,0,16,True,warehouse-10-20-10-2-1-random-25.scen,180,False,opti
180,warehouse-10-20-10-2-1.map,planner,1,21231,14606,245,180,18655,14606,10260,0,16,True,warehouse-10-20-10-2-1-random-25.scen,180,True,opti
180,warehouse-10-20-10-2-1.map,planner,1,21248,14606,245,180,18657,14606,2767,0,64,True,warehouse-10-20-10-2-1-random-25.scen,180,False,opti
180,warehouse-10-20-10-2-1.map,planner,1,21231,14606,245,180,18655,14606,10256,0,64,True,warehouse-10-20-10-2-1-random-25.scen,180,True,opti
260,warehouse-10-20-10-2-1.map,planner,1,33577,20815,250,180,28454,20815,24,0,0,False,warehouse-10-20-10-2-1-random-25.scen,260,False,
260,warehouse-10-20-10-2-1.map,planner,1,33577,20815,250,180,28454,20815,10276,0,0,False,warehouse-10-20-10-2-1-random-25.scen,260,True,
260,warehouse-10-20-10-2-1.map,planner,0,0,20815,0,180,0,20815,10344,0,0,True,warehouse-10-20-10-2-1-random-25.scen,260,False,opti
260,warehouse-10-20-10-2-1.map,planner,0,0,20815,0,180,0,20815,10340,0,0,True,warehouse-10-20-10-2-1-random-25.scen,260,True,opti
260,warehouse-10-20-10-2-1.map,planner,0,0,20815,0,180,0,20815,10279,0,4,True,warehouse-10-20-10-2-1-random-25.scen,260,False,opti
260,warehouse-10-20-10-2-1.map,planner,0,0,20815,0,180,0,20815,10282,0,4,True,warehouse-10-20-10-2-1-random-25.scen,260,True,opti
260,warehouse-10-20-10-2-1.map,planner,0,0,20815,0,180,0,20815,10292,0,16,True,warehouse-10-20-10-2-1-random-25.scen,260,False,opti
260,warehouse-10-20-10-2-1.map,planner,0,0,20815,0,180,0,20815,10277,0,16,True,warehouse-10-20-10-2-1-random-25.scen,260,True,opti
260,warehouse-10-20-10-2-1.map,planner,0,0,20815,0,180,0,20815,10283,0,64,True,warehouse-10-20-10-2-1-random-25.scen,260,False,opti
260,warehouse-10-20-10-2-1.map,planner,0,0,20815,0,180,0,20815,10292,0,64,True,warehouse-10-20-10-2-1-random-25.scen,260,True,opti
20,warehouse-10-20-10-2-1.map,planner,1,1580,1544,179,170,1580,1544,1,0,0,False,warehouse-10-20-10-2-1-random-19.scen,20,False,
20,warehouse-10-20-10-2-1.map,planner,1,1545,1544,171,170,1545,1544,10619,0,0,False,warehouse-10-20-10-2-1-random-19.scen,20,True,
20,warehouse-10-20-10-2-1.map,planner,1,1580,1544,179,170,1580,1544,1,0,0,True,warehouse-10-20-10-2-1-random-19.scen,20,False,opti
20,warehouse-10-20-10-2-1.map,planner,1,1545,1544,171,170,1545,1544,10600,0,0,True,warehouse-10-20-10-2-1-random-19.scen,20,True,opti
20,warehouse-10-20-10-2-1.map,planner,1,1580,1544,179,170,1580,1544,1,0,4,True,warehouse-10-20-10-2-1-random-19.scen,20,False,opti
20,warehouse-10-20-10-2-1.map,planner,1,1545,1544,171,170,1545,1544,10544,0,4,True,warehouse-10-20-10-2-1-random-19.scen,20,True,opti
20,warehouse-10-20-10-2-1.map,planner,1,1580,1544,179,170,1580,1544,1,0,16,True,warehouse-10-20-10-2-1-random-19.scen,20,False,opti
20,warehouse-10-20-10-2-1.map,planner,1,1545,1544,171,170,1545,1544,10596,0,16,True,warehouse-10-20-10-2-1-random-19.scen,20,True,opti
20,warehouse-10-20-10-2-1.map,planner,1,1580,1544,179,170,1580,1544,1,0,64,True,warehouse-10-20-10-2-1-random-19.scen,20,False,opti
20,warehouse-10-20-10-2-1.map,planner,1,1545,1544,171,170,1545,1544,10609,0,64,True,warehouse-10-20-10-2-1-random-19.scen,20,True,opti
100,warehouse-10-20-10-2-1.map,planner,1,10616,8585,177,177,9634,8585,8,0,0,False,warehouse-10-20-10-2-1-random-19.scen,100,False,
100,warehouse-10-20-10-2-1.map,planner,1,10614,8585,178,177,9631,8585,10365,0,0,False,warehouse-10-20-10-2-1-random-19.scen,100,True,
100,warehouse-10-20-10-2-1.map,planner,1,11549,8585,215,177,10230,8585,325,0,0,True,warehouse-10-20-10-2-1-random-19.scen,100,False,opti
100,warehouse-10-20-10-2-1.map,planner,1,11278,8585,237,177,10126,8585,10272,0,0,True,warehouse-10-20-10-2-1-random-19.scen,100,True,opti
100,warehouse-10-20-10-2-1.map,planner,1,11339,8585,207,177,10140,8585,562,0,4,True,warehouse-10-20-10-2-1-random-19.scen,100,False,opti
100,warehouse-10-20-10-2-1.map,planner,1,11339,8585,207,177,10140,8585,10259,0,4,True,warehouse-10-20-10-2-1-random-19.scen,100,True,opti
100,warehouse-10-20-10-2-1.map,planner,1,11339,8585,207,177,10140,8585,560,0,16,True,warehouse-10-20-10-2-1-random-19.scen,100,False,opti
100,warehouse-10-20-10-2-1.map,planner,1,11339,8585,207,177,10140,8585,10249,0,16,True,warehouse-10-20-10-2-1-random-19.scen,100,True,opti
100,warehouse-10-20-10-2-1.map,planner,1,11339,8585,207,177,10140,8585,578,0,64,True,warehouse-10-20-10-2-1-random-19.scen,100,False,opti
100,warehouse-10-20-10-2-1.map,planner,1,11339,8585,207,177,10140,8585,10265,0,64,True,warehouse-10-20-10-2-1-random-19.scen,100,True,opti
180,warehouse-10-20-10-2-1.map,planner,1,21836,14193,213,177,19183,14193,15,0,0,False,warehouse-10-20-10-2-1-random-19.scen,180,False,
180,warehouse-10-20-10-2-1.map,planner,1,21518,14193,208,177,18515,14193,10373,0,0,False,warehouse-10-20-10-2-1-random-19.scen,180,True,
180,warehouse-10-20-10-2-1.map,planner,0,0,14193,0,177,0,14193,10446,0,0,True,warehouse-10-20-10-2-1-random-19.scen,180,False,opti
180,warehouse-10-20-10-2-1.map,planner,0,0,14193,0,177,0,14193,10422,0,0,True,warehouse-10-20-10-2-1-random-19.scen,180,True,opti
180,warehouse-10-20-10-2-1.map,planner,0,0,14193,0,177,0,14193,10469,0,4,True,warehouse-10-20-10-2-1-random-19.scen,180,False,opti
180,warehouse-10-20-10-2-1.map,planner,0,0,14193,0,177,0,14193,10463,0,4,True,warehouse-10-20-10-2-1-random-19.scen,180,True,opti
180,warehouse-10-20-10-2-1.map,planner,0,0,14193,0,177,0,14193,10481,0,16,True,warehouse-10-20-10-2-1-random-19.scen,180,False,opti
180,warehouse-10-20-10-2-1.map,planner,0,0,14193,0,177,0,14193,10452,0,16,True,warehouse-10-20-10-2-1-random-19.scen,180,True,opti
180,warehouse-10-20-10-2-1.map,planner,0,0,14193,0,177,0,14193,10482,0,64,True,warehouse-10-20-10-2-1-random-19.scen,180,False,opti
180,warehouse-10-20-10-2-1.map,planner,0,0,14193,0,177,0,14193,10461,0,64,True,warehouse-10-20-10-2-1-random-19.scen,180,True,opti
260,warehouse-10-20-10-2-1.map,planner,1,34765,20292,266,203,29500,20292,26,0,0,False,warehouse-10-20-10-2-1-random-19.scen,260,False,
260,warehouse-10-20-10-2-1.map,planner,1,33572,20292,231,203,28390,20292,10159,0,0,False,warehouse-10-20-10-2-1-random-19.scen,260,True,
260,warehouse-10-20-10-2-1.map,planner,0,0,20292,0,203,0,20292,10338,0,0,True,warehouse-10-20-10-2-1-random-19.scen,260,False,opti
260,warehouse-10-20-10-2-1.map,planner,0,0,20292,0,203,0,20292,10334,0,0,True,warehouse-10-20-10-2-1-random-19.scen,260,True,opti
260,warehouse-10-20-10-2-1.map,planner,0,0,20292,0,203,0,20292,10308,0,4,True,warehouse-10-20-10-2-1-random-19.scen,260,False,opti
260,warehouse-10-20-10-2-1.map,planner,0,0,20292,0,203,0,20292,10307,0,4,True,warehouse-10-20-10-2-1-random-19.scen,260,True,opti
260,warehouse-10-20-10-2-1.map,planner,0,0,20292,0,203,0,20292,10318,0,16,True,warehouse-10-20-10-2-1-random-19.scen,260,False,opti
260,warehouse-10-20-10-2-1.map,planner,0,0,20292,0,203,0,20292,10292,0,16,True,warehouse-10-20-10-2-1-random-19.scen,260,True,opti
260,warehouse-10-20-10-2-1.map,planner,0,0,20292,0,203,0,20292,10308,0,64,True,warehouse-10-20-10-2-1-random-19.scen,260,False,opti
260,warehouse-10-20-10-2-1.map,planner,0,0,20292,0,203,0,20292,10301,0,64,True,warehouse-10-20-10-2-1-random-19.scen,260,True,opti
20,warehouse-10-20-10-2-1.map,planner,1,1715,1505,174,174,1597,1505,1,0,0,False,warehouse-10-20-10-2-1-random-1.scen,20,False,
20,warehouse-10-20-10-2-1.map,planner,1,1562,1505,174,174,1529,1505,10393,0,0,False,warehouse-10-20-10-2-1-random-1.scen,20,True,
20,warehouse-10-20-10-2-1.map,planner,1,1715,1505,174,174,1597,1505,1,0,0,True,warehouse-10-20-10-2-1-random-1.scen,20,False,opti
20,warehouse-10-20-10-2-1.map,planner,1,1560,1505,174,174,1527,1505,10870,0,0,True,warehouse-10-20-10-2-1-random-1.scen,20,True,opti
20,warehouse-10-20-10-2-1.map,planner,1,1715,1505,174,174,1597,1505,1,0,4,True,warehouse-10-20-10-2-1-random-1.scen,20,False,opti
20,warehouse-10-20-10-2-1.map,planner,1,1561,1505,175,174,1528,1505,10623,0,4,True,warehouse-10-20-10-2-1-random-1.scen,20,True,opti
20,warehouse-10-20-10-2-1.map,planner,1,1715,1505,174,174,1597,1505,1,0,16,True,warehouse-10-20-10-2-1-random-1.scen,20,False,opti
20,warehouse-10-20-10-2-1.map,planner,1,1561,1505,175,174,1528,1505,10595,0,16,True,warehouse-10-20-10-2-1-random-1.scen,20,True,opti
20,warehouse-10-20-10-2-1.map,planner,1,1715,1505,174,174,1597,1505,1,0,64,True,warehouse-10-20-10-2-1-random-1.scen,20,False,opti
20,warehouse-10-20-10-2-1.map,planner,1,1561,1505,175,174,1528,1505,10606,0,64,True,warehouse-10-20-10-2-1-random-1.scen,20,True,opti
100,warehouse-10-20-10-2-1.map,planner,1,11645,8991,198,198,10608,8991,8,0,0,False,warehouse-10-20-10-2-1-random-1.scen,100,False,
100,warehouse-10-20-10-2-1.map,planner,1,11144,8991,199,198,10230,8991,10407,0,0,False,warehouse-10-20-10-2-1-random-1.scen,100,True,
100,warehouse-10-20-10-2-1.map,planner,1,11665,8991,224,198,10621,8991,303,0,0,True,warehouse-10-20-10-2-1-random-1.scen,100,False,opti
100,warehouse-10-20-10-2-1.map,planner,1,11591,8991,226,198,10479,8991,10302,0,0,True,warehouse-10-20-10-2-1-random-1.scen,100,True,opti
100,warehouse-10-20-10-2-1.map,planner,1,12219,8991,246,198,10884,8991,478,0,4,True,warehouse-10-20-10-2-1-random-1.scen,100,False,opti
100,warehouse-10-20-10-2-1.map,planner,1,12195,8991,266,198,10797,8991,10278,0,4,True,warehouse-10-20-10-2-1-random-1.scen,100,True,opti
100,warehouse-10-20-10-2-1.map,planner,1,12219,8991,246,198,10884,8991,452,0,16,True,warehouse-10-20-10-2-1-random-1.scen,100,False,opti
100,warehouse-10-20-10-2-1.map,planner,1,12195,8991,266,198,10797,8991,10267,0,16,True,warehouse-10-20-10-2-1-random-1.scen,100,True,opti
100,warehouse-10-20-10-2-1.map,planner,1,12219,8991,246,198,10884,8991,474,0,64,True,warehouse-10-20-10-2-1-random-1.scen,100,False,opti
100,warehouse-10-20-10-2-1.map,planner,1,12195,8991,266,198,10797,8991,10260,0,64,True,warehouse-10-20-10-2-1-random-1.scen,100,True,opti
180,warehouse-10-20-10-2-1.map,planner,1,22093,14702,213,198,19398,14702,16,0,0,False,warehouse-10-20-10-2-1-random-1.scen,180,False,
180,warehouse-10-20-10-2-1.map,planner,1,21337,14702,200,198,18882,14702,10168,0,0,False,warehouse-10-20-10-2-1-random-1.scen,180,True,
180,warehouse-10-20-10-2-1.map,planner,0,0,14702,0,198,0,14702,10459,0,0,True,warehouse-10-20-10-2-1-random-1.scen,180,False,opti
180,warehouse-10-20-10-2-1.map,planner,0,0,14702,0,198,0,14702,10442,0,0,True,warehouse-10-20-10-2-1-random-1.scen,180,True,opti
180,warehouse-10-20-10-2-1.map,planner,0,0,14702,0,198,0,14702,10492,0,4,True,warehouse-10-20-10-2-1-random-1.scen,180,False,opti
180,warehouse-10-20-10-2-1.map,planner,0,0,14702,0,198,0,14702,10454,0,4,True,warehouse-10-20-10-2-1-random-1.scen,180,True,opti
180,warehouse-10-20-10-2-1.map,planner,0,0,14702,0,198,0,14702,10485,0,16,True,warehouse-10-20-10-2-1-random-1.scen,180,False,opti
180,warehouse-10-20-10-2-1.map,planner,0,0,14702,0,198,0,14702,10456,0,16,True,warehouse-10-20-10-2-1-random-1.scen,180,True,opti
180,warehouse-10-20-10-2-1.map,planner,0,0,14702,0,198,0,14702,10478,0,64,True,warehouse-10-20-10-2-1-random-1.scen,180,False,opti
180,warehouse-10-20-10-2-1.map,planner,0,0,14702,0,198,0,14702,10410,0,64,True,warehouse-10-20-10-2-1-random-1.scen,180,True,opti
260,warehouse-10-20-10-2-1.map,planner,1,34610,20814,223,198,29973,20814,24,0,0,False,warehouse-10-20-10-2-1-random-1.scen,260,False,
260,warehouse-10-20-10-2-1.map,planner,1,34610,20814,223,198,29973,20814,10408,0,0,False,warehouse-10-20-10-2-1-random-1.scen,260,True,
260,warehouse-10-20-10-2-1.map,planner,0,0,20814,0,198,0,20814,10351,0,0,True,warehouse-10-20-10-2-1-random-1.scen,260,False,opti
260,warehouse-10-20-10-2-1.map,planner,0,0,20814,0,198,0,20814,10337,0,0,True,warehouse-10-20-10-2-1-random-1.scen,260,True,opti
260,warehouse-10-20-10-2-1.map,planner,0,0,20814,0,198,0,20814,10263,0,4,True,warehouse-10-20-10-2-1-random-1.scen,260,False,opti
260,warehouse-10-20-10-2-1.map,planner,0,0,20814,0,198,0,20814,10246,0,4,True,warehouse-10-20-10-2-1-random-1.scen,260,True,opti
260,warehouse-10-20-10-2-1.map,planner,0,0,20814,0,198,0,20814,10260,0,16,True,warehouse-10-20-10-2-1-random-1.scen,260,False,opti
260,warehouse-10-20-10-2-1.map,planner,0,0,20814,0,198,0,20814,10239,0,16,True,warehouse-10-20-10-2-1-random-1.scen,260,True,opti
260,warehouse-10-20-10-2-1.map,planner,0,0,20814,0,198,0,20814,10297,0,64,True,warehouse-10-20-10-2-1-random-1.scen,260,False,opti
260,warehouse-10-20-10-2-1.map,planner,0,0,20814,0,198,0,20814,10262,0,64,True,warehouse-10-20-10-2-1-random-1.scen,260,True,opti
20,warehouse-10-20-10-2-1.map,planner,1,1828,1574,194,194,1667,1574,1,0,0,False,warehouse-10-20-10-2-1-random-10.scen,20,False,
20,warehouse-10-20-10-2-1.map,planner,1,1629,1574,196,194,1600,1574,10861,0,0,False,warehouse-10-20-10-2-1-random-10.scen,20,True,
20,warehouse-10-20-10-2-1.map,planner,1,1943,1574,219,194,1864,1574,61,0,0,True,warehouse-10-20-10-2-1-random-10.scen,20,False,opti
20,warehouse-10-20-10-2-1.map,planner,1,1789,1574,217,194,1760,1574,11526,0,0,True,warehouse-10-20-10-2-1-random-10.scen,20,True,opti
20,warehouse-10-20-10-2-1.map,planner,1,2063,1574,220,194,1889,1574,132,0,4,True,warehouse-10-20-10-2-1-random-10.scen,20,False,opti
20,warehouse-10-20-10-2-1.map,planner,1,1787,1574,216,194,1758,1574,11461,0,4,True,warehouse-10-20-10-2-1-random-10.scen,20,True,opti
20,warehouse-10-20-10-2-1.map,planner,1,2063,1574,220,194,1889,1574,104,0,16,True,warehouse-10-20-10-2-1-random-10.scen,20,False,opti
20,warehouse-10-20-10-2-1.map,planner,1,1787,1574,216,194,1758,1574,11467,0,16,True,warehouse-10-20-10-2-1-random-10.scen,20,True,opti
20,warehouse-10-20-10-2-1.map,planner,1,2063,1574,220,194,1889,1574,104,0,64,True,warehouse-10-20-10-2-1-random-10.scen,20,False,opti
20,warehouse-10-20-10-2-1.map,planner,1,1787,1574,216,194,1758,1574,11472,0,64,True,warehouse-10-20-10-2-1-random-10.scen,20,True,opti
100,warehouse-10-20-10-2-1.map,planner,1,12121,9085,194,194,10626,9085,8,0,0,False,warehouse-10-20-10-2-1-random-10.scen,100,False,
100,warehouse-10-20-10-2-1.map,planner,1,11610,9085,196,194,10374,9085,10427,0,0,False,warehouse-10-20-10-2-1-random-10.scen,100,True,
100,warehouse-10-20-10-2-1.map,planner,1,11979,9085,220,194,10774,9085,194,0,0,True,warehouse-10-20-10-2-1-random-10.scen,100,False,opti
100,warehouse-10-20-10-2-1.map,planner,1,11379,9085,241,194,10532,9085,10312,0,0,True,warehouse-10-20-10-2-1-random-10.scen,100,True,opti
100,warehouse-10-20-10-2-1.map,planner,1,12383,9085,226,194,10775,9085,210,0,4,True,warehouse-10-20-10-2-1-random-10.scen,100,False,opti
100,warehouse-10-20-10-2-1.map,planner,1,12158,9085,232,194,10744,9085,10100,0,4,True,warehouse-10-20-10-2-1-random-10.scen,100,True,opti
100,warehouse-10-20-10-2-1.map,planner,1,12383,9085,226,194,10775,9085,206,0,16,True,warehouse-10-20-10-2-1-random-10.scen,100,False,opti
100,warehouse-10-20-10-2-1.map,planner,1,12158,9085,232,194,10744,9085,10093,0,16,True,warehouse-10-20-10-2-1-random-10.scen,100,True,opti
100,warehouse-10-20-10-2-1.map,planner,1,12383,9085,226,194,10775,9085,213,0,64,True,warehouse-10-20-10-2-1-random-10.scen,100,False,opti
100,warehouse-10-20-10-2-1.map,planner,1,12158,9085,232,194,10744,9085,10098,0,64,True,warehouse-10-20-10-2-1-random-10.scen,100,True,opti
180,warehouse-10-20-10-2-1.map,planner,1,22529,14651,224,194,19151,14651,15,0,0,False,warehouse-10-20-10-2-1-random-10.scen,180,False,
180,warehouse-10-20-10-2-1.map,planner,1,22421,14651,222,194,18917,14651,10208,0,0,False,warehouse-10-20-10-2-1-random-10.scen,180,True,
180,warehouse-10-20-10-2-1.map,planner,0,0,14651,0,194,0,14651,10502,0,0,True,warehouse-10-20-10-2-1-random-10.scen,180,False,opti
180,warehouse-10-20-10-2-1.map,planner,0,0,14651,0,194,0,14651,10487,0,0,True,warehouse-10-20-10-2-1-random-10.scen,180,True,opti
180,warehouse-10-20-10-2-1.map,planner,0,0,14651,0,194,0,14651,10451,0,4,True,warehouse-10-20-10-2-1-random-10.scen,180,False,opti
180,warehouse-10-20-10-2-1.map,planner,0,0,14651,0,194,0,14651,10436,0,4,True,warehouse-10-20-10-2-1-random-10.scen,180,True,opti
180,warehouse-10-20-10-2-1.map,planner,0,0,14651,0,194,0,14651,10474,0,16,True,warehouse-10-20-10-2-1-random-10.scen,180,False,opti
180,warehouse-10-20-10-2-1.map,planner,0,0,14651,0,194,0,14651,10479,0,16,True,warehouse-10-20-10-2-1-random-10.scen,180,True,opti
180,warehouse-10-20-10-2-1.map,planner,0,0,14651,0,194,0,14651,10470,0,64,True,warehouse-10-20-10-2-1-random-10.scen,180,False,opti
180,warehouse-10-20-10-2-1.map,planner,0,0,14651,0,194,0,14651,10449,0,64,True,warehouse-10-20-10-2-1-random-10.scen,180,True,opti
260,warehouse-10-20-10-2-1.map,planner,1,34756,20967,259,194,29381,20967,24,0,0,False,warehouse-10-20-10-2-1-random-10.scen,260,False,
260,warehouse-10-20-10-2-1.map,planner,1,34756,20967,259,194,29381,20967,10533,0,0,False,warehouse-10-20-10-2-1-random-10.scen,260,True,
260,warehouse-10-20-10-2-1.map,planner,0,0,20967,0,194,0,20967,10353,0,0,True,warehouse-10-20-10-2-1-random-10.scen,260,False,opti
260,warehouse-10-20-10-2-1.map,planner,0,0,20967,0,194,0,20967,10345,0,0,True,warehouse-10-20-10-2-1-random-10.scen,260,True,opti
260,warehouse-10-20-10-2-1.map,planner,0,0,20967,0,194,0,20967,10281,0,4,True,warehouse-10-20-10-2-1-random-10.scen,260,False,opti
260,warehouse-10-20-10-2-1.map,planner,0,0,20967,0,194,0,20967,10260,0,4,True,warehouse-10-20-10-2-1-random-10.scen,260,True,opti
260,warehouse-10-20-10-2-1.map,planner,0,0,20967,0,194,0,20967,10285,0,16,True,warehouse-10-20-10-2-1-random-10.scen,260,False,opti
260,warehouse-10-20-10-2-1.map,planner,0,0,20967,0,194,0,20967,10275,0,16,True,warehouse-10-20-10-2-1-random-10.scen,260,True,opti
260,warehouse-10-20-10-2-1.map,planner,0,0,20967,0,194,0,20967,10277,0,64,True,warehouse-10-20-10-2-1-random-10.scen,260,False,opti
260,warehouse-10-20-10-2-1.map,planner,0,0,20967,0,194,0,20967,10270,0,64,True,warehouse-10-20-10-2-1-random-10.scen,260,True,opti
