agents,map_file,solver,solved,soc,soc_lb,makespan,makespan_lb,sum_of_loss,sum_of_loss_lb,comp_time,seed,Opti_Deadline,Bool_Opti,Scenario_File,N,opti_objective,functype
20,den520d.map,planner,1,4257,4185,349,349,4195,4185,8,0,0,False,den520d-random-17.scen,20,False,
20,den520d.map,planner,1,4255,4185,349,349,4193,4185,10376,0,0,False,den520d-random-17.scen,20,True,
20,den520d.map,planner,1,4257,4185,349,349,4195,4185,9,0,0,True,den520d-random-17.scen,20,False,opti
20,den520d.map,planner,1,4255,4185,349,349,4193,4185,10368,0,0,True,den520d-random-17.scen,20,True,opti
20,den520d.map,planner,1,4257,4185,349,349,4195,4185,8,0,4,True,den520d-random-17.scen,20,False,opti
20,den520d.map,planner,1,4255,4185,349,349,4193,4185,10373,0,4,True,den520d-random-17.scen,20,True,opti
20,den520d.map,planner,1,4257,4185,349,349,4195,4185,8,0,16,True,den520d-random-17.scen,20,False,opti
20,den520d.map,planner,1,4255,4185,349,349,4193,4185,10371,0,16,True,den520d-random-17.scen,20,True,opti
20,den520d.map,planner,1,4257,4185,349,349,4195,4185,9,0,64,True,den520d-random-17.scen,20,False,opti
20,den520d.map,planner,1,4255,4185,349,349,4193,4185,10364,0,64,True,den520d-random-17.scen,20,True,opti
140,den520d.map,planner,1,25336,23753,410,410,24119,23753,60,0,0,False,den520d-random-17.scen,140,False,
140,den520d.map,planner,1,25197,23753,410,410,24117,23753,10254,0,0,False,den520d-random-17.scen,140,True,
140,den520d.map,planner,1,25336,23753,410,410,24119,23753,51,0,0,True,den520d-random-17.scen,140,False,opti
140,den520d.map,planner,1,25197,23753,410,410,24117,23753,10253,0,0,True,den520d-random-17.scen,140,True,opti
140,den520d.map,planner,1,25290,23753,410,410,24109,23753,61,0,4,True,den520d-random-17.scen,140,False,opti
140,den520d.map,planner,1,25254,23753,410,410,24107,23753,10185,0,4,True,den520d-random-17.scen,140,True,opti
140,den520d.map,planner,1,25290,23753,410,410,24109,23753,57,0,16,True,den520d-random-17.scen,140,False,opti
140,den520d.map,planner,1,25254,23753,410,410,24107,23753,10183,0,16,True,den520d-random-17.scen,140,True,opti
140,den520d.map,planner,1,25290,23753,410,410,24109,23753,55,0,64,True,den520d-random-17.scen,140,False,opti
140,den520d.map,planner,1,25254,23753,410,410,24107,23753,10187,0,64,True,den520d-random-17.scen,140,True,opti
260,den520d.map,planner,1,49840,44016,410,410,45210,44016,109,0,0,False,den520d-random-17.scen,260,False,
260,den520d.map,planner,1,49662,44016,410,410,45208,44016,10556,0,0,False,den520d-random-17.scen,260,True,
260,den520d.map,planner,1,50604,44016,410,410,45230,44016,110,0,0,True,den520d-random-17.scen,260,False,opti
260,den520d.map,planner,1,49661,44016,410,410,45052,44016,10440,0,0,True,den520d-random-17.scen,260,True,opti
260,den520d.map,planner,1,49448,44016,410,410,44986,44016,100,0,4,True,den520d-random-17.scen,260,False,opti
260,den520d.map,planner,1,49259,44016,410,410,44984,44016,10549,0,4,True,den520d-random-17.scen,260,True,opti
260,den520d.map,planner,1,49448,44016,410,410,44986,44016,105,0,16,True,den520d-random-17.scen,260,False,opti
260,den520d.map,planner,1,49259,44016,410,410,44984,44016,10559,0,16,True,den520d-random-17.scen,260,True,opti
260,den520d.map,planner,1,49448,44016,410,410,44986,44016,106,0,64,True,den520d-random-17.scen,260,False,opti
260,den520d.map,planner,1,49259,44016,410,410,44984,44016,10574,0,64,True,den520d-random-17.scen,260,True,opti
380,den520d.map,planner,1,75577,63787,410,410,66198,63787,162,0,0,False,den520d-random-17.scen,380,False,
380,den520d.map,planner,1,75336,63787,412,410,66053,63787,10230,0,0,False,den520d-random-17.scen,380,True,
380,den520d.map,planner,1,76851,63787,410,410,66198,63787,166,0,0,True,den520d-random-17.scen,380,False,opti
380,den520d.map,planner,1,75341,63787,410,410,66002,63787,10237,0,0,True,den520d-random-17.scen,380,True,opti
380,den520d.map,planner,1,76509,63787,410,410,65881,63787,165,0,4,True,den520d-random-17.scen,380,False,opti
380,den520d.map,planner,1,76509,63787,410,410,65881,63787,10355,0,4,True,den520d-random-17.scen,380,True,opti
380,den520d.map,planner,1,76509,63787,410,410,65881,63787,168,0,16,True,den520d-random-17.scen,380,False,opti
380,den520d.map,planner,1,76509,63787,410,410,65881,63787,10361,0,16,True,den520d-random-17.scen,380,True,opti
380,den520d.map,planner,1,76509,63787,410,410,65881,63787,163,0,64,True,den520d-random-17.scen,380,False,opti
380,den520d.map,planner,1,76509,63787,410,410,65881,63787,10348,0,64,True,den520d-random-17.scen,380,True,opti
500,den520d.map,planner,1,100754,82969,410,410,86649,82969,214,0,0,False,den520d-random-17.scen,500,False,
500,den520d.map,planner,1,99368,82969,412,410,86542,82969,10188,0,0,False,den520d-random-17.scen,500,True,
500,den520d.map,planner,1,101786,82969,410,410,86688,82969,226,0,0,True,den520d-random-17.scen,500,False,opti
500,den520d.map,planner,1,102253,82969,414,410,86548,82969,10217,0,0,True,den520d-random-17.scen,500,True,opti
500,den520d.map,planner,1,101281,82969,415,410,86247,82969,236,0,4,True,den520d-random-17.scen,500,False,opti
500,den520d.map,planner,1,101489,82969,410,410,86282,82969,10248,0,4,True,den520d-random-17.scen,500,True,opti
500,den520d.map,planner,1,100777,82969,410,410,86292,82969,226,0,16,True,den520d-random-17.scen,500,False,opti
500,den520d.map,planner,1,100590,82969,410,410,86185,82969,10163,0,16,True,den520d-random-17.scen,500,True,opti
500,den520d.map,planner,1,100584,82969,410,410,86188,82969,240,0,64,True,den520d-random-17.scen,500,False,opti
500,den520d.map,planner,1,101293,82969,410,410,86219,82969,10151,0,64,True,den520d-random-17.scen,500,True,opti
620,den520d.map,planner,1,129854,103530,411,410,109517,103530,262,0,0,False,den520d-random-17.scen,620,False,
620,den520d.map,planner,1,129236,103530,411,410,109016,103530,10169,0,0,False,den520d-random-17.scen,620,True,
620,den520d.map,planner,1,128967,103530,410,410,109408,103530,286,0,0,True,den520d-random-17.scen,620,False,opti
620,den520d.map,planner,1,128832,103530,412,410,109290,103530,10171,0,0,True,den520d-random-17.scen,620,True,opti
620,den520d.map,planner,1,129086,103530,410,410,109127,103530,328,0,4,True,den520d-random-17.scen,620,False,opti
620,den520d.map,planner,1,128307,103530,412,410,108852,103530,10182,0,4,True,den520d-random-17.scen,620,True,opti
620,den520d.map,planner,1,129166,103530,410,410,108872,103530,379,0,16,True,den520d-random-17.scen,620,False,opti
620,den520d.map,planner,1,128178,103530,411,410,108792,103530,10143,0,16,True,den520d-random-17.scen,620,True,opti
620,den520d.map,planner,1,129409,103530,414,410,109025,103530,674,0,64,True,den520d-random-17.scen,620,False,opti
620,den520d.map,planner,1,128290,103530,412,410,108584,103530,10193,0,64,True,den520d-random-17.scen,620,True,opti
20,den520d.map,planner,1,3314,3307,328,328,3314,3307,11,0,0,False,den520d-random-2.scen,20,False,
20,den520d.map,planner,1,3307,3307,328,328,3307,3307,12,0,0,False,den520d-random-2.scen,20,True,
20,den520d.map,planner,1,3314,3307,328,328,3314,3307,8,0,0,True,den520d-random-2.scen,20,False,opti
20,den520d.map,planner,1,3307,3307,328,328,3307,3307,13,0,0,True,den520d-random-2.scen,20,True,opti
20,den520d.map,planner,1,3314,3307,328,328,3314,3307,10,0,4,True,den520d-random-2.scen,20,False,opti
20,den520d.map,planner,1,3307,3307,328,328,3307,3307,15,0,4,True,den520d-random-2.scen,20,True,opti
20,den520d.map,planner,1,3314,3307,328,328,3314,3307,9,0,16,True,den520d-random-2.scen,20,False,opti
20,den520d.map,planner,1,3307,3307,328,328,3307,3307,13,0,16,True,den520d-random-2.scen,20,True,opti
20,den520d.map,planner,1,3314,3307,328,328,3314,3307,7,0,64,True,den520d-random-2.scen,20,False,opti
20,den520d.map,planner,1,3307,3307,328,328,3307,3307,13,0,64,True,den520d-random-2.scen,20,True,opti
140,den520d.map,planner,1,27778,24801,383,383,25231,24801,58,0,0,False,den520d-random-2.scen,140,False,
140,den520d.map,planner,1,27906,24801,385,383,25131,24801,10119,0,0,False,den520d-random-2.scen,140,True,
140,den520d.map,planner,1,27778,24801,383,383,25231,24801,55,0,0,True,den520d-random-2.scen,140,False,opti
140,den520d.map,planner,1,27906,24801,385,383,25131,24801,10124,0,0,True,den520d-random-2.scen,140,True,opti
140,den520d.map,planner,1,27574,24801,383,383,25211,24801,60,0,4,True,den520d-random-2.scen,140,False,opti
140,den520d.map,planner,1,27519,24801,383,383,25163,24801,10485,0,4,True,den520d-random-2.scen,140,True,opti
140,den520d.map,planner,1,27574,24801,383,383,25211,24801,64,0,16,True,den520d-random-2.scen,140,False,opti
140,den520d.map,planner,1,27519,24801,383,383,25163,24801,10501,0,16,True,den520d-random-2.scen,140,True,opti
140,den520d.map,planner,1,27574,24801,383,383,25211,24801,60,0,64,True,den520d-random-2.scen,140,False,opti
140,den520d.map,planner,1,27519,24801,383,383,25163,24801,10484,0,64,True,den520d-random-2.scen,140,True,opti
260,den520d.map,planner,1,52197,45945,391,391,47020,45945,118,0,0,False,den520d-random-2.scen,260,False,
260,den520d.map,planner,1,52185,45945,391,391,47016,45945,10542,0,0,False,den520d-random-2.scen,260,True,
260,den520d.map,planner,1,52197,45945,391,391,47020,45945,120,0,0,True,den520d-random-2.scen,260,False,opti
260,den520d.map,planner,1,52185,45945,391,391,47016,45945,10583,0,0,True,den520d-random-2.scen,260,True,opti
260,den520d.map,planner,1,52554,45945,391,391,47067,45945,114,0,4,True,den520d-random-2.scen,260,False,opti
260,den520d.map,planner,1,52554,45945,391,391,47067,45945,10379,0,4,True,den520d-random-2.scen,260,True,opti
260,den520d.map,planner,1,52554,45945,391,391,47067,45945,108,0,16,True,den520d-random-2.scen,260,False,opti
260,den520d.map,planner,1,52554,45945,391,391,47067,45945,10371,0,16,True,den520d-random-2.scen,260,True,opti
260,den520d.map,planner,1,52554,45945,391,391,47067,45945,124,0,64,True,den520d-random-2.scen,260,False,opti
260,den520d.map,planner,1,52554,45945,391,391,47067,45945,10376,0,64,True,den520d-random-2.scen,260,True,opti
380,den520d.map,planner,1,79784,66215,391,391,68690,66215,182,0,0,False,den520d-random-2.scen,380,False,
380,den520d.map,planner,1,78767,66215,393,391,68685,66215,10056,0,0,False,den520d-random-2.scen,380,True,
380,den520d.map,planner,1,79784,66215,391,391,68690,66215,173,0,0,True,den520d-random-2.scen,380,False,opti
380,den520d.map,planner,1,78767,66215,393,391,68685,66215,10052,0,0,True,den520d-random-2.scen,380,True,opti
380,den520d.map,planner,1,78911,66215,393,391,68557,66215,179,0,4,True,den520d-random-2.scen,380,False,opti
380,den520d.map,planner,1,78739,66215,392,391,68434,66215,10055,0,4,True,den520d-random-2.scen,380,True,opti
380,den520d.map,planner,1,78327,66215,394,391,68450,66215,191,0,16,True,den520d-random-2.scen,380,False,opti
380,den520d.map,planner,1,79293,66215,393,391,68440,66215,10312,0,16,True,den520d-random-2.scen,380,True,opti
380,den520d.map,planner,1,78386,66215,392,391,68496,66215,255,0,64,True,den520d-random-2.scen,380,False,opti
380,den520d.map,planner,1,77561,66215,393,391,68403,66215,10291,0,64,True,den520d-random-2.scen,380,True,opti
500,den520d.map,planner,1,110796,88713,405,405,93010,88713,223,0,0,False,den520d-random-2.scen,500,False,
500,den520d.map,planner,1,110056,88713,405,405,92862,88713,10044,0,0,False,den520d-random-2.scen,500,True,
500,den520d.map,planner,1,109578,88713,405,405,92903,88713,224,0,0,True,den520d-random-2.scen,500,False,opti
500,den520d.map,planner,1,109550,88713,407,405,92901,88713,10038,0,0,True,den520d-random-2.scen,500,True,opti
500,den520d.map,planner,1,110087,88713,407,405,92791,88713,268,0,4,True,den520d-random-2.scen,500,False,opti
500,den520d.map,planner,1,109428,88713,407,405,92523,88713,10236,0,4,True,den520d-random-2.scen,500,True,opti
500,den520d.map,planner,1,110035,88713,407,405,92735,88713,489,0,16,True,den520d-random-2.scen,500,False,opti
500,den520d.map,planner,1,109761,88713,407,405,92568,88713,10247,0,16,True,den520d-random-2.scen,500,True,opti
500,den520d.map,planner,1,109810,88713,407,405,92493,88713,505,0,64,True,den520d-random-2.scen,500,False,opti
500,den520d.map,planner,1,109103,88713,409,405,92314,88713,10084,0,64,True,den520d-random-2.scen,500,True,opti
620,den520d.map,planner,1,139499,110830,425,425,116740,110830,287,0,0,False,den520d-random-2.scen,620,False,
620,den520d.map,planner,1,139115,110830,426,425,116735,110830,10194,0,0,False,den520d-random-2.scen,620,True,
620,den520d.map,planner,1,140213,110830,425,425,117180,110830,311,0,0,True,den520d-random-2.scen,620,False,opti
620,den520d.map,planner,1,140213,110830,425,425,117180,110830,10190,0,0,True,den520d-random-2.scen,620,True,opti
620,den520d.map,planner,1,139038,110830,425,425,116448,110830,357,0,4,True,den520d-random-2.scen,620,False,opti
620,den520d.map,planner,1,138968,110830,425,425,116527,110830,10072,0,4,True,den520d-random-2.scen,620,True,opti
620,den520d.map,planner,1,139047,110830,425,425,116489,110830,527,0,16,True,den520d-random-2.scen,620,False,opti
620,den520d.map,planner,1,139926,110830,427,425,116597,110830,10171,0,16,True,den520d-random-2.scen,620,True,opti
620,den520d.map,planner,1,138892,110830,427,425,116409,110830,1264,0,64,True,den520d-random-2.scen,620,False,opti
620,den520d.map,planner,1,139574,110830,425,425,116566,110830,10126,0,64,True,den520d-random-2.scen,620,True,opti
20,den520d.map,planner,1,3617,3471,324,324,3476,3471,6,0,0,False,den520d-random-10.scen,20,False,
20,den520d.map,planner,1,3471,3471,324,324,3471,3471,9,0,0,False,den520d-random-10.scen,20,True,
20,den520d.map,planner,1,3617,3471,324,324,3476,3471,6,0,0,True,den520d-random-10.scen,20,False,opti
20,den520d.map,planner,1,3471,3471,324,324,3471,3471,9,0,0,True,den520d-random-10.scen,20,True,opti
20,den520d.map,planner,1,3617,3471,324,324,3476,3471,6,0,4,True,den520d-random-10.scen,20,False,opti
20,den520d.map,planner,1,3471,3471,324,324,3471,3471,9,0,4,True,den520d-random-10.scen,20,True,opti
20,den520d.map,planner,1,3617,3471,324,324,3476,3471,6,0,16,True,den520d-random-10.scen,20,False,opti
20,den520d.map,planner,1,3471,3471,324,324,3471,3471,9,0,16,True,den520d-random-10.scen,20,True,opti
20,den520d.map,planner,1,3617,3471,324,324,3476,3471,7,0,64,True,den520d-random-10.scen,20,False,opti
20,den520d.map,planner,1,3471,3471,324,324,3471,3471,9,0,64,True,den520d-random-10.scen,20,True,opti
140,den520d.map,planner,1,26210,23975,339,339,24351,23975,55,0,0,False,den520d-random-10.scen,140,False,
140,den520d.map,planner,1,26210,23975,339,339,24351,23975,11000,0,0,False,den520d-random-10.scen,140,True,
140,den520d.map,planner,1,26210,23975,339,339,24351,23975,53,0,0,True,den520d-random-10.scen,140,False,opti
140,den520d.map,planner,1,26210,23975,339,339,24351,23975,10949,0,0,True,den520d-random-10.scen,140,True,opti
140,den520d.map,planner,1,26108,23975,339,339,24330,23975,56,0,4,True,den520d-random-10.scen,140,False,opti
140,den520d.map,planner,1,26042,23975,341,339,24322,23975,10956,0,4,True,den520d-random-10.scen,140,True,opti
140,den520d.map,planner,1,26108,23975,339,339,24330,23975,51,0,16,True,den520d-random-10.scen,140,False,opti
140,den520d.map,planner,1,26042,23975,341,339,24322,23975,10977,0,16,True,den520d-random-10.scen,140,True,opti
140,den520d.map,planner,1,26108,23975,339,339,24330,23975,50,0,64,True,den520d-random-10.scen,140,False,opti
140,den520d.map,planner,1,26042,23975,341,339,24322,23975,10987,0,64,True,den520d-random-10.scen,140,True,opti
260,den520d.map,planner,1,49146,43318,408,408,44253,43318,114,0,0,False,den520d-random-10.scen,260,False,
260,den520d.map,planner,1,48862,43318,408,408,44251,43318,10547,0,0,False,den520d-random-10.scen,260,True,
260,den520d.map,planner,1,49146,43318,408,408,44253,43318,108,0,0,True,den520d-random-10.scen,260,False,opti
260,den520d.map,planner,1,48862,43318,408,408,44251,43318,10520,0,0,True,den520d-random-10.scen,260,True,opti
260,den520d.map,planner,1,49602,43318,408,408,44225,43318,109,0,4,True,den520d-random-10.scen,260,False,opti
260,den520d.map,planner,1,49281,43318,408,408,44215,43318,10394,0,4,True,den520d-random-10.scen,260,True,opti
260,den520d.map,planner,1,49602,43318,408,408,44225,43318,102,0,16,True,den520d-random-10.scen,260,False,opti
260,den520d.map,planner,1,49281,43318,408,408,44215,43318,10396,0,16,True,den520d-random-10.scen,260,True,opti
260,den520d.map,planner,1,49602,43318,408,408,44225,43318,108,0,64,True,den520d-random-10.scen,260,False,opti
260,den520d.map,planner,1,49281,43318,408,408,44215,43318,10405,0,64,True,den520d-random-10.scen,260,True,opti
380,den520d.map,planner,1,75859,65620,408,408,67702,65620,172,0,0,False,den520d-random-10.scen,380,False,
380,den520d.map,planner,1,76412,65620,408,408,67671,65620,10088,0,0,False,den520d-random-10.scen,380,True,
380,den520d.map,planner,1,75859,65620,408,408,67702,65620,174,0,0,True,den520d-random-10.scen,380,False,opti
380,den520d.map,planner,1,76412,65620,408,408,67671,65620,10082,0,0,True,den520d-random-10.scen,380,True,opti
380,den520d.map,planner,1,76032,65620,411,408,67543,65620,174,0,4,True,den520d-random-10.scen,380,False,opti
380,den520d.map,planner,1,75943,65620,412,408,67540,65620,10264,0,4,True,den520d-random-10.scen,380,True,opti
380,den520d.map,planner,1,76032,65620,411,408,67543,65620,157,0,16,True,den520d-random-10.scen,380,False,opti
380,den520d.map,planner,1,75976,65620,408,408,67451,65620,10214,0,16,True,den520d-random-10.scen,380,True,opti
380,den520d.map,planner,1,76032,65620,411,408,67543,65620,183,0,64,True,den520d-random-10.scen,380,False,opti
380,den520d.map,planner,1,75976,65620,408,408,67451,65620,10224,0,64,True,den520d-random-10.scen,380,True,opti
500,den520d.map,planner,1,104550,87669,408,408,91594,87669,241,0,0,False,den520d-random-10.scen,500,False,
500,den520d.map,planner,1,103583,87669,408,408,91296,87669,10157,0,0,False,den520d-random-10.scen,500,True,
500,den520d.map,planner,1,104550,87669,408,408,91594,87669,243,0,0,True,den520d-random-10.scen,500,False,opti
500,den520d.map,planner,1,104377,87669,410,408,91422,87669,10175,0,0,True,den520d-random-10.scen,500,True,opti
500,den520d.map,planner,1,104186,87669,408,408,91093,87669,247,0,4,True,den520d-random-10.scen,500,False,opti
500,den520d.map,planner,1,102581,87669,408,408,91002,87669,10126,0,4,True,den520d-random-10.scen,500,True,opti
500,den520d.map,planner,1,103688,87669,408,408,91017,87669,275,0,16,True,den520d-random-10.scen,500,False,opti
500,den520d.map,planner,1,104273,87669,413,408,90975,87669,10185,0,16,True,den520d-random-10.scen,500,True,opti
500,den520d.map,planner,1,103089,87669,408,408,90860,87669,302,0,64,True,den520d-random-10.scen,500,False,opti
500,den520d.map,planner,1,103313,87669,408,408,91151,87669,10128,0,64,True,den520d-random-10.scen,500,True,opti
620,den520d.map,planner,1,133256,108096,408,408,114258,108096,297,0,0,False,den520d-random-10.scen,620,False,
620,den520d.map,planner,1,133093,108096,408,408,114256,108096,10056,0,0,False,den520d-random-10.scen,620,True,
620,den520d.map,planner,1,133991,108096,408,408,114480,108096,266,0,0,True,den520d-random-10.scen,620,False,opti
620,den520d.map,planner,1,133264,108096,408,408,114380,108096,10072,0,0,True,den520d-random-10.scen,620,True,opti
620,den520d.map,planner,1,132159,108096,408,408,113787,108096,371,0,4,True,den520d-random-10.scen,620,False,opti
620,den520d.map,planner,1,132035,108096,408,408,113767,108096,10193,0,4,True,den520d-random-10.scen,620,True,opti
620,den520d.map,planner,1,132742,108096,408,408,113788,108096,474,0,16,True,den520d-random-10.scen,620,False,opti
620,den520d.map,planner,1,131648,108096,408,408,113518,108096,10165,0,16,True,den520d-random-10.scen,620,True,opti
620,den520d.map,planner,1,132443,108096,408,408,113324,108096,745,0,64,True,den520d-random-10.scen,620,False,opti
620,den520d.map,planner,1,131384,108096,408,408,113668,108096,10095,0,64,True,den520d-random-10.scen,620,True,opti
20,den520d.map,planner,1,3183,3032,271,271,3045,3032,6,0,0,False,den520d-random-13.scen,20,False,
20,den520d.map,planner,1,3072,3032,273,271,3039,3032,10479,0,0,False,den520d-random-13.scen,20,True,
20,den520d.map,planner,1,3183,3032,271,271,3045,3032,6,0,0,True,den520d-random-13.scen,20,False,opti
20,den520d.map,planner,1,3072,3032,273,271,3039,3032,10480,0,0,True,den520d-random-13.scen,20,True,opti
20,den520d.map,planner,1,3183,3032,271,271,3045,3032,6,0,4,True,den520d-random-13.scen,20,False,opti
20,den520d.map,planner,1,3072,3032,273,271,3039,3032,10478,0,4,True,den520d-random-13.scen,20,True,opti
20,den520d.map,planner,1,3183,3032,271,271,3045,3032,6,0,16,True,den520d-random-13.scen,20,False,opti
20,den520d.map,planner,1,3072,3032,273,271,3039,3032,10476,0,16,True,den520d-random-13.scen,20,True,opti
20,den520d.map,planner,1,3183,3032,271,271,3045,3032,6,0,64,True,den520d-random-13.scen,20,False,opti
20,den520d.map,planner,1,3072,3032,273,271,3039,3032,10477,0,64,True,den520d-random-13.scen,20,True,opti
140,den520d.map,planner,1,27245,24028,417,417,24355,24028,61,0,0,False,den520d-random-13.scen,140,False,
140,den520d.map,planner,1,26761,24028,417,417,24347,24028,10137,0,0,False,den520d-random-13.scen,140,True,
140,den520d.map,planner,1,27245,24028,417,417,24355,24028,65,0,0,True,den520d-random-13.scen,140,False,opti
140,den520d.map,planner,1,26761,24028,417,417,24347,24028,10116,0,0,True,den520d-random-13.scen,140,True,opti
140,den520d.map,planner,1,27538,24028,417,417,24330,24028,59,0,4,True,den520d-random-13.scen,140,False,opti
140,den520d.map,planner,1,27199,24028,417,417,24328,24028,10921,0,4,True,den520d-random-13.scen,140,True,opti
140,den520d.map,planner,1,27538,24028,417,417,24330,24028,59,0,16,True,den520d-random-13.scen,140,False,opti
140,den520d.map,planner,1,27199,24028,417,417,24328,24028,10914,0,16,True,den520d-random-13.scen,140,True,opti
140,den520d.map,planner,1,27538,24028,417,417,24330,24028,52,0,64,True,den520d-random-13.scen,140,False,opti
140,den520d.map,planner,1,27199,24028,417,417,24328,24028,10990,0,64,True,den520d-random-13.scen,140,True,opti
260,den520d.map,planner,1,51614,44343,417,417,45366,44343,109,0,0,False,den520d-random-13.scen,260,False,
260,den520d.map,planner,1,51612,44343,417,417,45364,44343,10496,0,0,False,den520d-random-13.scen,260,True,
260,den520d.map,planner,1,51618,44343,417,417,45370,44343,116,0,0,True,den520d-random-13.scen,260,False,opti
260,den520d.map,planner,1,51366,44343,419,417,45335,44343,10489,0,0,True,den520d-random-13.scen,260,True,opti
260,den520d.map,planner,1,51640,44343,417,417,45339,44343,111,0,4,True,den520d-random-13.scen,260,False,opti
260,den520d.map,planner,1,51636,44343,417,417,45335,44343,10505,0,4,True,den520d-random-13.scen,260,True,opti
260,den520d.map,planner,1,51640,44343,417,417,45339,44343,114,0,16,True,den520d-random-13.scen,260,False,opti
260,den520d.map,planner,1,51636,44343,417,417,45335,44343,10550,0,16,True,den520d-random-13.scen,260,True,opti
260,den520d.map,planner,1,51640,44343,417,417,45339,44343,112,0,64,True,den520d-random-13.scen,260,False,opti
260,den520d.map,planner,1,51636,44343,417,417,45335,44343,10495,0,64,True,den520d-random-13.scen,260,True,opti
380,den520d.map,planner,1,77718,64393,417,417,66496,64393,164,0,0,False,den520d-random-13.scen,380,False,
380,den520d.map,planner,1,77718,64393,417,417,66496,64393,10289,0,0,False,den520d-random-13.scen,380,True,
380,den520d.map,planner,1,77718,64393,417,417,66496,64393,169,0,0,True,den520d-random-13.scen,380,False,opti
380,den520d.map,planner,1,77718,64393,417,417,66496,64393,10311,0,0,True,den520d-random-13.scen,380,True,opti
380,den520d.map,planner,1,76769,64393,417,417,66485,64393,160,0,4,True,den520d-random-13.scen,380,False,opti
380,den520d.map,planner,1,76769,64393,417,417,66485,64393,10067,0,4,True,den520d-random-13.scen,380,True,opti
380,den520d.map,planner,1,76769,64393,417,417,66485,64393,169,0,16,True,den520d-random-13.scen,380,False,opti
380,den520d.map,planner,1,76769,64393,417,417,66485,64393,10067,0,16,True,den520d-random-13.scen,380,True,opti
380,den520d.map,planner,1,76769,64393,417,417,66485,64393,177,0,64,True,den520d-random-13.scen,380,False,opti
380,den520d.map,planner,1,76769,64393,417,417,66485,64393,10067,0,64,True,den520d-random-13.scen,380,True,opti
500,den520d.map,planner,1,105987,86242,417,417,90073,86242,219,0,0,False,den520d-random-13.scen,500,False,
500,den520d.map,planner,1,105105,86242,417,417,89891,86242,10089,0,0,False,den520d-random-13.scen,500,True,
500,den520d.map,planner,1,106254,86242,417,417,89983,86242,222,0,0,True,den520d-random-13.scen,500,False,opti
500,den520d.map,planner,1,106254,86242,417,417,89983,86242,10229,0,0,True,den520d-random-13.scen,500,True,opti
500,den520d.map,planner,1,105428,86242,417,417,89784,86242,232,0,4,True,den520d-random-13.scen,500,False,opti
500,den520d.map,planner,1,105268,86242,417,417,89654,86242,10244,0,4,True,den520d-random-13.scen,500,True,opti
500,den520d.map,planner,1,105428,86242,417,417,89784,86242,239,0,16,True,den520d-random-13.scen,500,False,opti
500,den520d.map,planner,1,105758,86242,417,417,89673,86242,10160,0,16,True,den520d-random-13.scen,500,True,opti
500,den520d.map,planner,1,105428,86242,417,417,89784,86242,236,0,64,True,den520d-random-13.scen,500,False,opti
500,den520d.map,planner,1,106373,86242,417,417,89700,86242,10185,0,64,True,den520d-random-13.scen,500,True,opti
620,den520d.map,planner,1,136471,105961,417,417,111851,105961,289,0,0,False,den520d-random-13.scen,620,False,
620,den520d.map,planner,1,134885,105961,419,417,111740,105961,10085,0,0,False,den520d-random-13.scen,620,True,
620,den520d.map,planner,1,135531,105961,417,417,111932,105961,266,0,0,True,den520d-random-13.scen,620,False,opti
620,den520d.map,planner,1,133995,105961,419,417,111796,105961,10152,0,0,True,den520d-random-13.scen,620,True,opti
620,den520d.map,planner,1,133360,105961,427,417,111440,105961,321,0,4,True,den520d-random-13.scen,620,False,opti
620,den520d.map,planner,1,134254,105961,418,417,111310,105961,10070,0,4,True,den520d-random-13.scen,620,True,opti
620,den520d.map,planner,1,132291,105961,417,417,111297,105961,426,0,16,True,den520d-random-13.scen,620,False,opti
620,den520d.map,planner,1,133151,105961,417,417,111232,105961,10180,0,16,True,den520d-random-13.scen,620,True,opti
620,den520d.map,planner,1,133099,105961,417,417,111258,105961,854,0,64,True,den520d-random-13.scen,620,False,opti
620,den520d.map,planner,1,133681,105961,419,417,111377,105961,10046,0,64,True,den520d-random-13.scen,620,True,opti
20,den520d.map,planner,1,3690,3614,433,433,3618,3614,7,0,0,False,den520d-random-12.scen,20,False,
20,den520d.map,planner,1,3614,3614,433,433,3614,3614,8,0,0,False,den520d-random-12.scen,20,True,
20,den520d.map,planner,1,3690,3614,433,433,3618,3614,7,0,0,True,den520d-random-12.scen,20,False,opti
20,den520d.map,planner,1,3614,3614,433,433,3614,3614,8,0,0,True,den520d-random-12.scen,20,True,opti
20,den520d.map,planner,1,3690,3614,433,433,3618,3614,8,0,4,True,den520d-random-12.scen,20,False,opti
20,den520d.map,planner,1,3614,3614,433,433,3614,3614,8,0,4,True,den520d-random-12.scen,20,True,opti
20,den520d.map,planner,1,3690,3614,433,433,3618,3614,8,0,16,True,den520d-random-12.scen,20,False,opti
20,den520d.map,planner,1,3614,3614,433,433,3614,3614,8,0,16,True,den520d-random-12.scen,20,True,opti
20,den520d.map,planner,1,3690,3614,433,433,3618,3614,8,0,64,True,den520d-random-12.scen,20,False,opti
20,den520d.map,planner,1,3614,3614,433,433,3614,3614,8,0,64,True,den520d-random-12.scen,20,True,opti
140,den520d.map,planner,1,26344,24506,433,433,24909,24506,49,0,0,False,den520d-random-12.scen,140,False,
140,den520d.map,planner,1,26344,24506,433,433,24909,24506,10547,0,0,False,den520d-random-12.scen,140,True,
140,den520d.map,planner,1,26344,24506,433,433,24909,24506,53,0,0,True,den520d-random-12.scen,140,False,opti
140,den520d.map,planner,1,26344,24506,433,433,24909,24506,10550,0,0,True,den520d-random-12.scen,140,True,opti
140,den520d.map,planner,1,26520,24506,433,433,24899,24506,50,0,4,True,den520d-random-12.scen,140,False,opti
140,den520d.map,planner,1,26477,24506,433,433,24881,24506,10970,0,4,True,den520d-random-12.scen,140,True,opti
140,den520d.map,planner,1,26520,24506,433,433,24899,24506,60,0,16,True,den520d-random-12.scen,140,False,opti
140,den520d.map,planner,1,26477,24506,433,433,24881,24506,10928,0,16,True,den520d-random-12.scen,140,True,opti
140,den520d.map,planner,1,26520,24506,433,433,24899,24506,58,0,64,True,den520d-random-12.scen,140,False,opti
140,den520d.map,planner,1,26477,24506,433,433,24881,24506,10884,0,64,True,den520d-random-12.scen,140,True,opti
260,den520d.map,planner,1,51010,44265,433,433,45531,44265,104,0,0,False,den520d-random-12.scen,260,False,
260,den520d.map,planner,1,51637,44265,435,433,45450,44265,10522,0,0,False,den520d-random-12.scen,260,True,
260,den520d.map,planner,1,51010,44265,433,433,45531,44265,103,0,0,True,den520d-random-12.scen,260,False,opti
260,den520d.map,planner,1,50815,44265,433,433,45403,44265,10269,0,0,True,den520d-random-12.scen,260,True,opti
260,den520d.map,planner,1,50765,44265,435,433,45397,44265,119,0,4,True,den520d-random-12.scen,260,False,opti
260,den520d.map,planner,1,50840,44265,433,433,45340,44265,10446,0,4,True,den520d-random-12.scen,260,True,opti
260,den520d.map,planner,1,50765,44265,435,433,45397,44265,113,0,16,True,den520d-random-12.scen,260,False,opti
260,den520d.map,planner,1,50840,44265,433,433,45340,44265,10419,0,16,True,den520d-random-12.scen,260,True,opti
260,den520d.map,planner,1,50765,44265,435,433,45397,44265,111,0,64,True,den520d-random-12.scen,260,False,opti
260,den520d.map,planner,1,50840,44265,433,433,45340,44265,10407,0,64,True,den520d-random-12.scen,260,True,opti
380,den520d.map,planner,1,78420,64691,433,433,67339,64691,154,0,0,False,den520d-random-12.scen,380,False,
380,den520d.map,planner,1,78087,64691,435,433,67047,64691,10187,0,0,False,den520d-random-12.scen,380,True,
380,den520d.map,planner,1,78067,64691,433,433,67319,64691,163,0,0,True,den520d-random-12.scen,380,False,opti
380,den520d.map,planner,1,77652,64691,435,433,67057,64691,10203,0,0,True,den520d-random-12.scen,380,True,opti
380,den520d.map,planner,1,77705,64691,437,433,66914,64691,168,0,4,True,den520d-random-12.scen,380,False,opti
380,den520d.map,planner,1,77705,64691,437,433,66914,64691,10333,0,4,True,den520d-random-12.scen,380,True,opti
380,den520d.map,planner,1,77705,64691,437,433,66914,64691,165,0,16,True,den520d-random-12.scen,380,False,opti
380,den520d.map,planner,1,77705,64691,437,433,66914,64691,10305,0,16,True,den520d-random-12.scen,380,True,opti
380,den520d.map,planner,1,77705,64691,437,433,66914,64691,162,0,64,True,den520d-random-12.scen,380,False,opti
380,den520d.map,planner,1,77705,64691,437,433,66914,64691,10324,0,64,True,den520d-random-12.scen,380,True,opti
500,den520d.map,planner,1,105118,84501,433,433,88482,84501,231,0,0,False,den520d-random-12.scen,500,False,
500,den520d.map,planner,1,104847,84501,433,433,88480,84501,10253,0,0,False,den520d-random-12.scen,500,True,
500,den520d.map,planner,1,105118,84501,433,433,88482,84501,234,0,0,True,den520d-random-12.scen,500,False,opti
500,den520d.map,planner,1,104847,84501,433,433,88480,84501,10248,0,0,True,den520d-random-12.scen,500,True,opti
500,den520d.map,planner,1,104551,84501,433,433,88170,84501,236,0,4,True,den520d-random-12.scen,500,False,opti
500,den520d.map,planner,1,104371,84501,439,433,88124,84501,10233,0,4,True,den520d-random-12.scen,500,True,opti
500,den520d.map,planner,1,104749,84501,433,433,88202,84501,257,0,16,True,den520d-random-12.scen,500,False,opti
500,den520d.map,planner,1,103451,84501,435,433,88096,84501,10184,0,16,True,den520d-random-12.scen,500,True,opti
500,den520d.map,planner,1,106278,84501,433,433,88538,84501,689,0,64,True,den520d-random-12.scen,500,False,opti
500,den520d.map,planner,1,103619,84501,435,433,88220,84501,10088,0,64,True,den520d-random-12.scen,500,True,opti
620,den520d.map,planner,1,135223,106886,433,433,112849,106886,270,0,0,False,den520d-random-12.scen,620,False,
620,den520d.map,planner,1,134290,106886,435,433,112781,106886,10154,0,0,False,den520d-random-12.scen,620,True,
620,den520d.map,planner,1,135223,106886,433,433,112849,106886,278,0,0,True,den520d-random-12.scen,620,False,opti
620,den520d.map,planner,1,134290,106886,435,433,112781,106886,10171,0,0,True,den520d-random-12.scen,620,True,opti
620,den520d.map,planner,1,134736,106886,439,433,112558,106886,348,0,4,True,den520d-random-12.scen,620,False,opti
620,den520d.map,planner,1,134772,106886,439,433,112523,106886,10033,0,4,True,den520d-random-12.scen,620,True,opti
620,den520d.map,planner,1,134505,106886,435,433,112787,106886,621,0,16,True,den520d-random-12.scen,620,False,opti
620,den520d.map,planner,1,134447,106886,433,433,112409,106886,10103,0,16,True,den520d-random-12.scen,620,True,opti
620,den520d.map,planner,1,134092,106886,437,433,112366,106886,1235,0,64,True,den520d-random-12.scen,620,False,opti
620,den520d.map,planner,1,136251,106886,447,433,112626,106886,10040,0,64,True,den520d-random-12.scen,620,True,opti
20,den520d.map,planner,1,3836,3834,346,346,3836,3834,9,0,0,False,den520d-random-18.scen,20,False,
20,den520d.map,planner,1,3836,3834,346,346,3836,3834,11087,0,0,False,den520d-random-18.scen,20,True,
20,den520d.map,planner,1,3836,3834,346,346,3836,3834,9,0,0,True,den520d-random-18.scen,20,False,opti
20,den520d.map,planner,1,3836,3834,346,346,3836,3834,11126,0,0,True,den520d-random-18.scen,20,True,opti
20,den520d.map,planner,1,3836,3834,346,346,3836,3834,8,0,4,True,den520d-random-18.scen,20,False,opti
20,den520d.map,planner,1,3836,3834,346,346,3836,3834,11110,0,4,True,den520d-random-18.scen,20,True,opti
20,den520d.map,planner,1,3836,3834,346,346,3836,3834,8,0,16,True,den520d-random-18.scen,20,False,opti
20,den520d.map,planner,1,3836,3834,346,346,3836,3834,11096,0,16,True,den520d-random-18.scen,20,True,opti
20,den520d.map,planner,1,3836,3834,346,346,3836,3834,8,0,64,True,den520d-random-18.scen,20,False,opti
20,den520d.map,planner,1,3836,3834,346,346,3836,3834,11092,0,64,True,den520d-random-18.scen,20,True,opti
140,den520d.map,planner,1,29422,26209,422,422,26563,26209,62,0,0,False,den520d-random-18.scen,140,False,
140,den520d.map,planner,1,28640,26209,422,422,26517,26209,10931,0,0,False,den520d-random-18.scen,140,True,
140,den520d.map,planner,1,29422,26209,422,422,26563,26209,60,0,0,True,den520d-random-18.scen,140,False,opti
140,den520d.map,planner,1,28640,26209,422,422,26517,26209,10910,0,0,True,den520d-random-18.scen,140,True,opti
140,den520d.map,planner,1,28639,26209,422,422,26543,26209,62,0,4,True,den520d-random-18.scen,140,False,opti
140,den520d.map,planner,1,28438,26209,422,422,26537,26209,10490,0,4,True,den520d-random-18.scen,140,True,opti
140,den520d.map,planner,1,28639,26209,422,422,26543,26209,64,0,16,True,den520d-random-18.scen,140,False,opti
140,den520d.map,planner,1,28438,26209,422,422,26537,26209,10440,0,16,True,den520d-random-18.scen,140,True,opti
140,den520d.map,planner,1,28639,26209,422,422,26543,26209,61,0,64,True,den520d-random-18.scen,140,False,opti
140,den520d.map,planner,1,28438,26209,422,422,26537,26209,10487,0,64,True,den520d-random-18.scen,140,True,opti
260,den520d.map,planner,1,53312,45823,422,422,46956,45823,114,0,0,False,den520d-random-18.scen,260,False,
260,den520d.map,planner,1,52266,45823,424,422,46898,45823,10530,0,0,False,den520d-random-18.scen,260,True,
260,den520d.map,planner,1,53312,45823,422,422,46956,45823,116,0,0,True,den520d-random-18.scen,260,False,opti
260,den520d.map,planner,1,52266,45823,424,422,46898,45823,10554,0,0,True,den520d-random-18.scen,260,True,opti
260,den520d.map,planner,1,52578,45823,422,422,46874,45823,115,0,4,True,den520d-random-18.scen,260,False,opti
260,den520d.map,planner,1,52378,45823,424,422,46803,45823,10420,0,4,True,den520d-random-18.scen,260,True,opti
260,den520d.map,planner,1,52578,45823,422,422,46874,45823,120,0,16,True,den520d-random-18.scen,260,False,opti
260,den520d.map,planner,1,52378,45823,424,422,46803,45823,10431,0,16,True,den520d-random-18.scen,260,True,opti
260,den520d.map,planner,1,52578,45823,422,422,46874,45823,110,0,64,True,den520d-random-18.scen,260,False,opti
260,den520d.map,planner,1,52378,45823,424,422,46803,45823,10430,0,64,True,den520d-random-18.scen,260,True,opti
380,den520d.map,planner,1,78901,66042,422,422,68382,66042,176,0,0,False,den520d-random-18.scen,380,False,
380,den520d.map,planner,1,78901,66042,422,422,68382,66042,10343,0,0,False,den520d-random-18.scen,380,True,
380,den520d.map,planner,1,78901,66042,422,422,68382,66042,160,0,0,True,den520d-random-18.scen,380,False,opti
380,den520d.map,planner,1,78901,66042,422,422,68382,66042,10342,0,0,True,den520d-random-18.scen,380,True,opti
380,den520d.map,planner,1,78429,66042,422,422,68130,66042,164,0,4,True,den520d-random-18.scen,380,False,opti
380,den520d.map,planner,1,78736,66042,422,422,68097,66042,10293,0,4,True,den520d-random-18.scen,380,True,opti
380,den520d.map,planner,1,78239,66042,422,422,68112,66042,184,0,16,True,den520d-random-18.scen,380,False,opti
380,den520d.map,planner,1,78748,66042,422,422,68107,66042,10313,0,16,True,den520d-random-18.scen,380,True,opti
380,den520d.map,planner,1,79362,66042,422,422,68152,66042,192,0,64,True,den520d-random-18.scen,380,False,opti
380,den520d.map,planner,1,79362,66042,422,422,68152,66042,10310,0,64,True,den520d-random-18.scen,380,True,opti
500,den520d.map,planner,1,104959,84978,422,422,88778,84978,223,0,0,False,den520d-random-18.scen,500,False,
500,den520d.map,planner,1,103572,84978,424,422,88668,84978,10179,0,0,False,den520d-random-18.scen,500,True,
500,den520d.map,planner,1,104959,84978,422,422,88778,84978,203,0,0,True,den520d-random-18.scen,500,False,opti
500,den520d.map,planner,1,103572,84978,424,422,88668,84978,10186,0,0,True,den520d-random-18.scen,500,True,opti
500,den520d.map,planner,1,103944,84978,428,422,88492,84978,231,0,4,True,den520d-random-18.scen,500,False,opti
500,den520d.map,planner,1,104196,84978,422,422,88476,84978,10248,0,4,True,den520d-random-18.scen,500,True,opti
500,den520d.map,planner,1,103623,84978,422,422,88375,84978,242,0,16,True,den520d-random-18.scen,500,False,opti
500,den520d.map,planner,1,103250,84978,424,422,88526,84978,10249,0,16,True,den520d-random-18.scen,500,True,opti
500,den520d.map,planner,1,103050,84978,422,422,88381,84978,365,0,64,True,den520d-random-18.scen,500,False,opti
500,den520d.map,planner,1,103870,84978,422,422,88278,84978,10068,0,64,True,den520d-random-18.scen,500,True,opti
620,den520d.map,planner,1,134567,106061,424,422,112584,106061,265,0,0,False,den520d-random-18.scen,620,False,
620,den520d.map,planner,1,132493,106061,424,422,112003,106061,10182,0,0,False,den520d-random-18.scen,620,True,
620,den520d.map,planner,1,134567,106061,424,422,112584,106061,283,0,0,True,den520d-random-18.scen,620,False,opti
620,den520d.map,planner,1,132493,106061,424,422,112003,106061,10179,0,0,True,den520d-random-18.scen,620,True,opti
620,den520d.map,planner,1,133414,106061,424,422,111658,106061,327,0,4,True,den520d-random-18.scen,620,False,opti
620,den520d.map,planner,1,132003,106061,422,422,111407,106061,10077,0,4,True,den520d-random-18.scen,620,True,opti
620,den520d.map,planner,1,133549,106061,424,422,111561,106061,445,0,16,True,den520d-random-18.scen,620,False,opti
620,den520d.map,planner,1,133423,106061,425,422,111358,106061,10122,0,16,True,den520d-random-18.scen,620,True,opti
620,den520d.map,planner,1,133398,106061,426,422,111832,106061,1006,0,64,True,den520d-random-18.scen,620,False,opti
620,den520d.map,planner,1,131814,106061,430,422,111454,106061,10161,0,64,True,den520d-random-18.scen,620,True,opti
20,den520d.map,planner,1,3724,3724,370,370,3724,3724,7,0,0,False,den520d-random-21.scen,20,False,
20,den520d.map,planner,1,3724,3724,370,370,3724,3724,8,0,0,False,den520d-random-21.scen,20,True,
20,den520d.map,planner,1,3724,3724,370,370,3724,3724,7,0,0,True,den520d-random-21.scen,20,False,opti
20,den520d.map,planner,1,3724,3724,370,370,3724,3724,7,0,0,True,den520d-random-21.scen,20,True,opti
20,den520d.map,planner,1,3724,3724,370,370,3724,3724,7,0,4,True,den520d-random-21.scen,20,False,opti
20,den520d.map,planner,1,3724,3724,370,370,3724,3724,9,0,4,True,den520d-random-21.scen,20,True,opti
20,den520d.map,planner,1,3724,3724,370,370,3724,3724,7,0,16,True,den520d-random-21.scen,20,False,opti
20,den520d.map,planner,1,3724,3724,370,370,3724,3724,7,0,16,True,den520d-random-21.scen,20,True,opti
20,den520d.map,planner,1,3724,3724,370,370,3724,3724,7,0,64,True,den520d-random-21.scen,20,False,opti
20,den520d.map,planner,1,3724,3724,370,370,3724,3724,8,0,64,True,den520d-random-21.scen,20,True,opti
140,den520d.map,planner,1,27026,24999,378,378,25294,24999,51,0,0,False,den520d-random-21.scen,140,False,
140,den520d.map,planner,1,27026,24999,378,378,25294,24999,10814,0,0,False,den520d-random-21.scen,140,True,
140,den520d.map,planner,1,27026,24999,378,378,25294,24999,55,0,0,True,den520d-random-21.scen,140,False,opti
140,den520d.map,planner,1,27026,24999,378,378,25294,24999,10836,0,0,True,den520d-random-21.scen,140,True,opti
140,den520d.map,planner,1,26812,24999,378,378,25282,24999,56,0,4,True,den520d-random-21.scen,140,False,opti
140,den520d.map,planner,1,26812,24999,378,378,25282,24999,11017,0,4,True,den520d-random-21.scen,140,True,opti
140,den520d.map,planner,1,26812,24999,378,378,25282,24999,60,0,16,True,den520d-random-21.scen,140,False,opti
140,den520d.map,planner,1,26812,24999,378,378,25282,24999,11023,0,16,True,den520d-random-21.scen,140,True,opti
140,den520d.map,planner,1,26812,24999,378,378,25282,24999,56,0,64,True,den520d-random-21.scen,140,False,opti
140,den520d.map,planner,1,26812,24999,378,378,25282,24999,11009,0,64,True,den520d-random-21.scen,140,True,opti
260,den520d.map,planner,1,53585,47922,392,392,49035,47922,130,0,0,False,den520d-random-21.scen,260,False,
260,den520d.map,planner,1,53422,47922,392,392,49033,47922,10323,0,0,False,den520d-random-21.scen,260,True,
260,den520d.map,planner,1,54567,47922,392,392,49095,47922,111,0,0,True,den520d-random-21.scen,260,False,opti
260,den520d.map,planner,1,53520,47922,392,392,48896,47922,10324,0,0,True,den520d-random-21.scen,260,True,opti
260,den520d.map,planner,1,53633,47922,392,392,48914,47922,115,0,4,True,den520d-random-21.scen,260,False,opti
260,den520d.map,planner,1,53633,47922,392,392,48914,47922,10354,0,4,True,den520d-random-21.scen,260,True,opti
260,den520d.map,planner,1,53633,47922,392,392,48914,47922,122,0,16,True,den520d-random-21.scen,260,False,opti
260,den520d.map,planner,1,53633,47922,392,392,48914,47922,10324,0,16,True,den520d-random-21.scen,260,True,opti
260,den520d.map,planner,1,53633,47922,392,392,48914,47922,121,0,64,True,den520d-random-21.scen,260,False,opti
260,den520d.map,planner,1,53633,47922,392,392,48914,47922,10328,0,64,True,den520d-random-21.scen,260,True,opti
380,den520d.map,planner,1,81570,69736,392,392,72139,69736,174,0,0,False,den520d-random-21.scen,380,False,
380,den520d.map,planner,1,82001,69736,392,392,71952,69736,10170,0,0,False,den520d-random-21.scen,380,True,
380,den520d.map,planner,1,82385,69736,392,392,72142,69736,181,0,0,True,den520d-random-21.scen,380,False,opti
380,den520d.map,planner,1,82533,69736,393,392,71914,69736,10040,0,0,True,den520d-random-21.scen,380,True,opti
380,den520d.map,planner,1,81927,69736,392,392,71867,69736,190,0,4,True,den520d-random-21.scen,380,False,opti
380,den520d.map,planner,1,82203,69736,392,392,71709,69736,10296,0,4,True,den520d-random-21.scen,380,True,opti
380,den520d.map,planner,1,82493,69736,392,392,71954,69736,257,0,16,True,den520d-random-21.scen,380,False,opti
380,den520d.map,planner,1,82521,69736,393,392,71800,69736,10122,0,16,True,den520d-random-21.scen,380,True,opti
380,den520d.map,planner,1,82283,69736,392,392,71952,69736,379,0,64,True,den520d-random-21.scen,380,False,opti
380,den520d.map,planner,1,81872,69736,393,392,71716,69736,10265,0,64,True,den520d-random-21.scen,380,True,opti
500,den520d.map,planner,1,108932,89007,394,392,92997,89007,233,0,0,False,den520d-random-21.scen,500,False,
500,den520d.map,planner,1,108736,89007,392,392,92991,89007,10247,0,0,False,den520d-random-21.scen,500,True,
500,den520d.map,planner,1,110453,89007,393,392,93144,89007,228,0,0,True,den520d-random-21.scen,500,False,opti
500,den520d.map,planner,1,110165,89007,393,392,92893,89007,10253,0,0,True,den520d-random-21.scen,500,True,opti
500,den520d.map,planner,1,108261,89007,394,392,92622,89007,291,0,4,True,den520d-random-21.scen,500,False,opti
500,den520d.map,planner,1,107938,89007,392,392,92470,89007,10033,0,4,True,den520d-random-21.scen,500,True,opti
500,den520d.map,planner,1,107465,89007,392,392,92261,89007,399,0,16,True,den520d-random-21.scen,500,False,opti
500,den520d.map,planner,1,108157,89007,392,392,92376,89007,10107,0,16,True,den520d-random-21.scen,500,True,opti
500,den520d.map,planner,1,107607,89007,392,392,92400,89007,873,0,64,True,den520d-random-21.scen,500,False,opti
500,den520d.map,planner,1,108479,89007,393,392,92438,89007,10208,0,64,True,den520d-random-21.scen,500,True,opti
620,den520d.map,planner,1,138774,110544,393,392,116599,110544,284,0,0,False,den520d-random-21.scen,620,False,
620,den520d.map,planner,1,138774,110544,393,392,116599,110544,10167,0,0,False,den520d-random-21.scen,620,True,
620,den520d.map,planner,1,138752,110544,395,392,116696,110544,297,0,0,True,den520d-random-21.scen,620,False,opti
620,den520d.map,planner,1,138748,110544,393,392,116692,110544,10154,0,0,True,den520d-random-21.scen,620,True,opti
620,den520d.map,planner,1,138240,110544,392,392,116552,110544,374,0,4,True,den520d-random-21.scen,620,False,opti
620,den520d.map,planner,1,137873,110544,398,392,116126,110544,10172,0,4,True,den520d-random-21.scen,620,True,opti
620,den520d.map,planner,1,138147,110544,393,392,115781,110544,570,0,16,True,den520d-random-21.scen,620,False,opti
620,den520d.map,planner,1,136832,110544,392,392,115998,110544,10143,0,16,True,den520d-random-21.scen,620,True,opti
620,den520d.map,planner,1,139137,110544,402,392,115985,110544,1274,0,64,True,den520d-random-21.scen,620,False,opti
620,den520d.map,planner,1,137181,110544,402,392,116138,110544,10030,0,64,True,den520d-random-21.scen,620,True,opti
20,den520d.map,planner,1,4108,3975,344,344,3986,3975,8,0,0,False,den520d-random-20.scen,20,False,
20,den520d.map,planner,1,3980,3975,344,344,3980,3975,10868,0,0,False,den520d-random-20.scen,20,True,
20,den520d.map,planner,1,4108,3975,344,344,3986,3975,8,0,0,True,den520d-random-20.scen,20,False,opti
20,den520d.map,planner,1,3980,3975,344,344,3980,3975,10887,0,0,True,den520d-random-20.scen,20,True,opti
20,den520d.map,planner,1,4108,3975,344,344,3986,3975,8,0,4,True,den520d-random-20.scen,20,False,opti
20,den520d.map,planner,1,3980,3975,344,344,3980,3975,10872,0,4,True,den520d-random-20.scen,20,True,opti
20,den520d.map,planner,1,4108,3975,344,344,3986,3975,8,0,16,True,den520d-random-20.scen,20,False,opti
20,den520d.map,planner,1,3980,3975,344,344,3980,3975,10869,0,16,True,den520d-random-20.scen,20,True,opti
20,den520d.map,planner,1,4108,3975,344,344,3986,3975,8,0,64,True,den520d-random-20.scen,20,False,opti
20,den520d.map,planner,1,3980,3975,344,344,3980,3975,10895,0,64,True,den520d-random-20.scen,20,True,opti
140,den520d.map,planner,1,27173,25212,368,368,25580,25212,60,0,0,False,den520d-random-20.scen,140,False,
140,den520d.map,planner,1,27173,25212,368,368,25580,25212,10122,0,0,False,den520d-random-20.scen,140,True,
140,den520d.map,planner,1,27173,25212,368,368,25580,25212,67,0,0,True,den520d-random-20.scen,140,False,opti
140,den520d.map,planner,1,27173,25212,368,368,25580,25212,10119,0,0,True,den520d-random-20.scen,140,True,opti
140,den520d.map,planner,1,26936,25212,368,368,25515,25212,56,0,4,True,den520d-random-20.scen,140,False,opti
140,den520d.map,planner,1,27536,25212,368,368,25508,25212,10180,0,4,True,den520d-random-20.scen,140,True,opti
140,den520d.map,planner,1,26936,25212,368,368,25515,25212,56,0,16,True,den520d-random-20.scen,140,False,opti
140,den520d.map,planner,1,27536,25212,368,368,25508,25212,10164,0,16,True,den520d-random-20.scen,140,True,opti
140,den520d.map,planner,1,26936,25212,368,368,25515,25212,58,0,64,True,den520d-random-20.scen,140,False,opti
140,den520d.map,planner,1,27536,25212,368,368,25508,25212,10159,0,64,True,den520d-random-20.scen,140,True,opti
260,den520d.map,planner,1,52063,45486,368,368,46813,45486,117,0,0,False,den520d-random-20.scen,260,False,
260,den520d.map,planner,1,52334,45486,370,368,46617,45486,10125,0,0,False,den520d-random-20.scen,260,True,
260,den520d.map,planner,1,52063,45486,368,368,46813,45486,110,0,0,True,den520d-random-20.scen,260,False,opti
260,den520d.map,planner,1,52334,45486,370,368,46617,45486,10144,0,0,True,den520d-random-20.scen,260,True,opti
260,den520d.map,planner,1,52125,45486,368,368,46695,45486,113,0,4,True,den520d-random-20.scen,260,False,opti
260,den520d.map,planner,1,52129,45486,370,368,46617,45486,10560,0,4,True,den520d-random-20.scen,260,True,opti
260,den520d.map,planner,1,51780,45486,368,368,46681,45486,117,0,16,True,den520d-random-20.scen,260,False,opti
260,den520d.map,planner,1,51780,45486,368,368,46681,45486,10419,0,16,True,den520d-random-20.scen,260,True,opti
260,den520d.map,planner,1,51780,45486,368,368,46681,45486,121,0,64,True,den520d-random-20.scen,260,False,opti
260,den520d.map,planner,1,51780,45486,368,368,46681,45486,10243,0,64,True,den520d-random-20.scen,260,True,opti
380,den520d.map,planner,1,78176,65997,395,395,68462,65997,170,0,0,False,den520d-random-20.scen,380,False,
380,den520d.map,planner,1,78533,65997,395,395,68426,65997,10167,0,0,False,den520d-random-20.scen,380,True,
380,den520d.map,planner,1,78176,65997,395,395,68462,65997,157,0,0,True,den520d-random-20.scen,380,False,opti
380,den520d.map,planner,1,78533,65997,395,395,68426,65997,10175,0,0,True,den520d-random-20.scen,380,True,opti
380,den520d.map,planner,1,78877,65997,395,395,68491,65997,187,0,4,True,den520d-random-20.scen,380,False,opti
380,den520d.map,planner,1,77868,65997,395,395,68384,65997,10340,0,4,True,den520d-random-20.scen,380,True,opti
380,den520d.map,planner,1,77547,65997,395,395,68377,65997,232,0,16,True,den520d-random-20.scen,380,False,opti
380,den520d.map,planner,1,77873,65997,395,395,68419,65997,10098,0,16,True,den520d-random-20.scen,380,True,opti
380,den520d.map,planner,1,77545,65997,395,395,68357,65997,283,0,64,True,den520d-random-20.scen,380,False,opti
380,den520d.map,planner,1,77367,65997,395,395,68262,65997,10297,0,64,True,den520d-random-20.scen,380,True,opti
500,den520d.map,planner,1,106377,87788,395,395,91783,87788,223,0,0,False,den520d-random-20.scen,500,False,
500,den520d.map,planner,1,106377,87788,395,395,91783,87788,10137,0,0,False,den520d-random-20.scen,500,True,
500,den520d.map,planner,1,106377,87788,395,395,91783,87788,212,0,0,True,den520d-random-20.scen,500,False,opti
500,den520d.map,planner,1,106377,87788,395,395,91783,87788,10142,0,0,True,den520d-random-20.scen,500,True,opti
500,den520d.map,planner,1,105437,87788,395,395,91458,87788,234,0,4,True,den520d-random-20.scen,500,False,opti
500,den520d.map,planner,1,105118,87788,395,395,91480,87788,10251,0,4,True,den520d-random-20.scen,500,True,opti
500,den520d.map,planner,1,106359,87788,395,395,91361,87788,277,0,16,True,den520d-random-20.scen,500,False,opti
500,den520d.map,planner,1,105722,87788,395,395,91402,87788,10224,0,16,True,den520d-random-20.scen,500,True,opti
500,den520d.map,planner,1,105903,87788,395,395,91391,87788,282,0,64,True,den520d-random-20.scen,500,False,opti
500,den520d.map,planner,1,106118,87788,395,395,91503,87788,10186,0,64,True,den520d-random-20.scen,500,True,opti
620,den520d.map,planner,1,133217,108168,395,395,114188,108168,306,0,0,False,den520d-random-20.scen,620,False,
620,den520d.map,planner,1,133217,108168,395,395,114188,108168,10052,0,0,False,den520d-random-20.scen,620,True,
620,den520d.map,planner,1,133217,108168,395,395,114188,108168,284,0,0,True,den520d-random-20.scen,620,False,opti
620,den520d.map,planner,1,133217,108168,395,395,114188,108168,10050,0,0,True,den520d-random-20.scen,620,True,opti
620,den520d.map,planner,1,134202,108168,395,395,113824,108168,345,0,4,True,den520d-random-20.scen,620,False,opti
620,den520d.map,planner,1,133639,108168,395,395,113848,108168,10144,0,4,True,den520d-random-20.scen,620,True,opti
620,den520d.map,planner,1,132825,108168,395,395,114015,108168,517,0,16,True,den520d-random-20.scen,620,False,opti
620,den520d.map,planner,1,134807,108168,395,395,113759,108168,10026,0,16,True,den520d-random-20.scen,620,True,opti
620,den520d.map,planner,1,134136,108168,395,395,113810,108168,743,0,64,True,den520d-random-20.scen,620,False,opti
620,den520d.map,planner,1,134026,108168,396,395,113760,108168,10055,0,64,True,den520d-random-20.scen,620,True,opti
20,den520d.map,planner,1,2888,2888,313,313,2888,2888,6,0,0,False,den520d-random-23.scen,20,False,
20,den520d.map,planner,1,2888,2888,313,313,2888,2888,7,0,0,False,den520d-random-23.scen,20,True,
20,den520d.map,planner,1,2888,2888,313,313,2888,2888,6,0,0,True,den520d-random-23.scen,20,False,opti
20,den520d.map,planner,1,2888,2888,313,313,2888,2888,6,0,0,True,den520d-random-23.scen,20,True,opti
20,den520d.map,planner,1,2888,2888,313,313,2888,2888,8,0,4,True,den520d-random-23.scen,20,False,opti
20,den520d.map,planner,1,2888,2888,313,313,2888,2888,7,0,4,True,den520d-random-23.scen,20,True,opti
20,den520d.map,planner,1,2888,2888,313,313,2888,2888,7,0,16,True,den520d-random-23.scen,20,False,opti
20,den520d.map,planner,1,2888,2888,313,313,2888,2888,7,0,16,True,den520d-random-23.scen,20,True,opti
20,den520d.map,planner,1,2888,2888,313,313,2888,2888,6,0,64,True,den520d-random-23.scen,20,False,opti
20,den520d.map,planner,1,2888,2888,313,313,2888,2888,7,0,64,True,den520d-random-23.scen,20,True,opti
140,den520d.map,planner,1,26449,24492,371,371,24819,24492,57,0,0,False,den520d-random-23.scen,140,False,
140,den520d.map,planner,1,26175,24492,371,371,24813,24492,10388,0,0,False,den520d-random-23.scen,140,True,
140,den520d.map,planner,1,26449,24492,371,371,24819,24492,64,0,0,True,den520d-random-23.scen,140,False,opti
140,den520d.map,planner,1,26175,24492,371,371,24813,24492,10444,0,0,True,den520d-random-23.scen,140,True,opti
140,den520d.map,planner,1,26133,24492,371,371,24802,24492,63,0,4,True,den520d-random-23.scen,140,False,opti
140,den520d.map,planner,1,25932,24492,371,371,24798,24492,10429,0,4,True,den520d-random-23.scen,140,True,opti
140,den520d.map,planner,1,26133,24492,371,371,24802,24492,59,0,16,True,den520d-random-23.scen,140,False,opti
140,den520d.map,planner,1,25932,24492,371,371,24798,24492,10458,0,16,True,den520d-random-23.scen,140,True,opti
140,den520d.map,planner,1,26133,24492,371,371,24802,24492,57,0,64,True,den520d-random-23.scen,140,False,opti
140,den520d.map,planner,1,25932,24492,371,371,24798,24492,10487,0,64,True,den520d-random-23.scen,140,True,opti
260,den520d.map,planner,1,51581,46184,371,371,47448,46184,112,0,0,False,den520d-random-23.scen,260,False,
260,den520d.map,planner,1,51281,46184,371,371,47440,46184,10161,0,0,False,den520d-random-23.scen,260,True,
260,den520d.map,planner,1,51713,46184,373,371,47428,46184,121,0,0,True,den520d-random-23.scen,260,False,opti
260,den520d.map,planner,1,51353,46184,373,371,47422,46184,10494,0,0,True,den520d-random-23.scen,260,True,opti
260,den520d.map,planner,1,51638,46184,373,371,47369,46184,113,0,4,True,den520d-random-23.scen,260,False,opti
260,den520d.map,planner,1,51591,46184,373,371,47367,46184,10544,0,4,True,den520d-random-23.scen,260,True,opti
260,den520d.map,planner,1,51638,46184,373,371,47369,46184,117,0,16,True,den520d-random-23.scen,260,False,opti
260,den520d.map,planner,1,51591,46184,373,371,47367,46184,10574,0,16,True,den520d-random-23.scen,260,True,opti
260,den520d.map,planner,1,51638,46184,373,371,47369,46184,112,0,64,True,den520d-random-23.scen,260,False,opti
260,den520d.map,planner,1,51591,46184,373,371,47367,46184,10571,0,64,True,den520d-random-23.scen,260,True,opti
380,den520d.map,planner,1,76424,65415,387,387,67769,65415,174,0,0,False,den520d-random-23.scen,380,False,
380,den520d.map,planner,1,76091,65415,387,387,67765,65415,10214,0,0,False,den520d-random-23.scen,380,True,
380,den520d.map,planner,1,76424,65415,387,387,67769,65415,168,0,0,True,den520d-random-23.scen,380,False,opti
380,den520d.map,planner,1,75177,65415,389,387,67695,65415,10081,0,0,True,den520d-random-23.scen,380,True,opti
380,den520d.map,planner,1,75895,65415,387,387,67670,65415,172,0,4,True,den520d-random-23.scen,380,False,opti
380,den520d.map,planner,1,75571,65415,387,387,67631,65415,10087,0,4,True,den520d-random-23.scen,380,True,opti
380,den520d.map,planner,1,75895,65415,387,387,67670,65415,162,0,16,True,den520d-random-23.scen,380,False,opti
380,den520d.map,planner,1,75571,65415,387,387,67631,65415,10091,0,16,True,den520d-random-23.scen,380,True,opti
380,den520d.map,planner,1,75895,65415,387,387,67670,65415,161,0,64,True,den520d-random-23.scen,380,False,opti
380,den520d.map,planner,1,75571,65415,387,387,67631,65415,10096,0,64,True,den520d-random-23.scen,380,True,opti
500,den520d.map,planner,1,105158,87206,387,387,91347,87206,211,0,0,False,den520d-random-23.scen,500,False,
500,den520d.map,planner,1,104528,87206,387,387,91046,87206,10203,0,0,False,den520d-random-23.scen,500,True,
500,den520d.map,planner,1,105671,87206,387,387,91364,87206,233,0,0,True,den520d-random-23.scen,500,False,opti
500,den520d.map,planner,1,103459,87206,389,387,90639,87206,10091,0,0,True,den520d-random-23.scen,500,True,opti
500,den520d.map,planner,1,103951,87206,387,387,90949,87206,271,0,4,True,den520d-random-23.scen,500,False,opti
500,den520d.map,planner,1,104093,87206,387,387,90595,87206,10245,0,4,True,den520d-random-23.scen,500,True,opti
500,den520d.map,planner,1,103689,87206,387,387,90687,87206,262,0,16,True,den520d-random-23.scen,500,False,opti
500,den520d.map,planner,1,103874,87206,387,387,90642,87206,10228,0,16,True,den520d-random-23.scen,500,True,opti
500,den520d.map,planner,1,103042,87206,387,387,90698,87206,277,0,64,True,den520d-random-23.scen,500,False,opti
500,den520d.map,planner,1,103117,87206,388,387,90548,87206,10063,0,64,True,den520d-random-23.scen,500,True,opti
620,den520d.map,planner,1,134061,107907,394,394,113795,107907,270,0,0,False,den520d-random-23.scen,620,False,
620,den520d.map,planner,1,134061,107907,394,394,113795,107907,10032,0,0,False,den520d-random-23.scen,620,True,
620,den520d.map,planner,1,133090,107907,394,394,113791,107907,282,0,0,True,den520d-random-23.scen,620,False,opti
620,den520d.map,planner,1,131916,107907,394,394,113712,107907,10032,0,0,True,den520d-random-23.scen,620,True,opti
620,den520d.map,planner,1,131134,107907,399,394,113231,107907,322,0,4,True,den520d-random-23.scen,620,False,opti
620,den520d.map,planner,1,130466,107907,394,394,113009,107907,10168,0,4,True,den520d-random-23.scen,620,True,opti
620,den520d.map,planner,1,131729,107907,394,394,113212,107907,462,0,16,True,den520d-random-23.scen,620,False,opti
620,den520d.map,planner,1,131989,107907,394,394,113281,107907,10109,0,16,True,den520d-random-23.scen,620,True,opti
620,den520d.map,planner,1,131023,107907,394,394,112973,107907,816,0,64,True,den520d-random-23.scen,620,False,opti
620,den520d.map,planner,1,131193,107907,394,394,113065,107907,10146,0,64,True,den520d-random-23.scen,620,True,opti
20,den520d.map,planner,1,3783,3780,392,392,3783,3780,8,0,0,False,den520d-random-7.scen,20,False,
20,den520d.map,planner,1,3783,3780,392,392,3783,3780,10686,0,0,False,den520d-random-7.scen,20,True,
20,den520d.map,planner,1,3783,3780,392,392,3783,3780,8,0,0,True,den520d-random-7.scen,20,False,opti
20,den520d.map,planner,1,3783,3780,392,392,3783,3780,10682,0,0,True,den520d-random-7.scen,20,True,opti
20,den520d.map,planner,1,3783,3780,392,392,3783,3780,8,0,4,True,den520d-random-7.scen,20,False,opti
20,den520d.map,planner,1,3783,3780,392,392,3783,3780,10499,0,4,True,den520d-random-7.scen,20,True,opti
20,den520d.map,planner,1,3783,3780,392,392,3783,3780,8,0,16,True,den520d-random-7.scen,20,False,opti
20,den520d.map,planner,1,3783,3780,392,392,3783,3780,10689,0,16,True,den520d-random-7.scen,20,True,opti
20,den520d.map,planner,1,3783,3780,392,392,3783,3780,8,0,64,True,den520d-random-7.scen,20,False,opti
20,den520d.map,planner,1,3783,3780,392,392,3783,3780,10672,0,64,True,den520d-random-7.scen,20,True,opti
140,den520d.map,planner,1,26391,24258,392,392,24510,24258,54,0,0,False,den520d-random-7.scen,140,False,
140,den520d.map,planner,1,26391,24258,392,392,24510,24258,10900,0,0,False,den520d-random-7.scen,140,True,
140,den520d.map,planner,1,26391,24258,392,392,24510,24258,54,0,0,True,den520d-random-7.scen,140,False,opti
140,den520d.map,planner,1,26391,24258,392,392,24510,24258,10897,0,0,True,den520d-random-7.scen,140,True,opti
140,den520d.map,planner,1,26147,24258,392,392,24513,24258,62,0,4,True,den520d-random-7.scen,140,False,opti
140,den520d.map,planner,1,26147,24258,392,392,24513,24258,10609,0,4,True,den520d-random-7.scen,140,True,opti
140,den520d.map,planner,1,26147,24258,392,392,24513,24258,61,0,16,True,den520d-random-7.scen,140,False,opti
140,den520d.map,planner,1,26147,24258,392,392,24513,24258,10576,0,16,True,den520d-random-7.scen,140,True,opti
140,den520d.map,planner,1,26147,24258,392,392,24513,24258,62,0,64,True,den520d-random-7.scen,140,False,opti
140,den520d.map,planner,1,26147,24258,392,392,24513,24258,10581,0,64,True,den520d-random-7.scen,140,True,opti
260,den520d.map,planner,1,51926,44480,392,392,45694,44480,104,0,0,False,den520d-random-7.scen,260,False,
260,den520d.map,planner,1,52179,44480,394,392,45641,44480,10077,0,0,False,den520d-random-7.scen,260,True,
260,den520d.map,planner,1,51926,44480,392,392,45694,44480,110,0,0,True,den520d-random-7.scen,260,False,opti
260,den520d.map,planner,1,52179,44480,394,392,45641,44480,10079,0,0,True,den520d-random-7.scen,260,True,opti
260,den520d.map,planner,1,52333,44480,392,392,45529,44480,112,0,4,True,den520d-random-7.scen,260,False,opti
260,den520d.map,planner,1,51665,44480,394,392,45519,44480,10513,0,4,True,den520d-random-7.scen,260,True,opti
260,den520d.map,planner,1,52333,44480,392,392,45529,44480,110,0,16,True,den520d-random-7.scen,260,False,opti
260,den520d.map,planner,1,51665,44480,394,392,45519,44480,10521,0,16,True,den520d-random-7.scen,260,True,opti
260,den520d.map,planner,1,52333,44480,392,392,45529,44480,105,0,64,True,den520d-random-7.scen,260,False,opti
260,den520d.map,planner,1,51665,44480,394,392,45519,44480,10522,0,64,True,den520d-random-7.scen,260,True,opti
380,den520d.map,planner,1,80461,67278,392,392,69788,67278,181,0,0,False,den520d-random-7.scen,380,False,
380,den520d.map,planner,1,79951,67278,392,392,69665,67278,10257,0,0,False,den520d-random-7.scen,380,True,
380,den520d.map,planner,1,80461,67278,392,392,69788,67278,168,0,0,True,den520d-random-7.scen,380,False,opti
380,den520d.map,planner,1,79951,67278,392,392,69665,67278,10263,0,0,True,den520d-random-7.scen,380,True,opti
380,den520d.map,planner,1,80536,67278,392,392,69584,67278,176,0,4,True,den520d-random-7.scen,380,False,opti
380,den520d.map,planner,1,80017,67278,392,392,69474,67278,10113,0,4,True,den520d-random-7.scen,380,True,opti
380,den520d.map,planner,1,80083,67278,392,392,69546,67278,188,0,16,True,den520d-random-7.scen,380,False,opti
380,den520d.map,planner,1,80577,67278,392,392,69536,67278,10054,0,16,True,den520d-random-7.scen,380,True,opti
380,den520d.map,planner,1,80083,67278,392,392,69546,67278,167,0,64,True,den520d-random-7.scen,380,False,opti
380,den520d.map,planner,1,79982,67278,392,392,69495,67278,10053,0,64,True,den520d-random-7.scen,380,True,opti
500,den520d.map,planner,1,108972,87773,392,392,92025,87773,240,0,0,False,den520d-random-7.scen,500,False,
500,den520d.map,planner,1,108600,87773,394,392,91862,87773,10139,0,0,False,den520d-random-7.scen,500,True,
500,den520d.map,planner,1,108972,87773,392,392,92025,87773,225,0,0,True,den520d-random-7.scen,500,False,opti
500,den520d.map,planner,1,108600,87773,394,392,91862,87773,10135,0,0,True,den520d-random-7.scen,500,True,opti
500,den520d.map,planner,1,109110,87773,392,392,91865,87773,265,0,4,True,den520d-random-7.scen,500,False,opti
500,den520d.map,planner,1,107889,87773,392,392,91653,87773,10209,0,4,True,den520d-random-7.scen,500,True,opti
500,den520d.map,planner,1,107345,87773,394,392,91764,87773,351,0,16,True,den520d-random-7.scen,500,False,opti
500,den520d.map,planner,1,107872,87773,392,392,91790,87773,10061,0,16,True,den520d-random-7.scen,500,True,opti
500,den520d.map,planner,1,108210,87773,392,392,91926,87773,853,0,64,True,den520d-random-7.scen,500,False,opti
500,den520d.map,planner,1,107385,87773,394,392,91510,87773,10082,0,64,True,den520d-random-7.scen,500,True,opti
620,den520d.map,planner,1,135976,107660,392,392,113502,107660,278,0,0,False,den520d-random-7.scen,620,False,
620,den520d.map,planner,1,135902,107660,392,392,113500,107660,10049,0,0,False,den520d-random-7.scen,620,True,
620,den520d.map,planner,1,135976,107660,392,392,113502,107660,280,0,0,True,den520d-random-7.scen,620,False,opti
620,den520d.map,planner,1,135902,107660,392,392,113500,107660,10050,0,0,True,den520d-random-7.scen,620,True,opti
620,den520d.map,planner,1,136208,107660,392,392,113583,107660,357,0,4,True,den520d-random-7.scen,620,False,opti
620,den520d.map,planner,1,135758,107660,392,392,113685,107660,10115,0,4,True,den520d-random-7.scen,620,True,opti
620,den520d.map,planner,1,135832,107660,392,392,113603,107660,627,0,16,True,den520d-random-7.scen,620,False,opti
620,den520d.map,planner,1,135974,107660,394,392,113480,107660,10172,0,16,True,den520d-random-7.scen,620,True,opti
620,den520d.map,planner,1,136625,107660,392,392,113620,107660,1183,0,64,True,den520d-random-7.scen,620,False,opti
620,den520d.map,planner,1,135302,107660,394,392,113454,107660,10049,0,64,True,den520d-random-7.scen,620,True,opti
20,den520d.map,planner,1,3544,3384,330,330,3389,3384,7,0,0,False,den520d-random-9.scen,20,False,
20,den520d.map,planner,1,3384,3384,330,330,3384,3384,43,0,0,False,den520d-random-9.scen,20,True,
20,den520d.map,planner,1,3544,3384,330,330,3389,3384,8,0,0,True,den520d-random-9.scen,20,False,opti
20,den520d.map,planner,1,3384,3384,330,330,3384,3384,46,0,0,True,den520d-random-9.scen,20,True,opti
20,den520d.map,planner,1,3544,3384,330,330,3389,3384,7,0,4,True,den520d-random-9.scen,20,False,opti
20,den520d.map,planner,1,3384,3384,330,330,3384,3384,45,0,4,True,den520d-random-9.scen,20,True,opti
20,den520d.map,planner,1,3544,3384,330,330,3389,3384,7,0,16,True,den520d-random-9.scen,20,False,opti
20,den520d.map,planner,1,3384,3384,330,330,3384,3384,46,0,16,True,den520d-random-9.scen,20,True,opti
20,den520d.map,planner,1,3544,3384,330,330,3389,3384,7,0,64,True,den520d-random-9.scen,20,False,opti
20,den520d.map,planner,1,3384,3384,330,330,3384,3384,45,0,64,True,den520d-random-9.scen,20,True,opti
140,den520d.map,planner,1,22699,21369,359,359,21554,21369,44,0,0,False,den520d-random-9.scen,140,False,
140,den520d.map,planner,1,22699,21369,359,359,21554,21369,10250,0,0,False,den520d-random-9.scen,140,True,
140,den520d.map,planner,1,22699,21369,359,359,21554,21369,54,0,0,True,den520d-random-9.scen,140,False,opti
140,den520d.map,planner,1,22699,21369,359,359,21554,21369,10267,0,0,True,den520d-random-9.scen,140,True,opti
140,den520d.map,planner,1,22822,21369,359,359,21535,21369,54,0,4,True,den520d-random-9.scen,140,False,opti
140,den520d.map,planner,1,22737,21369,359,359,21531,21369,10918,0,4,True,den520d-random-9.scen,140,True,opti
140,den520d.map,planner,1,22822,21369,359,359,21535,21369,46,0,16,True,den520d-random-9.scen,140,False,opti
140,den520d.map,planner,1,22737,21369,359,359,21531,21369,10892,0,16,True,den520d-random-9.scen,140,True,opti
140,den520d.map,planner,1,22822,21369,359,359,21535,21369,52,0,64,True,den520d-random-9.scen,140,False,opti
140,den520d.map,planner,1,22737,21369,359,359,21531,21369,10912,0,64,True,den520d-random-9.scen,140,True,opti
260,den520d.map,planner,1,46100,41155,399,399,41999,41155,107,0,0,False,den520d-random-9.scen,260,False,
260,den520d.map,planner,1,46344,41155,399,399,41954,41155,10499,0,0,False,den520d-random-9.scen,260,True,
260,den520d.map,planner,1,46100,41155,399,399,41999,41155,101,0,0,True,den520d-random-9.scen,260,False,opti
260,den520d.map,planner,1,46344,41155,399,399,41954,41155,10530,0,0,True,den520d-random-9.scen,260,True,opti
260,den520d.map,planner,1,46789,41155,399,399,41989,41155,98,0,4,True,den520d-random-9.scen,260,False,opti
260,den520d.map,planner,1,46456,41155,399,399,41985,41155,10533,0,4,True,den520d-random-9.scen,260,True,opti
260,den520d.map,planner,1,46789,41155,399,399,41989,41155,106,0,16,True,den520d-random-9.scen,260,False,opti
260,den520d.map,planner,1,46456,41155,399,399,41985,41155,10530,0,16,True,den520d-random-9.scen,260,True,opti
260,den520d.map,planner,1,46789,41155,399,399,41989,41155,103,0,64,True,den520d-random-9.scen,260,False,opti
260,den520d.map,planner,1,46456,41155,399,399,41985,41155,10531,0,64,True,den520d-random-9.scen,260,True,opti
380,den520d.map,planner,1,73948,62756,399,399,64783,62756,164,0,0,False,den520d-random-9.scen,380,False,
380,den520d.map,planner,1,73905,62756,399,399,64779,62756,10206,0,0,False,den520d-random-9.scen,380,True,
380,den520d.map,planner,1,73948,62756,399,399,64783,62756,161,0,0,True,den520d-random-9.scen,380,False,opti
380,den520d.map,planner,1,73905,62756,399,399,64779,62756,10207,0,0,True,den520d-random-9.scen,380,True,opti
380,den520d.map,planner,1,73411,62756,399,399,64713,62756,165,0,4,True,den520d-random-9.scen,380,False,opti
380,den520d.map,planner,1,73492,62756,401,399,64718,62756,10239,0,4,True,den520d-random-9.scen,380,True,opti
380,den520d.map,planner,1,74374,62756,399,399,64692,62756,179,0,16,True,den520d-random-9.scen,380,False,opti
380,den520d.map,planner,1,73251,62756,399,399,64652,62756,10120,0,16,True,den520d-random-9.scen,380,True,opti
380,den520d.map,planner,1,74734,62756,399,399,64746,62756,182,0,64,True,den520d-random-9.scen,380,False,opti
380,den520d.map,planner,1,74096,62756,403,399,64693,62756,10276,0,64,True,den520d-random-9.scen,380,True,opti
500,den520d.map,planner,1,100756,83540,401,401,86876,83540,216,0,0,False,den520d-random-9.scen,500,False,
500,den520d.map,planner,1,100528,83540,401,401,86874,83540,10209,0,0,False,den520d-random-9.scen,500,True,
500,den520d.map,planner,1,100756,83540,401,401,86876,83540,227,0,0,True,den520d-random-9.scen,500,False,opti
500,den520d.map,planner,1,100528,83540,401,401,86874,83540,10212,0,0,True,den520d-random-9.scen,500,True,opti
500,den520d.map,planner,1,99191,83540,402,401,86799,83540,236,0,4,True,den520d-random-9.scen,500,False,opti
500,den520d.map,planner,1,99599,83540,401,401,86688,83540,10108,0,4,True,den520d-random-9.scen,500,True,opti
500,den520d.map,planner,1,99912,83540,402,401,86623,83540,270,0,16,True,den520d-random-9.scen,500,False,opti
500,den520d.map,planner,1,99580,83540,403,401,86650,83540,10224,0,16,True,den520d-random-9.scen,500,True,opti
500,den520d.map,planner,1,99819,83540,402,401,86704,83540,340,0,64,True,den520d-random-9.scen,500,False,opti
500,den520d.map,planner,1,98863,83540,402,401,86647,83540,10091,0,64,True,den520d-random-9.scen,500,True,opti
620,den520d.map,planner,1,131085,105828,401,401,111253,105828,280,0,0,False,den520d-random-9.scen,620,False,
620,den520d.map,planner,1,130836,105828,403,401,111085,105828,10064,0,0,False,den520d-random-9.scen,620,True,
620,den520d.map,planner,1,131085,105828,401,401,111253,105828,294,0,0,True,den520d-random-9.scen,620,False,opti
620,den520d.map,planner,1,130836,105828,403,401,111085,105828,10074,0,0,True,den520d-random-9.scen,620,True,opti
620,den520d.map,planner,1,129842,105828,401,401,110533,105828,308,0,4,True,den520d-random-9.scen,620,False,opti
620,den520d.map,planner,1,129364,105828,402,401,110782,105828,10034,0,4,True,den520d-random-9.scen,620,True,opti
620,den520d.map,planner,1,129593,105828,401,401,110522,105828,369,0,16,True,den520d-random-9.scen,620,False,opti
620,den520d.map,planner,1,130094,105828,401,401,110319,105828,10179,0,16,True,den520d-random-9.scen,620,True,opti
620,den520d.map,planner,1,130173,105828,403,401,110716,105828,966,0,64,True,den520d-random-9.scen,620,False,opti
620,den520d.map,planner,1,129574,105828,401,401,110452,105828,10042,0,64,True,den520d-random-9.scen,620,True,opti
20,den520d.map,planner,1,4201,4194,341,341,4201,4194,8,0,0,False,den520d-random-4.scen,20,False,
20,den520d.map,planner,1,4199,4194,341,341,4199,4194,10566,0,0,False,den520d-random-4.scen,20,True,
20,den520d.map,planner,1,4201,4194,341,341,4201,4194,8,0,0,True,den520d-random-4.scen,20,False,opti
20,den520d.map,planner,1,4199,4194,341,341,4199,4194,10585,0,0,True,den520d-random-4.scen,20,True,opti
20,den520d.map,planner,1,4201,4194,341,341,4201,4194,8,0,4,True,den520d-random-4.scen,20,False,opti
20,den520d.map,planner,1,4199,4194,341,341,4199,4194,10561,0,4,True,den520d-random-4.scen,20,True,opti
20,den520d.map,planner,1,4201,4194,341,341,4201,4194,9,0,16,True,den520d-random-4.scen,20,False,opti
20,den520d.map,planner,1,4199,4194,341,341,4199,4194,10563,0,16,True,den520d-random-4.scen,20,True,opti
20,den520d.map,planner,1,4201,4194,341,341,4201,4194,8,0,64,True,den520d-random-4.scen,20,False,opti
20,den520d.map,planner,1,4199,4194,341,341,4199,4194,10567,0,64,True,den520d-random-4.scen,20,True,opti
140,den520d.map,planner,1,25516,23047,367,367,23442,23047,57,0,0,False,den520d-random-4.scen,140,False,
140,den520d.map,planner,1,25301,23047,369,367,23402,23047,10214,0,0,False,den520d-random-4.scen,140,True,
140,den520d.map,planner,1,25516,23047,367,367,23442,23047,62,0,0,True,den520d-random-4.scen,140,False,opti
140,den520d.map,planner,1,25301,23047,369,367,23402,23047,10249,0,0,True,den520d-random-4.scen,140,True,opti
140,den520d.map,planner,1,25140,23047,367,367,23419,23047,55,0,4,True,den520d-random-4.scen,140,False,opti
140,den520d.map,planner,1,25378,23047,369,367,23374,23047,10122,0,4,True,den520d-random-4.scen,140,True,opti
140,den520d.map,planner,1,25140,23047,367,367,23419,23047,52,0,16,True,den520d-random-4.scen,140,False,opti
140,den520d.map,planner,1,25378,23047,369,367,23374,23047,10116,0,16,True,den520d-random-4.scen,140,True,opti
140,den520d.map,planner,1,25140,23047,367,367,23419,23047,57,0,64,True,den520d-random-4.scen,140,False,opti
140,den520d.map,planner,1,25378,23047,369,367,23374,23047,10117,0,64,True,den520d-random-4.scen,140,True,opti
260,den520d.map,planner,1,48494,42651,411,411,43677,42651,112,0,0,False,den520d-random-4.scen,260,False,
260,den520d.map,planner,1,47840,42651,414,411,43545,42651,10523,0,0,False,den520d-random-4.scen,260,True,
260,den520d.map,planner,1,48494,42651,411,411,43677,42651,108,0,0,True,den520d-random-4.scen,260,False,opti
260,den520d.map,planner,1,47840,42651,414,411,43545,42651,10526,0,0,True,den520d-random-4.scen,260,True,opti
260,den520d.map,planner,1,47961,42651,411,411,43622,42651,114,0,4,True,den520d-random-4.scen,260,False,opti
260,den520d.map,planner,1,47057,42651,413,411,43526,42651,10167,0,4,True,den520d-random-4.scen,260,True,opti
260,den520d.map,planner,1,47961,42651,411,411,43622,42651,111,0,16,True,den520d-random-4.scen,260,False,opti
260,den520d.map,planner,1,47057,42651,413,411,43526,42651,10158,0,16,True,den520d-random-4.scen,260,True,opti
260,den520d.map,planner,1,47961,42651,411,411,43622,42651,112,0,64,True,den520d-random-4.scen,260,False,opti
260,den520d.map,planner,1,47057,42651,413,411,43526,42651,10160,0,64,True,den520d-random-4.scen,260,True,opti
380,den520d.map,planner,1,74743,64230,411,411,66288,64230,163,0,0,False,den520d-random-4.scen,380,False,
380,den520d.map,planner,1,74508,64230,413,411,66282,64230,10329,0,0,False,den520d-random-4.scen,380,True,
380,den520d.map,planner,1,74743,64230,411,411,66288,64230,149,0,0,True,den520d-random-4.scen,380,False,opti
380,den520d.map,planner,1,74508,64230,413,411,66282,64230,10330,0,0,True,den520d-random-4.scen,380,True,opti
380,den520d.map,planner,1,75898,64230,411,411,66201,64230,163,0,4,True,den520d-random-4.scen,380,False,opti
380,den520d.map,planner,1,74408,64230,413,411,66127,64230,10098,0,4,True,den520d-random-4.scen,380,True,opti
380,den520d.map,planner,1,74587,64230,411,411,66191,64230,182,0,16,True,den520d-random-4.scen,380,False,opti
380,den520d.map,planner,1,74981,64230,413,411,66104,64230,10092,0,16,True,den520d-random-4.scen,380,True,opti
380,den520d.map,planner,1,74587,64230,411,411,66191,64230,160,0,64,True,den520d-random-4.scen,380,False,opti
380,den520d.map,planner,1,74981,64230,413,411,66104,64230,10106,0,64,True,den520d-random-4.scen,380,True,opti
500,den520d.map,planner,1,102346,84321,411,411,87835,84321,229,0,0,False,den520d-random-4.scen,500,False,
500,den520d.map,planner,1,102282,84321,413,411,87833,84321,10177,0,0,False,den520d-random-4.scen,500,True,
500,den520d.map,planner,1,102346,84321,411,411,87835,84321,232,0,0,True,den520d-random-4.scen,500,False,opti
500,den520d.map,planner,1,102282,84321,413,411,87833,84321,10178,0,0,True,den520d-random-4.scen,500,True,opti
500,den520d.map,planner,1,100721,84321,411,411,87482,84321,265,0,4,True,den520d-random-4.scen,500,False,opti
500,den520d.map,planner,1,101474,84321,411,411,87435,84321,10231,0,4,True,den520d-random-4.scen,500,True,opti
500,den520d.map,planner,1,101388,84321,411,411,87547,84321,296,0,16,True,den520d-random-4.scen,500,False,opti
500,den520d.map,planner,1,100826,84321,412,411,87343,84321,10147,0,16,True,den520d-random-4.scen,500,True,opti
500,den520d.map,planner,1,100792,84321,411,411,87561,84321,497,0,64,True,den520d-random-4.scen,500,False,opti
500,den520d.map,planner,1,101967,84321,412,411,87526,84321,10222,0,64,True,den520d-random-4.scen,500,True,opti
620,den520d.map,planner,1,129661,105888,411,411,111258,105888,276,0,0,False,den520d-random-4.scen,620,False,
620,den520d.map,planner,1,129979,105888,413,411,110945,105888,10175,0,0,False,den520d-random-4.scen,620,True,
620,den520d.map,planner,1,129661,105888,411,411,111258,105888,283,0,0,True,den520d-random-4.scen,620,False,opti
620,den520d.map,planner,1,129979,105888,413,411,110945,105888,10179,0,0,True,den520d-random-4.scen,620,True,opti
620,den520d.map,planner,1,130837,105888,411,411,111056,105888,349,0,4,True,den520d-random-4.scen,620,False,opti
620,den520d.map,planner,1,130480,105888,413,411,110521,105888,10133,0,4,True,den520d-random-4.scen,620,True,opti
620,den520d.map,planner,1,130667,105888,413,411,111147,105888,570,0,16,True,den520d-random-4.scen,620,False,opti
620,den520d.map,planner,1,130391,105888,413,411,111119,105888,10147,0,16,True,den520d-random-4.scen,620,True,opti
620,den520d.map,planner,1,131061,105888,411,411,110930,105888,1207,0,64,True,den520d-random-4.scen,620,False,opti
620,den520d.map,planner,1,129454,105888,413,411,110560,105888,10089,0,64,True,den520d-random-4.scen,620,True,opti
20,den520d.map,planner,1,3022,3019,325,325,3022,3019,7,0,0,False,den520d-random-5.scen,20,False,
20,den520d.map,planner,1,3020,3019,325,325,3020,3019,10623,0,0,False,den520d-random-5.scen,20,True,
20,den520d.map,planner,1,3022,3019,325,325,3022,3019,6,0,0,True,den520d-random-5.scen,20,False,opti
20,den520d.map,planner,1,3020,3019,325,325,3020,3019,10611,0,0,True,den520d-random-5.scen,20,True,opti
20,den520d.map,planner,1,3022,3019,325,325,3022,3019,8,0,4,True,den520d-random-5.scen,20,False,opti
20,den520d.map,planner,1,3020,3019,325,325,3020,3019,10619,0,4,True,den520d-random-5.scen,20,True,opti
20,den520d.map,planner,1,3022,3019,325,325,3022,3019,6,0,16,True,den520d-random-5.scen,20,False,opti
20,den520d.map,planner,1,3020,3019,325,325,3020,3019,10617,0,16,True,den520d-random-5.scen,20,True,opti
20,den520d.map,planner,1,3022,3019,325,325,3022,3019,6,0,64,True,den520d-random-5.scen,20,False,opti
20,den520d.map,planner,1,3020,3019,325,325,3020,3019,10623,0,64,True,den520d-random-5.scen,20,True,opti
140,den520d.map,planner,1,26416,23483,361,361,23853,23483,56,0,0,False,den520d-random-5.scen,140,False,
140,den520d.map,planner,1,26416,23483,361,361,23853,23483,11006,0,0,False,den520d-random-5.scen,140,True,
140,den520d.map,planner,1,26416,23483,361,361,23853,23483,53,0,0,True,den520d-random-5.scen,140,False,opti
140,den520d.map,planner,1,26416,23483,361,361,23853,23483,10949,0,0,True,den520d-random-5.scen,140,True,opti
140,den520d.map,planner,1,26178,23483,361,361,23865,23483,49,0,4,True,den520d-random-5.scen,140,False,opti
140,den520d.map,planner,1,26026,23483,363,361,23831,23483,10143,0,4,True,den520d-random-5.scen,140,True,opti
140,den520d.map,planner,1,26178,23483,361,361,23865,23483,57,0,16,True,den520d-random-5.scen,140,False,opti
140,den520d.map,planner,1,26026,23483,363,361,23831,23483,10142,0,16,True,den520d-random-5.scen,140,True,opti
140,den520d.map,planner,1,26178,23483,361,361,23865,23483,55,0,64,True,den520d-random-5.scen,140,False,opti
140,den520d.map,planner,1,26026,23483,363,361,23831,23483,10138,0,64,True,den520d-random-5.scen,140,True,opti
260,den520d.map,planner,1,49124,43547,383,383,44751,43547,106,0,0,False,den520d-random-5.scen,260,False,
260,den520d.map,planner,1,49122,43547,385,383,44749,43547,10366,0,0,False,den520d-random-5.scen,260,True,
260,den520d.map,planner,1,49124,43547,383,383,44751,43547,105,0,0,True,den520d-random-5.scen,260,False,opti
260,den520d.map,planner,1,49122,43547,385,383,44749,43547,10373,0,0,True,den520d-random-5.scen,260,True,opti
260,den520d.map,planner,1,50377,43547,383,383,44686,43547,100,0,4,True,den520d-random-5.scen,260,False,opti
260,den520d.map,planner,1,50377,43547,383,383,44686,43547,10536,0,4,True,den520d-random-5.scen,260,True,opti
260,den520d.map,planner,1,50377,43547,383,383,44686,43547,96,0,16,True,den520d-random-5.scen,260,False,opti
260,den520d.map,planner,1,50377,43547,383,383,44686,43547,10535,0,16,True,den520d-random-5.scen,260,True,opti
260,den520d.map,planner,1,50377,43547,383,383,44686,43547,109,0,64,True,den520d-random-5.scen,260,False,opti
260,den520d.map,planner,1,50377,43547,383,383,44686,43547,10548,0,64,True,den520d-random-5.scen,260,True,opti
380,den520d.map,planner,1,77031,64514,383,383,66946,64514,178,0,0,False,den520d-random-5.scen,380,False,
380,den520d.map,planner,1,76539,64514,383,383,66919,64514,10317,0,0,False,den520d-random-5.scen,380,True,
380,den520d.map,planner,1,77031,64514,383,383,66946,64514,152,0,0,True,den520d-random-5.scen,380,False,opti
380,den520d.map,planner,1,76539,64514,383,383,66919,64514,10339,0,0,True,den520d-random-5.scen,380,True,opti
380,den520d.map,planner,1,76118,64514,385,383,66814,64514,171,0,4,True,den520d-random-5.scen,380,False,opti
380,den520d.map,planner,1,75962,64514,385,383,66810,64514,10108,0,4,True,den520d-random-5.scen,380,True,opti
380,den520d.map,planner,1,76118,64514,385,383,66814,64514,158,0,16,True,den520d-random-5.scen,380,False,opti
380,den520d.map,planner,1,75962,64514,385,383,66810,64514,10106,0,16,True,den520d-random-5.scen,380,True,opti
380,den520d.map,planner,1,76118,64514,385,383,66814,64514,156,0,64,True,den520d-random-5.scen,380,False,opti
380,den520d.map,planner,1,75962,64514,385,383,66810,64514,10107,0,64,True,den520d-random-5.scen,380,True,opti
500,den520d.map,planner,1,104005,85369,392,392,89411,85369,210,0,0,False,den520d-random-5.scen,500,False,
500,den520d.map,planner,1,106047,85369,392,392,89321,85369,10090,0,0,False,den520d-random-5.scen,500,True,
500,den520d.map,planner,1,104005,85369,392,392,89411,85369,225,0,0,True,den520d-random-5.scen,500,False,opti
500,den520d.map,planner,1,106047,85369,392,392,89321,85369,10085,0,0,True,den520d-random-5.scen,500,True,opti
500,den520d.map,planner,1,105164,85369,394,392,89014,85369,224,0,4,True,den520d-random-5.scen,500,False,opti
500,den520d.map,planner,1,105725,85369,394,392,89025,85369,10191,0,4,True,den520d-random-5.scen,500,True,opti
500,den520d.map,planner,1,104567,85369,394,392,89062,85369,277,0,16,True,den520d-random-5.scen,500,False,opti
500,den520d.map,planner,1,103878,85369,394,392,89029,85369,10231,0,16,True,den520d-random-5.scen,500,True,opti
500,den520d.map,planner,1,104964,85369,394,392,89073,85369,417,0,64,True,den520d-random-5.scen,500,False,opti
500,den520d.map,planner,1,103966,85369,395,392,89087,85369,10042,0,64,True,den520d-random-5.scen,500,True,opti
620,den520d.map,planner,1,134395,106705,392,392,112981,106705,289,0,0,False,den520d-random-5.scen,620,False,
620,den520d.map,planner,1,134353,106705,392,392,112979,106705,10053,0,0,False,den520d-random-5.scen,620,True,
620,den520d.map,planner,1,134395,106705,392,392,112981,106705,289,0,0,True,den520d-random-5.scen,620,False,opti
620,den520d.map,planner,1,134353,106705,392,392,112979,106705,10059,0,0,True,den520d-random-5.scen,620,True,opti
620,den520d.map,planner,1,133337,106705,394,392,112392,106705,327,0,4,True,den520d-random-5.scen,620,False,opti
620,den520d.map,planner,1,132650,106705,393,392,112313,106705,10051,0,4,True,den520d-random-5.scen,620,True,opti
620,den520d.map,planner,1,134285,106705,392,392,112491,106705,490,0,16,True,den520d-random-5.scen,620,False,opti
620,den520d.map,planner,1,134672,106705,392,392,112314,106705,10181,0,16,True,den520d-random-5.scen,620,True,opti
620,den520d.map,planner,1,133349,106705,392,392,112436,106705,866,0,64,True,den520d-random-5.scen,620,False,opti
620,den520d.map,planner,1,134519,106705,394,392,112413,106705,10068,0,64,True,den520d-random-5.scen,620,True,opti
20,den520d.map,planner,1,3616,3611,336,336,3616,3611,7,0,0,False,den520d-random-16.scen,20,False,
20,den520d.map,planner,1,3616,3611,336,336,3616,3611,10603,0,0,False,den520d-random-16.scen,20,True,
20,den520d.map,planner,1,3616,3611,336,336,3616,3611,7,0,0,True,den520d-random-16.scen,20,False,opti
20,den520d.map,planner,1,3616,3611,336,336,3616,3611,10718,0,0,True,den520d-random-16.scen,20,True,opti
20,den520d.map,planner,1,3616,3611,336,336,3616,3611,7,0,4,True,den520d-random-16.scen,20,False,opti
20,den520d.map,planner,1,3616,3611,336,336,3616,3611,10615,0,4,True,den520d-random-16.scen,20,True,opti
20,den520d.map,planner,1,3616,3611,336,336,3616,3611,7,0,16,True,den520d-random-16.scen,20,False,opti
20,den520d.map,planner,1,3616,3611,336,336,3616,3611,10628,0,16,True,den520d-random-16.scen,20,True,opti
20,den520d.map,planner,1,3616,3611,336,336,3616,3611,8,0,64,True,den520d-random-16.scen,20,False,opti
20,den520d.map,planner,1,3616,3611,336,336,3616,3611,10649,0,64,True,den520d-random-16.scen,20,True,opti
140,den520d.map,planner,1,27163,24153,416,416,24517,24153,52,0,0,False,den520d-random-16.scen,140,False,
140,den520d.map,planner,1,26975,24153,418,416,24470,24153,10222,0,0,False,den520d-random-16.scen,140,True,
140,den520d.map,planner,1,27163,24153,416,416,24517,24153,60,0,0,True,den520d-random-16.scen,140,False,opti
140,den520d.map,planner,1,26975,24153,418,416,24470,24153,10228,0,0,True,den520d-random-16.scen,140,True,opti
140,den520d.map,planner,1,27115,24153,416,416,24473,24153,54,0,4,True,den520d-random-16.scen,140,False,opti
140,den520d.map,planner,1,27115,24153,416,416,24473,24153,10755,0,4,True,den520d-random-16.scen,140,True,opti
140,den520d.map,planner,1,27115,24153,416,416,24473,24153,56,0,16,True,den520d-random-16.scen,140,False,opti
140,den520d.map,planner,1,27115,24153,416,416,24473,24153,10803,0,16,True,den520d-random-16.scen,140,True,opti
140,den520d.map,planner,1,27115,24153,416,416,24473,24153,53,0,64,True,den520d-random-16.scen,140,False,opti
140,den520d.map,planner,1,27115,24153,416,416,24473,24153,10820,0,64,True,den520d-random-16.scen,140,True,opti
260,den520d.map,planner,1,52052,43920,416,416,44911,43920,116,0,0,False,den520d-random-16.scen,260,False,
260,den520d.map,planner,1,51970,43920,416,416,44907,43920,10198,0,0,False,den520d-random-16.scen,260,True,
260,den520d.map,planner,1,52052,43920,416,416,44911,43920,106,0,0,True,den520d-random-16.scen,260,False,opti
260,den520d.map,planner,1,51970,43920,416,416,44907,43920,10204,0,0,True,den520d-random-16.scen,260,True,opti
260,den520d.map,planner,1,51434,43920,416,416,44992,43920,103,0,4,True,den520d-random-16.scen,260,False,opti
260,den520d.map,planner,1,50724,43920,416,416,44851,43920,10557,0,4,True,den520d-random-16.scen,260,True,opti
260,den520d.map,planner,1,51434,43920,416,416,44992,43920,107,0,16,True,den520d-random-16.scen,260,False,opti
260,den520d.map,planner,1,50724,43920,416,416,44851,43920,10530,0,16,True,den520d-random-16.scen,260,True,opti
260,den520d.map,planner,1,51434,43920,416,416,44992,43920,117,0,64,True,den520d-random-16.scen,260,False,opti
260,den520d.map,planner,1,50724,43920,416,416,44851,43920,10542,0,64,True,den520d-random-16.scen,260,True,opti
380,den520d.map,planner,1,80524,65401,416,416,67853,65401,159,0,0,False,den520d-random-16.scen,380,False,
380,den520d.map,planner,1,79538,65401,418,416,67726,65401,10341,0,0,False,den520d-random-16.scen,380,True,
380,den520d.map,planner,1,80524,65401,416,416,67853,65401,156,0,0,True,den520d-random-16.scen,380,False,opti
380,den520d.map,planner,1,79538,65401,418,416,67726,65401,10344,0,0,True,den520d-random-16.scen,380,True,opti
380,den520d.map,planner,1,79324,65401,416,416,67615,65401,171,0,4,True,den520d-random-16.scen,380,False,opti
380,den520d.map,planner,1,79547,65401,418,416,67527,65401,10261,0,4,True,den520d-random-16.scen,380,True,opti
380,den520d.map,planner,1,79324,65401,416,416,67615,65401,168,0,16,True,den520d-random-16.scen,380,False,opti
380,den520d.map,planner,1,79547,65401,418,416,67527,65401,10272,0,16,True,den520d-random-16.scen,380,True,opti
380,den520d.map,planner,1,79324,65401,416,416,67615,65401,172,0,64,True,den520d-random-16.scen,380,False,opti
380,den520d.map,planner,1,79547,65401,418,416,67527,65401,10265,0,64,True,den520d-random-16.scen,380,True,opti
500,den520d.map,planner,1,104782,84051,416,416,87784,84051,207,0,0,False,den520d-random-16.scen,500,False,
500,den520d.map,planner,1,104620,84051,418,416,87782,84051,10245,0,0,False,den520d-random-16.scen,500,True,
500,den520d.map,planner,1,104782,84051,416,416,87784,84051,210,0,0,True,den520d-random-16.scen,500,False,opti
500,den520d.map,planner,1,104620,84051,418,416,87782,84051,10239,0,0,True,den520d-random-16.scen,500,True,opti
500,den520d.map,planner,1,104436,84051,416,416,87525,84051,239,0,4,True,den520d-random-16.scen,500,False,opti
500,den520d.map,planner,1,104911,84051,416,416,87614,84051,10244,0,4,True,den520d-random-16.scen,500,True,opti
500,den520d.map,planner,1,105097,84051,416,416,87636,84051,251,0,16,True,den520d-random-16.scen,500,False,opti
500,den520d.map,planner,1,104671,84051,416,416,87516,84051,10241,0,16,True,den520d-random-16.scen,500,True,opti
500,den520d.map,planner,1,104897,84051,416,416,87468,84051,226,0,64,True,den520d-random-16.scen,500,False,opti
500,den520d.map,planner,1,104897,84051,416,416,87468,84051,10108,0,64,True,den520d-random-16.scen,500,True,opti
620,den520d.map,planner,1,134913,105515,416,416,111484,105515,290,0,0,False,den520d-random-16.scen,620,False,
620,den520d.map,planner,1,134028,105515,418,416,111198,105515,10161,0,0,False,den520d-random-16.scen,620,True,
620,den520d.map,planner,1,134913,105515,416,416,111484,105515,266,0,0,True,den520d-random-16.scen,620,False,opti
620,den520d.map,planner,1,134028,105515,418,416,111198,105515,10165,0,0,True,den520d-random-16.scen,620,True,opti
620,den520d.map,planner,1,133983,105515,416,416,110957,105515,318,0,4,True,den520d-random-16.scen,620,False,opti
620,den520d.map,planner,1,134394,105515,416,416,110789,105515,10183,0,4,True,den520d-random-16.scen,620,True,opti
620,den520d.map,planner,1,134912,105515,416,416,111017,105515,437,0,16,True,den520d-random-16.scen,620,False,opti
620,den520d.map,planner,1,134076,105515,418,416,110772,105515,10181,0,16,True,den520d-random-16.scen,620,True,opti
620,den520d.map,planner,1,134455,105515,416,416,110871,105515,599,0,64,True,den520d-random-16.scen,620,False,opti
620,den520d.map,planner,1,136049,105515,416,416,111006,105515,10155,0,64,True,den520d-random-16.scen,620,True,opti
20,den520d.map,planner,1,2912,2907,293,293,2912,2907,6,0,0,False,den520d-random-14.scen,20,False,
20,den520d.map,planner,1,2907,2907,293,293,2907,2907,493,0,0,False,den520d-random-14.scen,20,True,
20,den520d.map,planner,1,2912,2907,293,293,2912,2907,6,0,0,True,den520d-random-14.scen,20,False,opti
20,den520d.map,planner,1,2907,2907,293,293,2907,2907,482,0,0,True,den520d-random-14.scen,20,True,opti
20,den520d.map,planner,1,2912,2907,293,293,2912,2907,6,0,4,True,den520d-random-14.scen,20,False,opti
20,den520d.map,planner,1,2907,2907,293,293,2907,2907,474,0,4,True,den520d-random-14.scen,20,True,opti
20,den520d.map,planner,1,2912,2907,293,293,2912,2907,6,0,16,True,den520d-random-14.scen,20,False,opti
20,den520d.map,planner,1,2907,2907,293,293,2907,2907,486,0,16,True,den520d-random-14.scen,20,True,opti
20,den520d.map,planner,1,2912,2907,293,293,2912,2907,6,0,64,True,den520d-random-14.scen,20,False,opti
20,den520d.map,planner,1,2907,2907,293,293,2907,2907,489,0,64,True,den520d-random-14.scen,20,True,opti
140,den520d.map,planner,1,24890,22423,373,373,22825,22423,59,0,0,False,den520d-random-14.scen,140,False,
140,den520d.map,planner,1,24754,22423,373,373,22810,22423,10922,0,0,False,den520d-random-14.scen,140,True,
140,den520d.map,planner,1,24890,22423,373,373,22825,22423,58,0,0,True,den520d-random-14.scen,140,False,opti
140,den520d.map,planner,1,24754,22423,373,373,22810,22423,10886,0,0,True,den520d-random-14.scen,140,True,opti
140,den520d.map,planner,1,24909,22423,375,373,22824,22423,56,0,4,True,den520d-random-14.scen,140,False,opti
140,den520d.map,planner,1,24909,22423,375,373,22824,22423,11018,0,4,True,den520d-random-14.scen,140,True,opti
140,den520d.map,planner,1,24909,22423,375,373,22824,22423,56,0,16,True,den520d-random-14.scen,140,False,opti
140,den520d.map,planner,1,24909,22423,375,373,22824,22423,11006,0,16,True,den520d-random-14.scen,140,True,opti
140,den520d.map,planner,1,24909,22423,375,373,22824,22423,53,0,64,True,den520d-random-14.scen,140,False,opti
140,den520d.map,planner,1,24909,22423,375,373,22824,22423,11017,0,64,True,den520d-random-14.scen,140,True,opti
260,den520d.map,planner,1,49069,42548,376,376,43660,42548,104,0,0,False,den520d-random-14.scen,260,False,
260,den520d.map,planner,1,49057,42548,376,376,43658,42548,10509,0,0,False,den520d-random-14.scen,260,True,
260,den520d.map,planner,1,49069,42548,376,376,43660,42548,108,0,0,True,den520d-random-14.scen,260,False,opti
260,den520d.map,planner,1,49057,42548,376,376,43658,42548,10532,0,0,True,den520d-random-14.scen,260,True,opti
260,den520d.map,planner,1,49143,42548,376,376,43635,42548,109,0,4,True,den520d-random-14.scen,260,False,opti
260,den520d.map,planner,1,49141,42548,376,376,43633,42548,10533,0,4,True,den520d-random-14.scen,260,True,opti
260,den520d.map,planner,1,49143,42548,376,376,43635,42548,106,0,16,True,den520d-random-14.scen,260,False,opti
260,den520d.map,planner,1,49141,42548,376,376,43633,42548,10544,0,16,True,den520d-random-14.scen,260,True,opti
260,den520d.map,planner,1,49143,42548,376,376,43635,42548,102,0,64,True,den520d-random-14.scen,260,False,opti
260,den520d.map,planner,1,49141,42548,376,376,43633,42548,10543,0,64,True,den520d-random-14.scen,260,True,opti
380,den520d.map,planner,1,75966,63342,376,376,65602,63342,176,0,0,False,den520d-random-14.scen,380,False,
380,den520d.map,planner,1,75954,63342,376,376,65600,63342,10332,0,0,False,den520d-random-14.scen,380,True,
380,den520d.map,planner,1,76561,63342,376,376,65637,63342,161,0,0,True,den520d-random-14.scen,380,False,opti
380,den520d.map,planner,1,76561,63342,376,376,65637,63342,10186,0,0,True,den520d-random-14.scen,380,True,opti
380,den520d.map,planner,1,76073,63342,376,376,65625,63342,180,0,4,True,den520d-random-14.scen,380,False,opti
380,den520d.map,planner,1,76255,63342,376,376,65657,63342,10055,0,4,True,den520d-random-14.scen,380,True,opti
380,den520d.map,planner,1,76275,63342,376,376,65590,63342,168,0,16,True,den520d-random-14.scen,380,False,opti
380,den520d.map,planner,1,75945,63342,376,376,65590,63342,10367,0,16,True,den520d-random-14.scen,380,True,opti
380,den520d.map,planner,1,76162,63342,376,376,65659,63342,192,0,64,True,den520d-random-14.scen,380,False,opti
380,den520d.map,planner,1,76342,63342,376,376,65563,63342,10151,0,64,True,den520d-random-14.scen,380,True,opti
500,den520d.map,planner,1,104989,84935,379,379,88889,84935,218,0,0,False,den520d-random-14.scen,500,False,
500,den520d.map,planner,1,104989,84935,379,379,88889,84935,10249,0,0,False,den520d-random-14.scen,500,True,
500,den520d.map,planner,1,104372,84935,379,379,88901,84935,210,0,0,True,den520d-random-14.scen,500,False,opti
500,den520d.map,planner,1,104372,84935,379,379,88901,84935,10039,0,0,True,den520d-random-14.scen,500,True,opti
500,den520d.map,planner,1,105049,84935,379,379,88699,84935,232,0,4,True,den520d-random-14.scen,500,False,opti
500,den520d.map,planner,1,104367,84935,382,379,88708,84935,10232,0,4,True,den520d-random-14.scen,500,True,opti
500,den520d.map,planner,1,105886,84935,379,379,88682,84935,252,0,16,True,den520d-random-14.scen,500,False,opti
500,den520d.map,planner,1,103928,84935,379,379,88720,84935,10187,0,16,True,den520d-random-14.scen,500,True,opti
500,den520d.map,planner,1,104797,84935,379,379,88756,84935,464,0,64,True,den520d-random-14.scen,500,False,opti
500,den520d.map,planner,1,103653,84935,379,379,88666,84935,10232,0,64,True,den520d-random-14.scen,500,True,opti
620,den520d.map,planner,1,133951,105901,379,379,111934,105901,270,0,0,False,den520d-random-14.scen,620,False,
620,den520d.map,planner,1,132982,105901,381,379,111632,105901,10036,0,0,False,den520d-random-14.scen,620,True,
620,den520d.map,planner,1,133270,105901,379,379,111875,105901,284,0,0,True,den520d-random-14.scen,620,False,opti
620,den520d.map,planner,1,133484,105901,381,379,111734,105901,10171,0,0,True,den520d-random-14.scen,620,True,opti
620,den520d.map,planner,1,133194,105901,379,379,111526,105901,333,0,4,True,den520d-random-14.scen,620,False,opti
620,den520d.map,planner,1,132910,105901,380,379,111424,105901,10175,0,4,True,den520d-random-14.scen,620,True,opti
620,den520d.map,planner,1,132310,105901,379,379,111390,105901,403,0,16,True,den520d-random-14.scen,620,False,opti
620,den520d.map,planner,1,133565,105901,381,379,111212,105901,10155,0,16,True,den520d-random-14.scen,620,True,opti
620,den520d.map,planner,1,132446,105901,379,379,111577,105901,765,0,64,True,den520d-random-14.scen,620,False,opti
620,den520d.map,planner,1,132377,105901,380,379,111359,105901,10169,0,64,True,den520d-random-14.scen,620,True,opti
20,den520d.map,planner,1,3791,3784,320,320,3791,3784,7,0,0,False,den520d-random-25.scen,20,False,
20,den520d.map,planner,1,3788,3784,322,320,3788,3784,10912,0,0,False,den520d-random-25.scen,20,True,
20,den520d.map,planner,1,3791,3784,320,320,3791,3784,7,0,0,True,den520d-random-25.scen,20,False,opti
20,den520d.map,planner,1,3788,3784,322,320,3788,3784,10938,0,0,True,den520d-random-25.scen,20,True,opti
20,den520d.map,planner,1,3791,3784,320,320,3791,3784,7,0,4,True,den520d-random-25.scen,20,False,opti
20,den520d.map,planner,1,3788,3784,322,320,3788,3784,10953,0,4,True,den520d-random-25.scen,20,True,opti
20,den520d.map,planner,1,3791,3784,320,320,3791,3784,7,0,16,True,den520d-random-25.scen,20,False,opti
20,den520d.map,planner,1,3788,3784,322,320,3788,3784,10936,0,16,True,den520d-random-25.scen,20,True,opti
20,den520d.map,planner,1,3791,3784,320,320,3791,3784,7,0,64,True,den520d-random-25.scen,20,False,opti
20,den520d.map,planner,1,3788,3784,322,320,3788,3784,10930,0,64,True,den520d-random-25.scen,20,True,opti
140,den520d.map,planner,1,29337,26673,403,403,26990,26673,64,0,0,False,den520d-random-25.scen,140,False,
140,den520d.map,planner,1,29337,26673,403,403,26990,26673,11003,0,0,False,den520d-random-25.scen,140,True,
140,den520d.map,planner,1,29337,26673,403,403,26990,26673,54,0,0,True,den520d-random-25.scen,140,False,opti
140,den520d.map,planner,1,29337,26673,403,403,26990,26673,10995,0,0,True,den520d-random-25.scen,140,True,opti
140,den520d.map,planner,1,29490,26673,403,403,27011,26673,64,0,4,True,den520d-random-25.scen,140,False,opti
140,den520d.map,planner,1,29251,26673,405,403,26974,26673,10985,0,4,True,den520d-random-25.scen,140,True,opti
140,den520d.map,planner,1,29490,26673,403,403,27011,26673,56,0,16,True,den520d-random-25.scen,140,False,opti
140,den520d.map,planner,1,29251,26673,405,403,26974,26673,10981,0,16,True,den520d-random-25.scen,140,True,opti
140,den520d.map,planner,1,29490,26673,403,403,27011,26673,59,0,64,True,den520d-random-25.scen,140,False,opti
140,den520d.map,planner,1,29251,26673,405,403,26974,26673,10957,0,64,True,den520d-random-25.scen,140,True,opti
260,den520d.map,planner,1,53589,46887,403,403,48080,46887,119,0,0,False,den520d-random-25.scen,260,False,
260,den520d.map,planner,1,53800,46887,403,403,47977,46887,10540,0,0,False,den520d-random-25.scen,260,True,
260,den520d.map,planner,1,53589,46887,403,403,48080,46887,120,0,0,True,den520d-random-25.scen,260,False,opti
260,den520d.map,planner,1,53800,46887,403,403,47977,46887,10533,0,0,True,den520d-random-25.scen,260,True,opti
260,den520d.map,planner,1,52778,46887,403,403,47917,46887,118,0,4,True,den520d-random-25.scen,260,False,opti
260,den520d.map,planner,1,52619,46887,405,403,47915,46887,10090,0,4,True,den520d-random-25.scen,260,True,opti
260,den520d.map,planner,1,52778,46887,403,403,47917,46887,117,0,16,True,den520d-random-25.scen,260,False,opti
260,den520d.map,planner,1,52619,46887,405,403,47915,46887,10088,0,16,True,den520d-random-25.scen,260,True,opti
260,den520d.map,planner,1,52778,46887,403,403,47917,46887,116,0,64,True,den520d-random-25.scen,260,False,opti
260,den520d.map,planner,1,52619,46887,405,403,47915,46887,10092,0,64,True,den520d-random-25.scen,260,True,opti
380,den520d.map,planner,1,79891,66761,403,403,69012,66761,174,0,0,False,den520d-random-25.scen,380,False,
380,den520d.map,planner,1,79891,66761,403,403,69012,66761,10343,0,0,False,den520d-random-25.scen,380,True,
380,den520d.map,planner,1,79891,66761,403,403,69012,66761,178,0,0,True,den520d-random-25.scen,380,False,opti
380,den520d.map,planner,1,79891,66761,403,403,69012,66761,10343,0,0,True,den520d-random-25.scen,380,True,opti
380,den520d.map,planner,1,79663,66761,403,403,68883,66761,181,0,4,True,den520d-random-25.scen,380,False,opti
380,den520d.map,planner,1,78929,66761,403,403,68825,66761,10224,0,4,True,den520d-random-25.scen,380,True,opti
380,den520d.map,planner,1,79663,66761,403,403,68883,66761,177,0,16,True,den520d-random-25.scen,380,False,opti
380,den520d.map,planner,1,78943,66761,403,403,68771,66761,10122,0,16,True,den520d-random-25.scen,380,True,opti
380,den520d.map,planner,1,79663,66761,403,403,68883,66761,177,0,64,True,den520d-random-25.scen,380,False,opti
380,den520d.map,planner,1,78943,66761,403,403,68771,66761,10125,0,64,True,den520d-random-25.scen,380,True,opti
500,den520d.map,planner,1,108117,88706,403,403,92415,88706,229,0,0,False,den520d-random-25.scen,500,False,
500,den520d.map,planner,1,109817,88706,403,403,92336,88706,10193,0,0,False,den520d-random-25.scen,500,True,
500,den520d.map,planner,1,108117,88706,403,403,92415,88706,221,0,0,True,den520d-random-25.scen,500,False,opti
500,den520d.map,planner,1,109817,88706,403,403,92336,88706,10204,0,0,True,den520d-random-25.scen,500,True,opti
500,den520d.map,planner,1,108065,88706,403,403,92344,88706,242,0,4,True,den520d-random-25.scen,500,False,opti
500,den520d.map,planner,1,107930,88706,405,403,92065,88706,10039,0,4,True,den520d-random-25.scen,500,True,opti
500,den520d.map,planner,1,108312,88706,405,403,92372,88706,283,0,16,True,den520d-random-25.scen,500,False,opti
500,den520d.map,planner,1,107662,88706,405,403,92207,88706,10249,0,16,True,den520d-random-25.scen,500,True,opti
500,den520d.map,planner,1,108834,88706,404,403,92226,88706,545,0,64,True,den520d-random-25.scen,500,False,opti
500,den520d.map,planner,1,109420,88706,403,403,92336,88706,10156,0,64,True,den520d-random-25.scen,500,True,opti
620,den520d.map,planner,1,136751,108372,403,403,113954,108372,271,0,0,False,den520d-random-25.scen,620,False,
620,den520d.map,planner,1,137152,108372,403,403,113924,108372,10176,0,0,False,den520d-random-25.scen,620,True,
620,den520d.map,planner,1,136751,108372,403,403,113954,108372,257,0,0,True,den520d-random-25.scen,620,False,opti
620,den520d.map,planner,1,137152,108372,403,403,113924,108372,10177,0,0,True,den520d-random-25.scen,620,True,opti
620,den520d.map,planner,1,136522,108372,403,403,113631,108372,314,0,4,True,den520d-random-25.scen,620,False,opti
620,den520d.map,planner,1,137029,108372,405,403,113757,108372,10180,0,4,True,den520d-random-25.scen,620,True,opti
620,den520d.map,planner,1,135104,108372,403,403,113579,108372,380,0,16,True,den520d-random-25.scen,620,False,opti
620,den520d.map,planner,1,138148,108372,403,403,113704,108372,10159,0,16,True,den520d-random-25.scen,620,True,opti
620,den520d.map,planner,1,136915,108372,403,403,113803,108372,784,0,64,True,den520d-random-25.scen,620,False,opti
620,den520d.map,planner,1,136069,108372,406,403,113702,108372,10153,0,64,True,den520d-random-25.scen,620,True,opti
20,den520d.map,planner,1,2983,2981,319,319,2983,2981,6,0,0,False,den520d-random-6.scen,20,False,
20,den520d.map,planner,1,2981,2981,319,319,2981,2981,9,0,0,False,den520d-random-6.scen,20,True,
20,den520d.map,planner,1,2983,2981,319,319,2983,2981,6,0,0,True,den520d-random-6.scen,20,False,opti
20,den520d.map,planner,1,2981,2981,319,319,2981,2981,7,0,0,True,den520d-random-6.scen,20,True,opti
20,den520d.map,planner,1,2983,2981,319,319,2983,2981,6,0,4,True,den520d-random-6.scen,20,False,opti
20,den520d.map,planner,1,2981,2981,319,319,2981,2981,7,0,4,True,den520d-random-6.scen,20,True,opti
20,den520d.map,planner,1,2983,2981,319,319,2983,2981,6,0,16,True,den520d-random-6.scen,20,False,opti
20,den520d.map,planner,1,2981,2981,319,319,2981,2981,7,0,16,True,den520d-random-6.scen,20,True,opti
20,den520d.map,planner,1,2983,2981,319,319,2983,2981,6,0,64,True,den520d-random-6.scen,20,False,opti
20,den520d.map,planner,1,2981,2981,319,319,2981,2981,7,0,64,True,den520d-random-6.scen,20,True,opti
140,den520d.map,planner,1,26304,24577,371,371,24985,24577,54,0,0,False,den520d-random-6.scen,140,False,
140,den520d.map,planner,1,26094,24577,372,371,24955,24577,10280,0,0,False,den520d-random-6.scen,140,True,
140,den520d.map,planner,1,26304,24577,371,371,24985,24577,57,0,0,True,den520d-random-6.scen,140,False,opti
140,den520d.map,planner,1,26094,24577,372,371,24955,24577,10284,0,0,True,den520d-random-6.scen,140,True,opti
140,den520d.map,planner,1,26386,24577,371,371,24999,24577,57,0,4,True,den520d-random-6.scen,140,False,opti
140,den520d.map,planner,1,26384,24577,371,371,24997,24577,11015,0,4,True,den520d-random-6.scen,140,True,opti
140,den520d.map,planner,1,26386,24577,371,371,24999,24577,50,0,16,True,den520d-random-6.scen,140,False,opti
140,den520d.map,planner,1,26384,24577,371,371,24997,24577,10994,0,16,True,den520d-random-6.scen,140,True,opti
140,den520d.map,planner,1,26386,24577,371,371,24999,24577,61,0,64,True,den520d-random-6.scen,140,False,opti
140,den520d.map,planner,1,26384,24577,371,371,24997,24577,11006,0,64,True,den520d-random-6.scen,140,True,opti
260,den520d.map,planner,1,51265,45531,385,385,46693,45531,100,0,0,False,den520d-random-6.scen,260,False,
260,den520d.map,planner,1,51265,45531,385,385,46693,45531,10531,0,0,False,den520d-random-6.scen,260,True,
260,den520d.map,planner,1,51265,45531,385,385,46693,45531,112,0,0,True,den520d-random-6.scen,260,False,opti
260,den520d.map,planner,1,51265,45531,385,385,46693,45531,10534,0,0,True,den520d-random-6.scen,260,True,opti
260,den520d.map,planner,1,52102,45531,385,385,46767,45531,112,0,4,True,den520d-random-6.scen,260,False,opti
260,den520d.map,planner,1,51890,45531,385,385,46597,45531,10391,0,4,True,den520d-random-6.scen,260,True,opti
260,den520d.map,planner,1,52102,45531,385,385,46767,45531,110,0,16,True,den520d-random-6.scen,260,False,opti
260,den520d.map,planner,1,51890,45531,385,385,46597,45531,10400,0,16,True,den520d-random-6.scen,260,True,opti
260,den520d.map,planner,1,52102,45531,385,385,46767,45531,115,0,64,True,den520d-random-6.scen,260,False,opti
260,den520d.map,planner,1,51890,45531,385,385,46597,45531,10400,0,64,True,den520d-random-6.scen,260,True,opti
380,den520d.map,planner,1,76294,65137,385,385,67665,65137,164,0,0,False,den520d-random-6.scen,380,False,
380,den520d.map,planner,1,75712,65137,385,385,67612,65137,10231,0,0,False,den520d-random-6.scen,380,True,
380,den520d.map,planner,1,76747,65137,385,385,67684,65137,167,0,0,True,den520d-random-6.scen,380,False,opti
380,den520d.map,planner,1,77130,65137,385,385,67649,65137,10319,0,0,True,den520d-random-6.scen,380,True,opti
380,den520d.map,planner,1,75711,65137,385,385,67440,65137,174,0,4,True,den520d-random-6.scen,380,False,opti
380,den520d.map,planner,1,76123,65137,387,385,67293,65137,10225,0,4,True,den520d-random-6.scen,380,True,opti
380,den520d.map,planner,1,75757,65137,385,385,67479,65137,183,0,16,True,den520d-random-6.scen,380,False,opti
380,den520d.map,planner,1,76174,65137,385,385,67374,65137,10039,0,16,True,den520d-random-6.scen,380,True,opti
380,den520d.map,planner,1,76579,65137,385,385,67523,65137,222,0,64,True,den520d-random-6.scen,380,False,opti
380,den520d.map,planner,1,76063,65137,385,385,67321,65137,10317,0,64,True,den520d-random-6.scen,380,True,opti
500,den520d.map,planner,1,105466,86415,385,385,90429,86415,225,0,0,False,den520d-random-6.scen,500,False,
500,den520d.map,planner,1,105258,86415,385,385,90425,86415,10231,0,0,False,den520d-random-6.scen,500,True,
500,den520d.map,planner,1,105058,86415,385,385,90431,86415,228,0,0,True,den520d-random-6.scen,500,False,opti
500,den520d.map,planner,1,105058,86415,385,385,90431,86415,10247,0,0,True,den520d-random-6.scen,500,True,opti
500,den520d.map,planner,1,104405,86415,385,385,90060,86415,265,0,4,True,den520d-random-6.scen,500,False,opti
500,den520d.map,planner,1,104928,86415,385,385,90102,86415,10259,0,4,True,den520d-random-6.scen,500,True,opti
500,den520d.map,planner,1,103211,86415,385,385,90062,86415,385,0,16,True,den520d-random-6.scen,500,False,opti
500,den520d.map,planner,1,103559,86415,385,385,90084,86415,10225,0,16,True,den520d-random-6.scen,500,True,opti
500,den520d.map,planner,1,104279,86415,385,385,89955,86415,642,0,64,True,den520d-random-6.scen,500,False,opti
500,den520d.map,planner,1,104069,86415,387,385,89972,86415,10231,0,64,True,den520d-random-6.scen,500,True,opti
620,den520d.map,planner,1,133537,105256,385,385,111489,105256,283,0,0,False,den520d-random-6.scen,620,False,
620,den520d.map,planner,1,133031,105256,386,385,111216,105256,10073,0,0,False,den520d-random-6.scen,620,True,
620,den520d.map,planner,1,132328,105256,385,385,111381,105256,274,0,0,True,den520d-random-6.scen,620,False,opti
620,den520d.map,planner,1,132537,105256,385,385,111060,105256,10162,0,0,True,den520d-random-6.scen,620,True,opti
620,den520d.map,planner,1,132614,105256,387,385,110914,105256,376,0,4,True,den520d-random-6.scen,620,False,opti
620,den520d.map,planner,1,132294,105256,385,385,110986,105256,10090,0,4,True,den520d-random-6.scen,620,True,opti
620,den520d.map,planner,1,131424,105256,385,385,110916,105256,528,0,16,True,den520d-random-6.scen,620,False,opti
620,den520d.map,planner,1,132224,105256,385,385,111060,105256,10062,0,16,True,den520d-random-6.scen,620,True,opti
620,den520d.map,planner,1,131254,105256,385,385,110503,105256,1086,0,64,True,den520d-random-6.scen,620,False,opti
620,den520d.map,planner,1,131373,105256,387,385,110785,105256,10038,0,64,True,den520d-random-6.scen,620,True,opti
20,den520d.map,planner,1,2630,2528,326,326,2535,2528,6,0,0,False,den520d-random-8.scen,20,False,
20,den520d.map,planner,1,2628,2528,326,326,2533,2528,10889,0,0,False,den520d-random-8.scen,20,True,
20,den520d.map,planner,1,2630,2528,326,326,2535,2528,6,0,0,True,den520d-random-8.scen,20,False,opti
20,den520d.map,planner,1,2628,2528,326,326,2533,2528,10890,0,0,True,den520d-random-8.scen,20,True,opti
20,den520d.map,planner,1,2630,2528,326,326,2535,2528,6,0,4,True,den520d-random-8.scen,20,False,opti
20,den520d.map,planner,1,2628,2528,326,326,2533,2528,10878,0,4,True,den520d-random-8.scen,20,True,opti
20,den520d.map,planner,1,2630,2528,326,326,2535,2528,6,0,16,True,den520d-random-8.scen,20,False,opti
20,den520d.map,planner,1,2628,2528,326,326,2533,2528,10876,0,16,True,den520d-random-8.scen,20,True,opti
20,den520d.map,planner,1,2630,2528,326,326,2535,2528,6,0,64,True,den520d-random-8.scen,20,False,opti
20,den520d.map,planner,1,2628,2528,326,326,2533,2528,10878,0,64,True,den520d-random-8.scen,20,True,opti
140,den520d.map,planner,1,26010,23180,370,370,23531,23180,57,0,0,False,den520d-random-8.scen,140,False,
140,den520d.map,planner,1,26010,23180,370,370,23531,23180,10127,0,0,False,den520d-random-8.scen,140,True,
140,den520d.map,planner,1,26010,23180,370,370,23531,23180,56,0,0,True,den520d-random-8.scen,140,False,opti
140,den520d.map,planner,1,26010,23180,370,370,23531,23180,10135,0,0,True,den520d-random-8.scen,140,True,opti
140,den520d.map,planner,1,25999,23180,370,370,23557,23180,55,0,4,True,den520d-random-8.scen,140,False,opti
140,den520d.map,planner,1,25999,23180,370,370,23557,23180,10044,0,4,True,den520d-random-8.scen,140,True,opti
140,den520d.map,planner,1,25999,23180,370,370,23557,23180,58,0,16,True,den520d-random-8.scen,140,False,opti
140,den520d.map,planner,1,25999,23180,370,370,23557,23180,10042,0,16,True,den520d-random-8.scen,140,True,opti
140,den520d.map,planner,1,25999,23180,370,370,23557,23180,57,0,64,True,den520d-random-8.scen,140,False,opti
140,den520d.map,planner,1,25999,23180,370,370,23557,23180,10043,0,64,True,den520d-random-8.scen,140,True,opti
260,den520d.map,planner,1,51422,45075,370,370,46246,45075,108,0,0,False,den520d-random-8.scen,260,False,
260,den520d.map,planner,1,51422,45075,370,370,46246,45075,10078,0,0,False,den520d-random-8.scen,260,True,
260,den520d.map,planner,1,51422,45075,370,370,46246,45075,113,0,0,True,den520d-random-8.scen,260,False,opti
260,den520d.map,planner,1,51422,45075,370,370,46246,45075,10071,0,0,True,den520d-random-8.scen,260,True,opti
260,den520d.map,planner,1,51777,45075,372,370,46261,45075,112,0,4,True,den520d-random-8.scen,260,False,opti
260,den520d.map,planner,1,51777,45075,372,370,46261,45075,10298,0,4,True,den520d-random-8.scen,260,True,opti
260,den520d.map,planner,1,51777,45075,372,370,46261,45075,108,0,16,True,den520d-random-8.scen,260,False,opti
260,den520d.map,planner,1,51777,45075,372,370,46261,45075,10297,0,16,True,den520d-random-8.scen,260,True,opti
260,den520d.map,planner,1,51777,45075,372,370,46261,45075,103,0,64,True,den520d-random-8.scen,260,False,opti
260,den520d.map,planner,1,51777,45075,372,370,46261,45075,10294,0,64,True,den520d-random-8.scen,260,True,opti
380,den520d.map,planner,1,78705,65940,379,379,68337,65940,157,0,0,False,den520d-random-8.scen,380,False,
380,den520d.map,planner,1,78705,65940,379,379,68337,65940,10223,0,0,False,den520d-random-8.scen,380,True,
380,den520d.map,planner,1,78705,65940,379,379,68337,65940,163,0,0,True,den520d-random-8.scen,380,False,opti
380,den520d.map,planner,1,78705,65940,379,379,68337,65940,10234,0,0,True,den520d-random-8.scen,380,True,opti
380,den520d.map,planner,1,78443,65940,379,379,68274,65940,190,0,4,True,den520d-random-8.scen,380,False,opti
380,den520d.map,planner,1,76795,65940,381,379,68054,65940,10346,0,4,True,den520d-random-8.scen,380,True,opti
380,den520d.map,planner,1,78262,65940,380,379,68009,65940,204,0,16,True,den520d-random-8.scen,380,False,opti
380,den520d.map,planner,1,77128,65940,379,379,68035,65940,10333,0,16,True,den520d-random-8.scen,380,True,opti
380,den520d.map,planner,1,77839,65940,379,379,68165,65940,445,0,64,True,den520d-random-8.scen,380,False,opti
380,den520d.map,planner,1,78188,65940,383,379,67903,65940,10338,0,64,True,den520d-random-8.scen,380,True,opti
500,den520d.map,planner,1,105328,86994,379,379,90652,86994,221,0,0,False,den520d-random-8.scen,500,False,
500,den520d.map,planner,1,105328,86994,379,379,90652,86994,10216,0,0,False,den520d-random-8.scen,500,True,
500,den520d.map,planner,1,105328,86994,379,379,90652,86994,217,0,0,True,den520d-random-8.scen,500,False,opti
500,den520d.map,planner,1,105328,86994,379,379,90652,86994,10228,0,0,True,den520d-random-8.scen,500,True,opti
500,den520d.map,planner,1,104089,86994,379,379,90472,86994,252,0,4,True,den520d-random-8.scen,500,False,opti
500,den520d.map,planner,1,105232,86994,379,379,90561,86994,10258,0,4,True,den520d-random-8.scen,500,True,opti
500,den520d.map,planner,1,105690,86994,379,379,90714,86994,314,0,16,True,den520d-random-8.scen,500,False,opti
500,den520d.map,planner,1,105234,86994,379,379,90490,86994,10119,0,16,True,den520d-random-8.scen,500,True,opti
500,den520d.map,planner,1,104433,86994,379,379,90459,86994,783,0,64,True,den520d-random-8.scen,500,False,opti
500,den520d.map,planner,1,105627,86994,379,379,90422,86994,10215,0,64,True,den520d-random-8.scen,500,True,opti
620,den520d.map,planner,1,135396,108184,390,390,114181,108184,265,0,0,False,den520d-random-8.scen,620,False,
620,den520d.map,planner,1,135396,108184,390,390,114181,108184,10198,0,0,False,den520d-random-8.scen,620,True,
620,den520d.map,planner,1,136255,108184,390,390,114193,108184,272,0,0,True,den520d-random-8.scen,620,False,opti
620,den520d.map,planner,1,136255,108184,390,390,114193,108184,10137,0,0,True,den520d-random-8.scen,620,True,opti
620,den520d.map,planner,1,134904,108184,407,390,113879,108184,350,0,4,True,den520d-random-8.scen,620,False,opti
620,den520d.map,planner,1,135929,108184,390,390,113920,108184,10112,0,4,True,den520d-random-8.scen,620,True,opti
620,den520d.map,planner,1,136204,108184,390,390,114223,108184,634,0,16,True,den520d-random-8.scen,620,False,opti
620,den520d.map,planner,1,134449,108184,391,390,113954,108184,10037,0,16,True,den520d-random-8.scen,620,True,opti
620,den520d.map,planner,1,134778,108184,390,390,113383,108184,1319,0,64,True,den520d-random-8.scen,620,False,opti
620,den520d.map,planner,1,134545,108184,390,390,113697,108184,10144,0,64,True,den520d-random-8.scen,620,True,opti
20,den520d.map,planner,1,3808,3803,343,343,3808,3803,7,0,0,False,den520d-random-11.scen,20,False,
20,den520d.map,planner,1,3808,3803,343,343,3808,3803,10355,0,0,False,den520d-random-11.scen,20,True,
20,den520d.map,planner,1,3808,3803,343,343,3808,3803,7,0,0,True,den520d-random-11.scen,20,False,opti
20,den520d.map,planner,1,3808,3803,343,343,3808,3803,10357,0,0,True,den520d-random-11.scen,20,True,opti
20,den520d.map,planner,1,3808,3803,343,343,3808,3803,8,0,4,True,den520d-random-11.scen,20,False,opti
20,den520d.map,planner,1,3808,3803,343,343,3808,3803,10351,0,4,True,den520d-random-11.scen,20,True,opti
20,den520d.map,planner,1,3808,3803,343,343,3808,3803,11,0,16,True,den520d-random-11.scen,20,False,opti
20,den520d.map,planner,1,3808,3803,343,343,3808,3803,10347,0,16,True,den520d-random-11.scen,20,True,opti
20,den520d.map,planner,1,3808,3803,343,343,3808,3803,7,0,64,True,den520d-random-11.scen,20,False,opti
20,den520d.map,planner,1,3808,3803,343,343,3808,3803,10365,0,64,True,den520d-random-11.scen,20,True,opti
140,den520d.map,planner,1,27323,25367,395,395,25722,25367,64,0,0,False,den520d-random-11.scen,140,False,
140,den520d.map,planner,1,27321,25367,395,395,25720,25367,11085,0,0,False,den520d-random-11.scen,140,True,
140,den520d.map,planner,1,27323,25367,395,395,25722,25367,64,0,0,True,den520d-random-11.scen,140,False,opti
140,den520d.map,planner,1,27321,25367,395,395,25720,25367,10992,0,0,True,den520d-random-11.scen,140,True,opti
140,den520d.map,planner,1,27514,25367,395,395,25735,25367,61,0,4,True,den520d-random-11.scen,140,False,opti
140,den520d.map,planner,1,27476,25367,397,395,25671,25367,10585,0,4,True,den520d-random-11.scen,140,True,opti
140,den520d.map,planner,1,27514,25367,395,395,25735,25367,58,0,16,True,den520d-random-11.scen,140,False,opti
140,den520d.map,planner,1,27476,25367,397,395,25671,25367,10596,0,16,True,den520d-random-11.scen,140,True,opti
140,den520d.map,planner,1,27514,25367,395,395,25735,25367,57,0,64,True,den520d-random-11.scen,140,False,opti
140,den520d.map,planner,1,27476,25367,397,395,25671,25367,10608,0,64,True,den520d-random-11.scen,140,True,opti
260,den520d.map,planner,1,51670,47326,395,395,48354,47326,117,0,0,False,den520d-random-11.scen,260,False,
260,den520d.map,planner,1,51670,47326,395,395,48354,47326,10516,0,0,False,den520d-random-11.scen,260,True,
260,den520d.map,planner,1,51670,47326,395,395,48354,47326,109,0,0,True,den520d-random-11.scen,260,False,opti
260,den520d.map,planner,1,51670,47326,395,395,48354,47326,10510,0,0,True,den520d-random-11.scen,260,True,opti
260,den520d.map,planner,1,52397,47326,395,395,48360,47326,116,0,4,True,den520d-random-11.scen,260,False,opti
260,den520d.map,planner,1,51935,47326,395,395,48297,47326,10534,0,4,True,den520d-random-11.scen,260,True,opti
260,den520d.map,planner,1,52397,47326,395,395,48360,47326,115,0,16,True,den520d-random-11.scen,260,False,opti
260,den520d.map,planner,1,51935,47326,395,395,48297,47326,10529,0,16,True,den520d-random-11.scen,260,True,opti
260,den520d.map,planner,1,52397,47326,395,395,48360,47326,113,0,64,True,den520d-random-11.scen,260,False,opti
260,den520d.map,planner,1,51935,47326,395,395,48297,47326,10524,0,64,True,den520d-random-11.scen,260,True,opti
380,den520d.map,planner,1,78005,67702,395,395,69994,67702,167,0,0,False,den520d-random-11.scen,380,False,
380,den520d.map,planner,1,78003,67702,395,395,69992,67702,10117,0,0,False,den520d-random-11.scen,380,True,
380,den520d.map,planner,1,78005,67702,395,395,69994,67702,166,0,0,True,den520d-random-11.scen,380,False,opti
380,den520d.map,planner,1,78003,67702,395,395,69992,67702,10125,0,0,True,den520d-random-11.scen,380,True,opti
380,den520d.map,planner,1,78199,67702,395,395,69711,67702,179,0,4,True,den520d-random-11.scen,380,False,opti
380,den520d.map,planner,1,78199,67702,395,395,69711,67702,10336,0,4,True,den520d-random-11.scen,380,True,opti
380,den520d.map,planner,1,78199,67702,395,395,69711,67702,165,0,16,True,den520d-random-11.scen,380,False,opti
380,den520d.map,planner,1,78199,67702,395,395,69711,67702,10355,0,16,True,den520d-random-11.scen,380,True,opti
380,den520d.map,planner,1,78199,67702,395,395,69711,67702,180,0,64,True,den520d-random-11.scen,380,False,opti
380,den520d.map,planner,1,78199,67702,395,395,69711,67702,10349,0,64,True,den520d-random-11.scen,380,True,opti
500,den520d.map,planner,1,105920,88797,395,395,92329,88797,237,0,0,False,den520d-random-11.scen,500,False,
500,den520d.map,planner,1,105920,88797,395,395,92329,88797,10246,0,0,False,den520d-random-11.scen,500,True,
500,den520d.map,planner,1,105736,88797,395,395,92450,88797,228,0,0,True,den520d-random-11.scen,500,False,opti
500,den520d.map,planner,1,105736,88797,395,395,92450,88797,10250,0,0,True,den520d-random-11.scen,500,True,opti
500,den520d.map,planner,1,104985,88797,395,395,92156,88797,242,0,4,True,den520d-random-11.scen,500,False,opti
500,den520d.map,planner,1,106129,88797,395,395,92170,88797,10070,0,4,True,den520d-random-11.scen,500,True,opti
500,den520d.map,planner,1,105270,88797,395,395,92184,88797,283,0,16,True,den520d-random-11.scen,500,False,opti
500,den520d.map,planner,1,104934,88797,395,395,92152,88797,10264,0,16,True,den520d-random-11.scen,500,True,opti
500,den520d.map,planner,1,106434,88797,395,395,92300,88797,508,0,64,True,den520d-random-11.scen,500,False,opti
500,den520d.map,planner,1,104637,88797,395,395,92237,88797,10234,0,64,True,den520d-random-11.scen,500,True,opti
620,den520d.map,planner,1,132308,107991,395,395,113831,107991,281,0,0,False,den520d-random-11.scen,620,False,
620,den520d.map,planner,1,131892,107991,397,395,113576,107991,10183,0,0,False,den520d-random-11.scen,620,True,
620,den520d.map,planner,1,132299,107991,395,395,113819,107991,285,0,0,True,den520d-random-11.scen,620,False,opti
620,den520d.map,planner,1,134561,107991,397,395,113790,107991,10058,0,0,True,den520d-random-11.scen,620,True,opti
620,den520d.map,planner,1,131499,107991,397,395,113213,107991,331,0,4,True,den520d-random-11.scen,620,False,opti
620,den520d.map,planner,1,130633,107991,395,395,113185,107991,10120,0,4,True,den520d-random-11.scen,620,True,opti
620,den520d.map,planner,1,132693,107991,397,395,113478,107991,447,0,16,True,den520d-random-11.scen,620,False,opti
620,den520d.map,planner,1,132409,107991,395,395,113223,107991,10048,0,16,True,den520d-random-11.scen,620,True,opti
620,den520d.map,planner,1,131915,107991,399,395,113295,107991,988,0,64,True,den520d-random-11.scen,620,False,opti
620,den520d.map,planner,1,132192,107991,395,395,113333,107991,10039,0,64,True,den520d-random-11.scen,620,True,opti
20,den520d.map,planner,1,3433,3424,362,362,3433,3424,7,0,0,False,den520d-random-19.scen,20,False,
20,den520d.map,planner,1,3431,3424,362,362,3431,3424,10431,0,0,False,den520d-random-19.scen,20,True,
20,den520d.map,planner,1,3433,3424,362,362,3433,3424,7,0,0,True,den520d-random-19.scen,20,False,opti
20,den520d.map,planner,1,3431,3424,362,362,3431,3424,10423,0,0,True,den520d-random-19.scen,20,True,opti
20,den520d.map,planner,1,3433,3424,362,362,3433,3424,7,0,4,True,den520d-random-19.scen,20,False,opti
20,den520d.map,planner,1,3431,3424,362,362,3431,3424,10373,0,4,True,den520d-random-19.scen,20,True,opti
20,den520d.map,planner,1,3433,3424,362,362,3433,3424,6,0,16,True,den520d-random-19.scen,20,False,opti
20,den520d.map,planner,1,3431,3424,362,362,3431,3424,10361,0,16,True,den520d-random-19.scen,20,True,opti
20,den520d.map,planner,1,3433,3424,362,362,3433,3424,7,0,64,True,den520d-random-19.scen,20,False,opti
20,den520d.map,planner,1,3431,3424,362,362,3431,3424,10372,0,64,True,den520d-random-19.scen,20,True,opti
140,den520d.map,planner,1,27431,24720,363,363,25108,24720,59,0,0,False,den520d-random-19.scen,140,False,
140,den520d.map,planner,1,27431,24720,363,363,25108,24720,10087,0,0,False,den520d-random-19.scen,140,True,
140,den520d.map,planner,1,27431,24720,363,363,25108,24720,54,0,0,True,den520d-random-19.scen,140,False,opti
140,den520d.map,planner,1,27431,24720,363,363,25108,24720,10083,0,0,True,den520d-random-19.scen,140,True,opti
140,den520d.map,planner,1,27021,24720,363,363,25082,24720,61,0,4,True,den520d-random-19.scen,140,False,opti
140,den520d.map,planner,1,27124,24720,363,363,25013,24720,10219,0,4,True,den520d-random-19.scen,140,True,opti
140,den520d.map,planner,1,27021,24720,363,363,25082,24720,58,0,16,True,den520d-random-19.scen,140,False,opti
140,den520d.map,planner,1,27124,24720,363,363,25013,24720,10231,0,16,True,den520d-random-19.scen,140,True,opti
140,den520d.map,planner,1,27021,24720,363,363,25082,24720,57,0,64,True,den520d-random-19.scen,140,False,opti
140,den520d.map,planner,1,27124,24720,363,363,25013,24720,10192,0,64,True,den520d-random-19.scen,140,True,opti
260,den520d.map,planner,1,51874,45644,385,385,46794,45644,106,0,0,False,den520d-random-19.scen,260,False,
260,den520d.map,planner,1,51263,45644,387,385,46732,45644,10246,0,0,False,den520d-random-19.scen,260,True,
260,den520d.map,planner,1,51874,45644,385,385,46794,45644,115,0,0,True,den520d-random-19.scen,260,False,opti
260,den520d.map,planner,1,51263,45644,387,385,46732,45644,10250,0,0,True,den520d-random-19.scen,260,True,opti
260,den520d.map,planner,1,51735,45644,385,385,46623,45644,118,0,4,True,den520d-random-19.scen,260,False,opti
260,den520d.map,planner,1,51735,45644,385,385,46623,45644,10524,0,4,True,den520d-random-19.scen,260,True,opti
260,den520d.map,planner,1,51735,45644,385,385,46623,45644,112,0,16,True,den520d-random-19.scen,260,False,opti
260,den520d.map,planner,1,51735,45644,385,385,46623,45644,10536,0,16,True,den520d-random-19.scen,260,True,opti
260,den520d.map,planner,1,51735,45644,385,385,46623,45644,107,0,64,True,den520d-random-19.scen,260,False,opti
260,den520d.map,planner,1,51735,45644,385,385,46623,45644,10523,0,64,True,den520d-random-19.scen,260,True,opti
380,den520d.map,planner,1,80730,67432,385,385,69718,67432,159,0,0,False,den520d-random-19.scen,380,False,
380,den520d.map,planner,1,80730,67432,385,385,69718,67432,10107,0,0,False,den520d-random-19.scen,380,True,
380,den520d.map,planner,1,80730,67432,385,385,69718,67432,167,0,0,True,den520d-random-19.scen,380,False,opti
380,den520d.map,planner,1,80730,67432,385,385,69718,67432,10127,0,0,True,den520d-random-19.scen,380,True,opti
380,den520d.map,planner,1,80875,67432,385,385,69796,67432,175,0,4,True,den520d-random-19.scen,380,False,opti
380,den520d.map,planner,1,79954,67432,385,385,69788,67432,10169,0,4,True,den520d-random-19.scen,380,True,opti
380,den520d.map,planner,1,80875,67432,385,385,69796,67432,176,0,16,True,den520d-random-19.scen,380,False,opti
380,den520d.map,planner,1,80251,67432,385,385,69757,67432,10207,0,16,True,den520d-random-19.scen,380,True,opti
380,den520d.map,planner,1,80875,67432,385,385,69796,67432,178,0,64,True,den520d-random-19.scen,380,False,opti
380,den520d.map,planner,1,79428,67432,385,385,69684,67432,10146,0,64,True,den520d-random-19.scen,380,True,opti
500,den520d.map,planner,1,108439,88290,420,420,92397,88290,210,0,0,False,den520d-random-19.scen,500,False,
500,den520d.map,planner,1,108439,88290,420,420,92397,88290,10068,0,0,False,den520d-random-19.scen,500,True,
500,den520d.map,planner,1,108439,88290,420,420,92397,88290,221,0,0,True,den520d-random-19.scen,500,False,opti
500,den520d.map,planner,1,108439,88290,420,420,92397,88290,10056,0,0,True,den520d-random-19.scen,500,True,opti
500,den520d.map,planner,1,108228,88290,420,420,92107,88290,243,0,4,True,den520d-random-19.scen,500,False,opti
500,den520d.map,planner,1,107955,88290,421,420,92122,88290,10043,0,4,True,den520d-random-19.scen,500,True,opti
500,den520d.map,planner,1,108607,88290,420,420,92145,88290,317,0,16,True,den520d-random-19.scen,500,False,opti
500,den520d.map,planner,1,106706,88290,420,420,92084,88290,10044,0,16,True,den520d-random-19.scen,500,True,opti
500,den520d.map,planner,1,107424,88290,423,420,92063,88290,366,0,64,True,den520d-random-19.scen,500,False,opti
500,den520d.map,planner,1,108410,88290,420,420,92041,88290,10146,0,64,True,den520d-random-19.scen,500,True,opti
620,den520d.map,planner,1,138736,110657,436,436,117156,110657,275,0,0,False,den520d-random-19.scen,620,False,
620,den520d.map,planner,1,137016,110657,439,436,116688,110657,10172,0,0,False,den520d-random-19.scen,620,True,
620,den520d.map,planner,1,138736,110657,436,436,117156,110657,296,0,0,True,den520d-random-19.scen,620,False,opti
620,den520d.map,planner,1,137016,110657,439,436,116688,110657,10152,0,0,True,den520d-random-19.scen,620,True,opti
620,den520d.map,planner,1,139924,110657,436,436,116439,110657,346,0,4,True,den520d-random-19.scen,620,False,opti
620,den520d.map,planner,1,138756,110657,438,436,116489,110657,10127,0,4,True,den520d-random-19.scen,620,True,opti
620,den520d.map,planner,1,137658,110657,438,436,116232,110657,454,0,16,True,den520d-random-19.scen,620,False,opti
620,den520d.map,planner,1,137175,110657,440,436,116232,110657,10135,0,16,True,den520d-random-19.scen,620,True,opti
620,den520d.map,planner,1,138172,110657,438,436,116177,110657,1331,0,64,True,den520d-random-19.scen,620,False,opti
620,den520d.map,planner,1,138707,110657,438,436,116592,110657,10131,0,64,True,den520d-random-19.scen,620,True,opti
20,den520d.map,planner,1,3687,3685,395,395,3687,3685,8,0,0,False,den520d-random-1.scen,20,False,
20,den520d.map,planner,1,3686,3685,396,395,3686,3685,10612,0,0,False,den520d-random-1.scen,20,True,
20,den520d.map,planner,1,3687,3685,395,395,3687,3685,8,0,0,True,den520d-random-1.scen,20,False,opti
20,den520d.map,planner,1,3686,3685,396,395,3686,3685,10632,0,0,True,den520d-random-1.scen,20,True,opti
20,den520d.map,planner,1,3687,3685,395,395,3687,3685,7,0,4,True,den520d-random-1.scen,20,False,opti
20,den520d.map,planner,1,3686,3685,396,395,3686,3685,10631,0,4,True,den520d-random-1.scen,20,True,opti
20,den520d.map,planner,1,3687,3685,395,395,3687,3685,7,0,16,True,den520d-random-1.scen,20,False,opti
20,den520d.map,planner,1,3686,3685,396,395,3686,3685,10621,0,16,True,den520d-random-1.scen,20,True,opti
20,den520d.map,planner,1,3687,3685,395,395,3687,3685,7,0,64,True,den520d-random-1.scen,20,False,opti
20,den520d.map,planner,1,3686,3685,396,395,3686,3685,10620,0,64,True,den520d-random-1.scen,20,True,opti
140,den520d.map,planner,1,25471,24867,401,401,25102,24867,52,0,0,False,den520d-random-1.scen,140,False,
140,den520d.map,planner,1,25471,24867,401,401,25102,24867,10887,0,0,False,den520d-random-1.scen,140,True,
140,den520d.map,planner,1,25471,24867,401,401,25102,24867,58,0,0,True,den520d-random-1.scen,140,False,opti
140,den520d.map,planner,1,25471,24867,401,401,25102,24867,10852,0,0,True,den520d-random-1.scen,140,True,opti
140,den520d.map,planner,1,25708,24867,401,401,25136,24867,52,0,4,True,den520d-random-1.scen,140,False,opti
140,den520d.map,planner,1,25682,24867,401,401,25132,24867,10572,0,4,True,den520d-random-1.scen,140,True,opti
140,den520d.map,planner,1,25708,24867,401,401,25136,24867,61,0,16,True,den520d-random-1.scen,140,False,opti
140,den520d.map,planner,1,25682,24867,401,401,25132,24867,10568,0,16,True,den520d-random-1.scen,140,True,opti
140,den520d.map,planner,1,25708,24867,401,401,25136,24867,58,0,64,True,den520d-random-1.scen,140,False,opti
140,den520d.map,planner,1,25682,24867,401,401,25132,24867,10696,0,64,True,den520d-random-1.scen,140,True,opti
260,den520d.map,planner,1,50518,45818,401,401,46846,45818,105,0,0,False,den520d-random-1.scen,260,False,
260,den520d.map,planner,1,50136,45818,401,401,46747,45818,10508,0,0,False,den520d-random-1.scen,260,True,
260,den520d.map,planner,1,50518,45818,401,401,46846,45818,113,0,0,True,den520d-random-1.scen,260,False,opti
260,den520d.map,planner,1,50136,45818,401,401,46747,45818,10544,0,0,True,den520d-random-1.scen,260,True,opti
260,den520d.map,planner,1,50742,45818,401,401,46738,45818,112,0,4,True,den520d-random-1.scen,260,False,opti
260,den520d.map,planner,1,50619,45818,401,401,46728,45818,10536,0,4,True,den520d-random-1.scen,260,True,opti
260,den520d.map,planner,1,50742,45818,401,401,46738,45818,113,0,16,True,den520d-random-1.scen,260,False,opti
260,den520d.map,planner,1,50619,45818,401,401,46728,45818,10546,0,16,True,den520d-random-1.scen,260,True,opti
260,den520d.map,planner,1,50742,45818,401,401,46738,45818,113,0,64,True,den520d-random-1.scen,260,False,opti
260,den520d.map,planner,1,50619,45818,401,401,46728,45818,10533,0,64,True,den520d-random-1.scen,260,True,opti
380,den520d.map,planner,1,74826,64580,401,401,66677,64580,157,0,0,False,den520d-random-1.scen,380,False,
380,den520d.map,planner,1,75074,64580,403,401,66454,64580,10292,0,0,False,den520d-random-1.scen,380,True,
380,den520d.map,planner,1,74826,64580,401,401,66677,64580,155,0,0,True,den520d-random-1.scen,380,False,opti
380,den520d.map,planner,1,75074,64580,403,401,66454,64580,10290,0,0,True,den520d-random-1.scen,380,True,opti
380,den520d.map,planner,1,75205,64580,401,401,66451,64580,164,0,4,True,den520d-random-1.scen,380,False,opti
380,den520d.map,planner,1,74637,64580,403,401,66381,64580,10301,0,4,True,den520d-random-1.scen,380,True,opti
380,den520d.map,planner,1,75359,64580,401,401,66447,64580,164,0,16,True,den520d-random-1.scen,380,False,opti
380,den520d.map,planner,1,75185,64580,401,401,66445,64580,10314,0,16,True,den520d-random-1.scen,380,True,opti
380,den520d.map,planner,1,75359,64580,401,401,66447,64580,159,0,64,True,den520d-random-1.scen,380,False,opti
380,den520d.map,planner,1,75185,64580,401,401,66445,64580,10317,0,64,True,den520d-random-1.scen,380,True,opti
500,den520d.map,planner,1,102671,84864,401,401,88190,84864,201,0,0,False,den520d-random-1.scen,500,False,
500,den520d.map,planner,1,102671,84864,401,401,88190,84864,10280,0,0,False,den520d-random-1.scen,500,True,
500,den520d.map,planner,1,102671,84864,401,401,88190,84864,207,0,0,True,den520d-random-1.scen,500,False,opti
500,den520d.map,planner,1,102671,84864,401,401,88190,84864,10246,0,0,True,den520d-random-1.scen,500,True,opti
500,den520d.map,planner,1,102957,84864,401,401,88108,84864,213,0,4,True,den520d-random-1.scen,500,False,opti
500,den520d.map,planner,1,101824,84864,401,401,88015,84864,10163,0,4,True,den520d-random-1.scen,500,True,opti
500,den520d.map,planner,1,102419,84864,405,401,88156,84864,223,0,16,True,den520d-random-1.scen,500,False,opti
500,den520d.map,planner,1,102247,84864,403,401,88053,84864,10237,0,16,True,den520d-random-1.scen,500,True,opti
500,den520d.map,planner,1,102573,84864,401,401,88152,84864,330,0,64,True,den520d-random-1.scen,500,False,opti
500,den520d.map,planner,1,102185,84864,401,401,88063,84864,10265,0,64,True,den520d-random-1.scen,500,True,opti
620,den520d.map,planner,1,132805,104954,401,401,110923,104954,258,0,0,False,den520d-random-1.scen,620,False,
620,den520d.map,planner,1,132805,104954,401,401,110923,104954,10199,0,0,False,den520d-random-1.scen,620,True,
620,den520d.map,planner,1,132805,104954,401,401,110923,104954,263,0,0,True,den520d-random-1.scen,620,False,opti
620,den520d.map,planner,1,132805,104954,401,401,110923,104954,10204,0,0,True,den520d-random-1.scen,620,True,opti
620,den520d.map,planner,1,131298,104954,401,401,110370,104954,284,0,4,True,den520d-random-1.scen,620,False,opti
620,den520d.map,planner,1,131272,104954,403,401,110208,104954,10115,0,4,True,den520d-random-1.scen,620,True,opti
620,den520d.map,planner,1,130735,104954,401,401,110330,104954,351,0,16,True,den520d-random-1.scen,620,False,opti
620,den520d.map,planner,1,131028,104954,403,401,110254,104954,10182,0,16,True,den520d-random-1.scen,620,True,opti
620,den520d.map,planner,1,130877,104954,401,401,110414,104954,607,0,64,True,den520d-random-1.scen,620,False,opti
620,den520d.map,planner,1,131528,104954,401,401,110058,104954,10063,0,64,True,den520d-random-1.scen,620,True,opti
20,den520d.map,planner,1,3395,3392,370,370,3395,3392,7,0,0,False,den520d-random-3.scen,20,False,
20,den520d.map,planner,1,3395,3392,370,370,3395,3392,11152,0,0,False,den520d-random-3.scen,20,True,
20,den520d.map,planner,1,3395,3392,370,370,3395,3392,7,0,0,True,den520d-random-3.scen,20,False,opti
20,den520d.map,planner,1,3395,3392,370,370,3395,3392,11147,0,0,True,den520d-random-3.scen,20,True,opti
20,den520d.map,planner,1,3395,3392,370,370,3395,3392,8,0,4,True,den520d-random-3.scen,20,False,opti
20,den520d.map,planner,1,3395,3392,370,370,3395,3392,11140,0,4,True,den520d-random-3.scen,20,True,opti
20,den520d.map,planner,1,3395,3392,370,370,3395,3392,7,0,16,True,den520d-random-3.scen,20,False,opti
20,den520d.map,planner,1,3395,3392,370,370,3395,3392,11134,0,16,True,den520d-random-3.scen,20,True,opti
20,den520d.map,planner,1,3395,3392,370,370,3395,3392,8,0,64,True,den520d-random-3.scen,20,False,opti
20,den520d.map,planner,1,3395,3392,370,370,3395,3392,11130,0,64,True,den520d-random-3.scen,20,True,opti
140,den520d.map,planner,1,25681,23783,379,379,24019,23783,53,0,0,False,den520d-random-3.scen,140,False,
140,den520d.map,planner,1,25681,23783,379,379,24019,23783,10131,0,0,False,den520d-random-3.scen,140,True,
140,den520d.map,planner,1,25681,23783,379,379,24019,23783,57,0,0,True,den520d-random-3.scen,140,False,opti
140,den520d.map,planner,1,25681,23783,379,379,24019,23783,10094,0,0,True,den520d-random-3.scen,140,True,opti
140,den520d.map,planner,1,25610,23783,379,379,24009,23783,50,0,4,True,den520d-random-3.scen,140,False,opti
140,den520d.map,planner,1,25610,23783,379,379,24009,23783,10845,0,4,True,den520d-random-3.scen,140,True,opti
140,den520d.map,planner,1,25610,23783,379,379,24009,23783,58,0,16,True,den520d-random-3.scen,140,False,opti
140,den520d.map,planner,1,25610,23783,379,379,24009,23783,10860,0,16,True,den520d-random-3.scen,140,True,opti
140,den520d.map,planner,1,25610,23783,379,379,24009,23783,53,0,64,True,den520d-random-3.scen,140,False,opti
140,den520d.map,planner,1,25610,23783,379,379,24009,23783,10875,0,64,True,den520d-random-3.scen,140,True,opti
260,den520d.map,planner,1,50038,42718,392,392,44000,42718,103,0,0,False,den520d-random-3.scen,260,False,
260,den520d.map,planner,1,49896,42718,392,392,43996,42718,10510,0,0,False,den520d-random-3.scen,260,True,
260,den520d.map,planner,1,50038,42718,392,392,44000,42718,104,0,0,True,den520d-random-3.scen,260,False,opti
260,den520d.map,planner,1,49896,42718,392,392,43996,42718,10508,0,0,True,den520d-random-3.scen,260,True,opti
260,den520d.map,planner,1,49766,42718,392,392,43942,42718,103,0,4,True,den520d-random-3.scen,260,False,opti
260,den520d.map,planner,1,49766,42718,392,392,43942,42718,10042,0,4,True,den520d-random-3.scen,260,True,opti
260,den520d.map,planner,1,49766,42718,392,392,43942,42718,109,0,16,True,den520d-random-3.scen,260,False,opti
260,den520d.map,planner,1,49766,42718,392,392,43942,42718,10044,0,16,True,den520d-random-3.scen,260,True,opti
260,den520d.map,planner,1,49766,42718,392,392,43942,42718,112,0,64,True,den520d-random-3.scen,260,False,opti
260,den520d.map,planner,1,49766,42718,392,392,43942,42718,10043,0,64,True,den520d-random-3.scen,260,True,opti
380,den520d.map,planner,1,76664,63655,392,392,66290,63655,166,0,0,False,den520d-random-3.scen,380,False,
380,den520d.map,planner,1,75955,63655,394,392,66201,63655,10338,0,0,False,den520d-random-3.scen,380,True,
380,den520d.map,planner,1,76664,63655,392,392,66290,63655,171,0,0,True,den520d-random-3.scen,380,False,opti
380,den520d.map,planner,1,75955,63655,394,392,66201,63655,10352,0,0,True,den520d-random-3.scen,380,True,opti
380,den520d.map,planner,1,76833,63655,392,392,66168,63655,172,0,4,True,den520d-random-3.scen,380,False,opti
380,den520d.map,planner,1,75986,63655,392,392,65962,63655,10289,0,4,True,den520d-random-3.scen,380,True,opti
380,den520d.map,planner,1,76833,63655,392,392,66168,63655,156,0,16,True,den520d-random-3.scen,380,False,opti
380,den520d.map,planner,1,75986,63655,392,392,65962,63655,10294,0,16,True,den520d-random-3.scen,380,True,opti
380,den520d.map,planner,1,76833,63655,392,392,66168,63655,154,0,64,True,den520d-random-3.scen,380,False,opti
380,den520d.map,planner,1,75986,63655,392,392,65962,63655,10269,0,64,True,den520d-random-3.scen,380,True,opti
500,den520d.map,planner,1,105491,85138,401,401,89520,85138,219,0,0,False,den520d-random-3.scen,500,False,
500,den520d.map,planner,1,105489,85138,403,401,89518,85138,10072,0,0,False,den520d-random-3.scen,500,True,
500,den520d.map,planner,1,105491,85138,401,401,89520,85138,206,0,0,True,den520d-random-3.scen,500,False,opti
500,den520d.map,planner,1,105489,85138,403,401,89518,85138,10075,0,0,True,den520d-random-3.scen,500,True,opti
500,den520d.map,planner,1,105189,85138,405,401,89294,85138,230,0,4,True,den520d-random-3.scen,500,False,opti
500,den520d.map,planner,1,105622,85138,403,401,89126,85138,10245,0,4,True,den520d-random-3.scen,500,True,opti
500,den520d.map,planner,1,104567,85138,401,401,89185,85138,311,0,16,True,den520d-random-3.scen,500,False,opti
500,den520d.map,planner,1,104679,85138,401,401,89093,85138,10230,0,16,True,den520d-random-3.scen,500,True,opti
500,den520d.map,planner,1,105103,85138,401,401,89102,85138,592,0,64,True,den520d-random-3.scen,500,False,opti
500,den520d.map,planner,1,105163,85138,401,401,89222,85138,10135,0,64,True,den520d-random-3.scen,500,True,opti
620,den520d.map,planner,1,134478,105306,401,401,111887,105306,274,0,0,False,den520d-random-3.scen,620,False,
620,den520d.map,planner,1,134478,105306,401,401,111887,105306,10036,0,0,False,den520d-random-3.scen,620,True,
620,den520d.map,planner,1,134478,105306,401,401,111887,105306,279,0,0,True,den520d-random-3.scen,620,False,opti
620,den520d.map,planner,1,134478,105306,401,401,111887,105306,10035,0,0,True,den520d-random-3.scen,620,True,opti
620,den520d.map,planner,1,134535,105306,407,401,111166,105306,313,0,4,True,den520d-random-3.scen,620,False,opti
620,den520d.map,planner,1,134973,105306,403,401,111176,105306,10129,0,4,True,den520d-random-3.scen,620,True,opti
620,den520d.map,planner,1,134155,105306,401,401,110954,105306,442,0,16,True,den520d-random-3.scen,620,False,opti
620,den520d.map,planner,1,133997,105306,401,401,110936,105306,10098,0,16,True,den520d-random-3.scen,620,True,opti
620,den520d.map,planner,1,134010,105306,401,401,110877,105306,726,0,64,True,den520d-random-3.scen,620,False,opti
620,den520d.map,planner,1,131994,105306,408,401,110912,105306,10100,0,64,True,den520d-random-3.scen,620,True,opti
20,den520d.map,planner,1,4122,4116,365,365,4122,4116,8,0,0,False,den520d-random-15.scen,20,False,
20,den520d.map,planner,1,4120,4116,365,365,4120,4116,10887,0,0,False,den520d-random-15.scen,20,True,
20,den520d.map,planner,1,4122,4116,365,365,4122,4116,7,0,0,True,den520d-random-15.scen,20,False,opti
20,den520d.map,planner,1,4120,4116,365,365,4120,4116,10882,0,0,True,den520d-random-15.scen,20,True,opti
20,den520d.map,planner,1,4122,4116,365,365,4122,4116,9,0,4,True,den520d-random-15.scen,20,False,opti
20,den520d.map,planner,1,4120,4116,365,365,4120,4116,10875,0,4,True,den520d-random-15.scen,20,True,opti
20,den520d.map,planner,1,4122,4116,365,365,4122,4116,8,0,16,True,den520d-random-15.scen,20,False,opti
20,den520d.map,planner,1,4120,4116,365,365,4120,4116,10883,0,16,True,den520d-random-15.scen,20,True,opti
20,den520d.map,planner,1,4122,4116,365,365,4122,4116,9,0,64,True,den520d-random-15.scen,20,False,opti
20,den520d.map,planner,1,4120,4116,365,365,4120,4116,10882,0,64,True,den520d-random-15.scen,20,True,opti
140,den520d.map,planner,1,25660,24067,400,400,24366,24067,57,0,0,False,den520d-random-15.scen,140,False,
140,den520d.map,planner,1,25574,24067,400,400,24364,24067,10356,0,0,False,den520d-random-15.scen,140,True,
140,den520d.map,planner,1,25660,24067,400,400,24366,24067,53,0,0,True,den520d-random-15.scen,140,False,opti
140,den520d.map,planner,1,25574,24067,400,400,24364,24067,10343,0,0,True,den520d-random-15.scen,140,True,opti
140,den520d.map,planner,1,26200,24067,400,400,24361,24067,50,0,4,True,den520d-random-15.scen,140,False,opti
140,den520d.map,planner,1,25644,24067,400,400,24313,24067,10234,0,4,True,den520d-random-15.scen,140,True,opti
140,den520d.map,planner,1,26200,24067,400,400,24361,24067,51,0,16,True,den520d-random-15.scen,140,False,opti
140,den520d.map,planner,1,25644,24067,400,400,24313,24067,10233,0,16,True,den520d-random-15.scen,140,True,opti
140,den520d.map,planner,1,26200,24067,400,400,24361,24067,58,0,64,True,den520d-random-15.scen,140,False,opti
140,den520d.map,planner,1,25644,24067,400,400,24313,24067,10223,0,64,True,den520d-random-15.scen,140,True,opti
260,den520d.map,planner,1,51614,45026,400,400,45988,45026,101,0,0,False,den520d-random-15.scen,260,False,
260,den520d.map,planner,1,51383,45026,400,400,45986,45026,10423,0,0,False,den520d-random-15.scen,260,True,
260,den520d.map,planner,1,51614,45026,400,400,45988,45026,107,0,0,True,den520d-random-15.scen,260,False,opti
260,den520d.map,planner,1,51383,45026,400,400,45986,45026,10404,0,0,True,den520d-random-15.scen,260,True,opti
260,den520d.map,planner,1,50561,45026,400,400,45876,45026,105,0,4,True,den520d-random-15.scen,260,False,opti
260,den520d.map,planner,1,49974,45026,400,400,45870,45026,10489,0,4,True,den520d-random-15.scen,260,True,opti
260,den520d.map,planner,1,50561,45026,400,400,45876,45026,111,0,16,True,den520d-random-15.scen,260,False,opti
260,den520d.map,planner,1,49974,45026,400,400,45870,45026,10486,0,16,True,den520d-random-15.scen,260,True,opti
260,den520d.map,planner,1,50561,45026,400,400,45876,45026,102,0,64,True,den520d-random-15.scen,260,False,opti
260,den520d.map,planner,1,49974,45026,400,400,45870,45026,10489,0,64,True,den520d-random-15.scen,260,True,opti
380,den520d.map,planner,1,78945,67617,425,425,69751,67617,168,0,0,False,den520d-random-15.scen,380,False,
380,den520d.map,planner,1,78537,67617,425,425,69739,67617,10087,0,0,False,den520d-random-15.scen,380,True,
380,den520d.map,planner,1,78945,67617,425,425,69751,67617,173,0,0,True,den520d-random-15.scen,380,False,opti
380,den520d.map,planner,1,78537,67617,425,425,69739,67617,10092,0,0,True,den520d-random-15.scen,380,True,opti
380,den520d.map,planner,1,78230,67617,425,425,69615,67617,175,0,4,True,den520d-random-15.scen,380,False,opti
380,den520d.map,planner,1,78556,67617,425,425,69600,67617,10264,0,4,True,den520d-random-15.scen,380,True,opti
380,den520d.map,planner,1,78200,67617,425,425,69636,67617,191,0,16,True,den520d-random-15.scen,380,False,opti
380,den520d.map,planner,1,77714,67617,430,425,69476,67617,10072,0,16,True,den520d-random-15.scen,380,True,opti
380,den520d.map,planner,1,78629,67617,425,425,69611,67617,181,0,64,True,den520d-random-15.scen,380,False,opti
380,den520d.map,planner,1,78675,67617,425,425,69397,67617,10063,0,64,True,den520d-random-15.scen,380,True,opti
500,den520d.map,planner,1,108660,90577,425,425,94042,90577,235,0,0,False,den520d-random-15.scen,500,False,
500,den520d.map,planner,1,108406,90577,425,425,94038,90577,10083,0,0,False,den520d-random-15.scen,500,True,
500,den520d.map,planner,1,108569,90577,425,425,94013,90577,239,0,0,True,den520d-random-15.scen,500,False,opti
500,den520d.map,planner,1,108529,90577,425,425,94011,90577,10113,0,0,True,den520d-random-15.scen,500,True,opti
500,den520d.map,planner,1,109788,90577,425,425,94379,90577,272,0,4,True,den520d-random-15.scen,500,False,opti
500,den520d.map,planner,1,108446,90577,425,425,94233,90577,10126,0,4,True,den520d-random-15.scen,500,True,opti
500,den520d.map,planner,1,108021,90577,425,425,94186,90577,296,0,16,True,den520d-random-15.scen,500,False,opti
500,den520d.map,planner,1,108873,90577,433,425,94122,90577,10036,0,16,True,den520d-random-15.scen,500,True,opti
500,den520d.map,planner,1,108777,90577,425,425,94200,90577,702,0,64,True,den520d-random-15.scen,500,False,opti
500,den520d.map,planner,1,108414,90577,425,425,93981,90577,10054,0,64,True,den520d-random-15.scen,500,True,opti
620,den520d.map,planner,1,139978,111453,425,425,117526,111453,302,0,0,False,den520d-random-15.scen,620,False,
620,den520d.map,planner,1,139398,111453,425,425,117517,111453,10041,0,0,False,den520d-random-15.scen,620,True,
620,den520d.map,planner,1,138280,111453,425,425,117552,111453,288,0,0,True,den520d-random-15.scen,620,False,opti
620,den520d.map,planner,1,138932,111453,425,425,117413,111453,10180,0,0,True,den520d-random-15.scen,620,True,opti
620,den520d.map,planner,1,138111,111453,427,425,117382,111453,331,0,4,True,den520d-random-15.scen,620,False,opti
620,den520d.map,planner,1,137398,111453,427,425,117172,111453,10057,0,4,True,den520d-random-15.scen,620,True,opti
620,den520d.map,planner,1,138680,111453,425,425,117394,111453,514,0,16,True,den520d-random-15.scen,620,False,opti
620,den520d.map,planner,1,138310,111453,429,425,117041,111453,10147,0,16,True,den520d-random-15.scen,620,True,opti
620,den520d.map,planner,1,137270,111453,435,425,117255,111453,997,0,64,True,den520d-random-15.scen,620,False,opti
620,den520d.map,planner,1,137635,111453,425,425,116765,111453,10111,0,64,True,den520d-random-15.scen,620,True,opti
20,den520d.map,planner,1,3384,3202,320,320,3211,3202,8,0,0,False,den520d-random-22.scen,20,False,
20,den520d.map,planner,1,3209,3202,320,320,3209,3202,11190,0,0,False,den520d-random-22.scen,20,True,
20,den520d.map,planner,1,3384,3202,320,320,3211,3202,7,0,0,True,den520d-random-22.scen,20,False,opti
20,den520d.map,planner,1,3209,3202,320,320,3209,3202,11213,0,0,True,den520d-random-22.scen,20,True,opti
20,den520d.map,planner,1,3384,3202,320,320,3211,3202,6,0,4,True,den520d-random-22.scen,20,False,opti
20,den520d.map,planner,1,3209,3202,320,320,3209,3202,11240,0,4,True,den520d-random-22.scen,20,True,opti
20,den520d.map,planner,1,3384,3202,320,320,3211,3202,7,0,16,True,den520d-random-22.scen,20,False,opti
20,den520d.map,planner,1,3209,3202,320,320,3209,3202,11238,0,16,True,den520d-random-22.scen,20,True,opti
20,den520d.map,planner,1,3384,3202,320,320,3211,3202,6,0,64,True,den520d-random-22.scen,20,False,opti
20,den520d.map,planner,1,3209,3202,320,320,3209,3202,11270,0,64,True,den520d-random-22.scen,20,True,opti
140,den520d.map,planner,1,27506,25359,376,376,25613,25359,58,0,0,False,den520d-random-22.scen,140,False,
140,den520d.map,planner,1,27372,25359,376,376,25611,25359,10813,0,0,False,den520d-random-22.scen,140,True,
140,den520d.map,planner,1,27506,25359,376,376,25613,25359,58,0,0,True,den520d-random-22.scen,140,False,opti
140,den520d.map,planner,1,27372,25359,376,376,25611,25359,10812,0,0,True,den520d-random-22.scen,140,True,opti
140,den520d.map,planner,1,27164,25359,376,376,25602,25359,57,0,4,True,den520d-random-22.scen,140,False,opti
140,den520d.map,planner,1,27164,25359,376,376,25602,25359,10814,0,4,True,den520d-random-22.scen,140,True,opti
140,den520d.map,planner,1,27164,25359,376,376,25602,25359,57,0,16,True,den520d-random-22.scen,140,False,opti
140,den520d.map,planner,1,27164,25359,376,376,25602,25359,10811,0,16,True,den520d-random-22.scen,140,True,opti
140,den520d.map,planner,1,27164,25359,376,376,25602,25359,58,0,64,True,den520d-random-22.scen,140,False,opti
140,den520d.map,planner,1,27164,25359,376,376,25602,25359,10814,0,64,True,den520d-random-22.scen,140,True,opti
260,den520d.map,planner,1,51292,44398,376,376,45498,44398,102,0,0,False,den520d-random-22.scen,260,False,
260,den520d.map,planner,1,50279,44398,376,376,45404,44398,10474,0,0,False,den520d-random-22.scen,260,True,
260,den520d.map,planner,1,51292,44398,376,376,45498,44398,112,0,0,True,den520d-random-22.scen,260,False,opti
260,den520d.map,planner,1,50279,44398,376,376,45404,44398,10444,0,0,True,den520d-random-22.scen,260,True,opti
260,den520d.map,planner,1,50266,44398,376,376,45347,44398,113,0,4,True,den520d-random-22.scen,260,False,opti
260,den520d.map,planner,1,50046,44398,376,376,45345,44398,10591,0,4,True,den520d-random-22.scen,260,True,opti
260,den520d.map,planner,1,50266,44398,376,376,45347,44398,112,0,16,True,den520d-random-22.scen,260,False,opti
260,den520d.map,planner,1,50046,44398,376,376,45345,44398,10597,0,16,True,den520d-random-22.scen,260,True,opti
260,den520d.map,planner,1,50266,44398,376,376,45347,44398,106,0,64,True,den520d-random-22.scen,260,False,opti
260,den520d.map,planner,1,50046,44398,376,376,45345,44398,10596,0,64,True,den520d-random-22.scen,260,True,opti
380,den520d.map,planner,1,76115,65192,376,376,67400,65192,158,0,0,False,den520d-random-22.scen,380,False,
380,den520d.map,planner,1,76115,65192,376,376,67400,65192,10149,0,0,False,den520d-random-22.scen,380,True,
380,den520d.map,planner,1,76115,65192,376,376,67400,65192,164,0,0,True,den520d-random-22.scen,380,False,opti
380,den520d.map,planner,1,76115,65192,376,376,67400,65192,10149,0,0,True,den520d-random-22.scen,380,True,opti
380,den520d.map,planner,1,74666,65192,376,376,67207,65192,181,0,4,True,den520d-random-22.scen,380,False,opti
380,den520d.map,planner,1,75105,65192,378,376,67240,65192,10100,0,4,True,den520d-random-22.scen,380,True,opti
380,den520d.map,planner,1,75946,65192,376,376,67220,65192,205,0,16,True,den520d-random-22.scen,380,False,opti
380,den520d.map,planner,1,75284,65192,376,376,67165,65192,10098,0,16,True,den520d-random-22.scen,380,True,opti
380,den520d.map,planner,1,74997,65192,376,376,67239,65192,318,0,64,True,den520d-random-22.scen,380,False,opti
380,den520d.map,planner,1,75274,65192,378,376,67282,65192,10081,0,64,True,den520d-random-22.scen,380,True,opti
500,den520d.map,planner,1,103024,85523,396,396,89321,85523,209,0,0,False,den520d-random-22.scen,500,False,
500,den520d.map,planner,1,103024,85523,396,396,89321,85523,10043,0,0,False,den520d-random-22.scen,500,True,
500,den520d.map,planner,1,103024,85523,396,396,89321,85523,216,0,0,True,den520d-random-22.scen,500,False,opti
500,den520d.map,planner,1,103024,85523,396,396,89321,85523,10043,0,0,True,den520d-random-22.scen,500,True,opti
500,den520d.map,planner,1,103349,85523,404,396,89173,85523,272,0,4,True,den520d-random-22.scen,500,False,opti
500,den520d.map,planner,1,103582,85523,396,396,89294,85523,10244,0,4,True,den520d-random-22.scen,500,True,opti
500,den520d.map,planner,1,102383,85523,398,396,89240,85523,375,0,16,True,den520d-random-22.scen,500,False,opti
500,den520d.map,planner,1,103097,85523,397,396,89309,85523,10221,0,16,True,den520d-random-22.scen,500,True,opti
500,den520d.map,planner,1,102730,85523,396,396,89218,85523,1003,0,64,True,den520d-random-22.scen,500,False,opti
500,den520d.map,planner,1,103112,85523,396,396,89202,85523,10083,0,64,True,den520d-random-22.scen,500,True,opti
620,den520d.map,planner,1,132150,105417,396,396,111343,105417,261,0,0,False,den520d-random-22.scen,620,False,
620,den520d.map,planner,1,132414,105417,398,396,111263,105417,10039,0,0,False,den520d-random-22.scen,620,True,
620,den520d.map,planner,1,132150,105417,396,396,111343,105417,263,0,0,True,den520d-random-22.scen,620,False,opti
620,den520d.map,planner,1,132414,105417,398,396,111263,105417,10038,0,0,True,den520d-random-22.scen,620,True,opti
620,den520d.map,planner,1,131280,105417,396,396,111147,105417,331,0,4,True,den520d-random-22.scen,620,False,opti
620,den520d.map,planner,1,131527,105417,397,396,110875,105417,10127,0,4,True,den520d-random-22.scen,620,True,opti
620,den520d.map,planner,1,131426,105417,396,396,110979,105417,580,0,16,True,den520d-random-22.scen,620,False,opti
620,den520d.map,planner,1,131106,105417,400,396,110876,105417,10161,0,16,True,den520d-random-22.scen,620,True,opti
620,den520d.map,planner,1,131648,105417,396,396,110798,105417,1514,0,64,True,den520d-random-22.scen,620,False,opti
620,den520d.map,planner,1,131853,105417,396,396,111026,105417,10095,0,64,True,den520d-random-22.scen,620,True,opti
20,den520d.map,planner,1,3902,3897,347,347,3902,3897,8,0,0,False,den520d-random-24.scen,20,False,
20,den520d.map,planner,1,3902,3897,347,347,3902,3897,10528,0,0,False,den520d-random-24.scen,20,True,
20,den520d.map,planner,1,3902,3897,347,347,3902,3897,8,0,0,True,den520d-random-24.scen,20,False,opti
20,den520d.map,planner,1,3902,3897,347,347,3902,3897,10526,0,0,True,den520d-random-24.scen,20,True,opti
20,den520d.map,planner,1,3902,3897,347,347,3902,3897,8,0,4,True,den520d-random-24.scen,20,False,opti
20,den520d.map,planner,1,3902,3897,347,347,3902,3897,11026,0,4,True,den520d-random-24.scen,20,True,opti
20,den520d.map,planner,1,3902,3897,347,347,3902,3897,8,0,16,True,den520d-random-24.scen,20,False,opti
20,den520d.map,planner,1,3902,3897,347,347,3902,3897,11023,0,16,True,den520d-random-24.scen,20,True,opti
20,den520d.map,planner,1,3902,3897,347,347,3902,3897,7,0,64,True,den520d-random-24.scen,20,False,opti
20,den520d.map,planner,1,3902,3897,347,347,3902,3897,11024,0,64,True,den520d-random-24.scen,20,True,opti
140,den520d.map,planner,1,27311,24499,360,360,24847,24499,59,0,0,False,den520d-random-24.scen,140,False,
140,den520d.map,planner,1,26301,24499,362,360,24805,24499,10841,0,0,False,den520d-random-24.scen,140,True,
140,den520d.map,planner,1,27311,24499,360,360,24847,24499,57,0,0,True,den520d-random-24.scen,140,False,opti
140,den520d.map,planner,1,26301,24499,362,360,24805,24499,10811,0,0,True,den520d-random-24.scen,140,True,opti
140,den520d.map,planner,1,26554,24499,360,360,24845,24499,61,0,4,True,den520d-random-24.scen,140,False,opti
140,den520d.map,planner,1,26554,24499,360,360,24845,24499,11026,0,4,True,den520d-random-24.scen,140,True,opti
140,den520d.map,planner,1,26554,24499,360,360,24845,24499,53,0,16,True,den520d-random-24.scen,140,False,opti
140,den520d.map,planner,1,26554,24499,360,360,24845,24499,11019,0,16,True,den520d-random-24.scen,140,True,opti
140,den520d.map,planner,1,26554,24499,360,360,24845,24499,55,0,64,True,den520d-random-24.scen,140,False,opti
140,den520d.map,planner,1,26554,24499,360,360,24845,24499,11041,0,64,True,den520d-random-24.scen,140,True,opti
260,den520d.map,planner,1,50487,45664,360,360,46622,45664,111,0,0,False,den520d-random-24.scen,260,False,
260,den520d.map,planner,1,50487,45664,360,360,46622,45664,10509,0,0,False,den520d-random-24.scen,260,True,
260,den520d.map,planner,1,50487,45664,360,360,46622,45664,100,0,0,True,den520d-random-24.scen,260,False,opti
260,den520d.map,planner,1,50487,45664,360,360,46622,45664,10511,0,0,True,den520d-random-24.scen,260,True,opti
260,den520d.map,planner,1,51310,45664,360,360,46628,45664,116,0,4,True,den520d-random-24.scen,260,False,opti
260,den520d.map,planner,1,51310,45664,360,360,46628,45664,10100,0,4,True,den520d-random-24.scen,260,True,opti
260,den520d.map,planner,1,51310,45664,360,360,46628,45664,106,0,16,True,den520d-random-24.scen,260,False,opti
260,den520d.map,planner,1,51310,45664,360,360,46628,45664,10103,0,16,True,den520d-random-24.scen,260,True,opti
260,den520d.map,planner,1,51310,45664,360,360,46628,45664,116,0,64,True,den520d-random-24.scen,260,False,opti
260,den520d.map,planner,1,51310,45664,360,360,46628,45664,10106,0,64,True,den520d-random-24.scen,260,True,opti
380,den520d.map,planner,1,80079,68604,413,413,70801,68604,174,0,0,False,den520d-random-24.scen,380,False,
380,den520d.map,planner,1,80079,68604,413,413,70801,68604,10323,0,0,False,den520d-random-24.scen,380,True,
380,den520d.map,planner,1,80040,68604,413,413,70814,68604,156,0,0,True,den520d-random-24.scen,380,False,opti
380,den520d.map,planner,1,79295,68604,413,413,70812,68604,10345,0,0,True,den520d-random-24.scen,380,True,opti
380,den520d.map,planner,1,79855,68604,413,413,70669,68604,185,0,4,True,den520d-random-24.scen,380,False,opti
380,den520d.map,planner,1,80348,68604,413,413,70743,68604,10349,0,4,True,den520d-random-24.scen,380,True,opti
380,den520d.map,planner,1,80014,68604,413,413,70687,68604,191,0,16,True,den520d-random-24.scen,380,False,opti
380,den520d.map,planner,1,79373,68604,413,413,70636,68604,10317,0,16,True,den520d-random-24.scen,380,True,opti
380,den520d.map,planner,1,80790,68604,413,413,70685,68604,219,0,64,True,den520d-random-24.scen,380,False,opti
380,den520d.map,planner,1,79686,68604,415,413,70583,68604,10280,0,64,True,den520d-random-24.scen,380,True,opti
500,den520d.map,planner,1,108517,89417,413,413,92913,89417,217,0,0,False,den520d-random-24.scen,500,False,
500,den520d.map,planner,1,108120,89417,415,413,92880,89417,10210,0,0,False,den520d-random-24.scen,500,True,
500,den520d.map,planner,1,108517,89417,413,413,92913,89417,225,0,0,True,den520d-random-24.scen,500,False,opti
500,den520d.map,planner,1,107782,89417,417,413,92900,89417,10251,0,0,True,den520d-random-24.scen,500,True,opti
500,den520d.map,planner,1,108463,89417,414,413,92853,89417,240,0,4,True,den520d-random-24.scen,500,False,opti
500,den520d.map,planner,1,107319,89417,413,413,92639,89417,10215,0,4,True,den520d-random-24.scen,500,True,opti
500,den520d.map,planner,1,107297,89417,413,413,92740,89417,369,0,16,True,den520d-random-24.scen,500,False,opti
500,den520d.map,planner,1,107368,89417,413,413,92589,89417,10245,0,16,True,den520d-random-24.scen,500,True,opti
500,den520d.map,planner,1,107716,89417,414,413,92695,89417,605,0,64,True,den520d-random-24.scen,500,False,opti
500,den520d.map,planner,1,106915,89417,413,413,92734,89417,10208,0,64,True,den520d-random-24.scen,500,True,opti
620,den520d.map,planner,1,137565,109929,413,413,115651,109929,265,0,0,False,den520d-random-24.scen,620,False,
620,den520d.map,planner,1,137563,109929,413,413,115649,109929,10073,0,0,False,den520d-random-24.scen,620,True,
620,den520d.map,planner,1,137798,109929,413,413,115670,109929,260,0,0,True,den520d-random-24.scen,620,False,opti
620,den520d.map,planner,1,137158,109929,413,413,115512,109929,10195,0,0,True,den520d-random-24.scen,620,True,opti
620,den520d.map,planner,1,138676,109929,415,413,115569,109929,337,0,4,True,den520d-random-24.scen,620,False,opti
620,den520d.map,planner,1,136641,109929,413,413,114998,109929,10155,0,4,True,den520d-random-24.scen,620,True,opti
620,den520d.map,planner,1,138301,109929,413,413,115272,109929,435,0,16,True,den520d-random-24.scen,620,False,opti
620,den520d.map,planner,1,136111,109929,415,413,114954,109929,10152,0,16,True,den520d-random-24.scen,620,True,opti
620,den520d.map,planner,1,137534,109929,415,413,115280,109929,1082,0,64,True,den520d-random-24.scen,620,False,opti
620,den520d.map,planner,1,136862,109929,416,413,114982,109929,10084,0,64,True,den520d-random-24.scen,620,True,opti
