agents,map_file,solver,solved,soc,soc_lb,makespan,makespan_lb,sum_of_loss,sum_of_loss_lb,comp_time,seed,Opti_Deadline,Bool_Opti,Scenario_File,N,opti_objective,functype
20,random-32-32-20.map,planner,1,441,388,41,41,416,388,0,0,0,False,random-32-32-20-random-3.scen,20,False,
20,random-32-32-20.map,planner,1,396,388,43,41,395,388,11285,0,0,False,random-32-32-20-random-3.scen,20,True,
20,random-32-32-20.map,planner,1,441,388,41,41,416,388,0,0,0,True,random-32-32-20-random-3.scen,20,False,opti
20,random-32-32-20.map,planner,1,396,388,43,41,395,388,11285,0,0,True,random-32-32-20-random-3.scen,20,True,opti
20,random-32-32-20.map,planner,1,441,388,41,41,416,388,0,0,4,True,random-32-32-20-random-3.scen,20,False,opti
20,random-32-32-20.map,planner,1,395,388,41,41,392,388,10978,0,4,True,random-32-32-20-random-3.scen,20,True,opti
20,random-32-32-20.map,planner,1,441,388,41,41,416,388,0,0,16,True,random-32-32-20-random-3.scen,20,False,opti
20,random-32-32-20.map,planner,1,395,388,41,41,392,388,10981,0,16,True,random-32-32-20-random-3.scen,20,True,opti
20,random-32-32-20.map,planner,1,441,388,41,41,416,388,0,0,64,True,random-32-32-20-random-3.scen,20,False,opti
20,random-32-32-20.map,planner,1,395,388,41,41,392,388,10965,0,64,True,random-32-32-20-random-3.scen,20,True,opti
100,random-32-32-20.map,planner,1,2902,2083,45,42,2594,2083,1,0,0,False,random-32-32-20-random-3.scen,100,False,
100,random-32-32-20.map,planner,1,2900,2083,43,42,2592,2083,10202,0,0,False,random-32-32-20-random-3.scen,100,True,
100,random-32-32-20.map,planner,1,2964,2083,47,42,2703,2083,1,0,0,True,random-32-32-20-random-3.scen,100,False,opti
100,random-32-32-20.map,planner,1,2898,2083,54,42,2620,2083,10421,0,0,True,random-32-32-20-random-3.scen,100,True,opti
100,random-32-32-20.map,planner,1,3041,2083,55,42,2671,2083,2,0,4,True,random-32-32-20-random-3.scen,100,False,opti
100,random-32-32-20.map,planner,1,3012,2083,57,42,2667,2083,10136,0,4,True,random-32-32-20-random-3.scen,100,True,opti
100,random-32-32-20.map,planner,1,3041,2083,55,42,2671,2083,2,0,16,True,random-32-32-20-random-3.scen,100,False,opti
100,random-32-32-20.map,planner,1,2955,2083,50,42,2606,2083,10243,0,16,True,random-32-32-20-random-3.scen,100,True,opti
100,random-32-32-20.map,planner,1,3041,2083,55,42,2671,2083,2,0,64,True,random-32-32-20-random-3.scen,100,False,opti
100,random-32-32-20.map,planner,1,3012,2083,57,42,2667,2083,10395,0,64,True,random-32-32-20-random-3.scen,100,True,opti
180,random-32-32-20.map,planner,1,6676,3862,57,42,5844,3862,3,0,0,False,random-32-32-20-random-3.scen,180,False,
180,random-32-32-20.map,planner,1,6695,3862,60,42,5828,3862,10814,0,0,False,random-32-32-20-random-3.scen,180,True,
180,random-32-32-20.map,planner,1,7102,3862,85,42,6171,3862,14,0,0,True,random-32-32-20-random-3.scen,180,False,opti
180,random-32-32-20.map,planner,1,7024,3862,90,42,6136,3862,10549,0,0,True,random-32-32-20-random-3.scen,180,True,opti
180,random-32-32-20.map,planner,1,7100,3862,84,42,6039,3862,199,0,4,True,random-32-32-20-random-3.scen,180,False,opti
180,random-32-32-20.map,planner,1,6620,3862,67,42,5838,3862,10476,0,4,True,random-32-32-20-random-3.scen,180,True,opti
180,random-32-32-20.map,planner,1,6639,3862,62,42,5844,3862,121,0,16,True,random-32-32-20-random-3.scen,180,False,opti
180,random-32-32-20.map,planner,1,6581,3862,68,42,5819,3862,10238,0,16,True,random-32-32-20-random-3.scen,180,True,opti
180,random-32-32-20.map,planner,1,6657,3862,67,42,5842,3862,1203,0,64,True,random-32-32-20-random-3.scen,180,False,opti
180,random-32-32-20.map,planner,1,6905,3862,75,42,6005,3862,10368,0,64,True,random-32-32-20-random-3.scen,180,True,opti
260,random-32-32-20.map,planner,1,12524,5731,73,56,10903,5731,6,0,0,False,random-32-32-20-random-3.scen,260,False,
260,random-32-32-20.map,planner,1,12520,5731,73,56,10901,5731,10040,0,0,False,random-32-32-20-random-3.scen,260,True,
260,random-32-32-20.map,planner,1,13023,5731,88,56,11137,5731,13,0,0,True,random-32-32-20-random-3.scen,260,False,opti
260,random-32-32-20.map,planner,1,13037,5731,85,56,11131,5731,10175,0,0,True,random-32-32-20-random-3.scen,260,True,opti
260,random-32-32-20.map,planner,1,13503,5731,101,56,11292,5731,111,0,4,True,random-32-32-20-random-3.scen,260,False,opti
260,random-32-32-20.map,planner,1,12720,5731,98,56,10669,5731,10108,0,4,True,random-32-32-20-random-3.scen,260,True,opti
260,random-32-32-20.map,planner,1,12977,5731,90,56,10708,5731,1324,0,16,True,random-32-32-20-random-3.scen,260,False,opti
260,random-32-32-20.map,planner,1,12907,5731,89,56,10864,5731,10292,0,16,True,random-32-32-20-random-3.scen,260,True,opti
260,random-32-32-20.map,planner,1,13462,5731,120,56,11231,5731,1310,0,64,True,random-32-32-20-random-3.scen,260,False,opti
260,random-32-32-20.map,planner,1,12973,5731,88,56,10960,5731,10094,0,64,True,random-32-32-20-random-3.scen,260,True,opti
20,random-32-32-20.map,planner,1,409,388,47,47,399,388,0,0,0,False,random-32-32-20-random-2.scen,20,False,
20,random-32-32-20.map,planner,1,409,388,47,47,399,388,10655,0,0,False,random-32-32-20-random-2.scen,20,True,
20,random-32-32-20.map,planner,1,409,388,47,47,399,388,0,0,0,True,random-32-32-20-random-2.scen,20,False,opti
20,random-32-32-20.map,planner,1,409,388,47,47,399,388,10659,0,0,True,random-32-32-20-random-2.scen,20,True,opti
20,random-32-32-20.map,planner,1,409,388,47,47,399,388,0,0,4,True,random-32-32-20-random-2.scen,20,False,opti
20,random-32-32-20.map,planner,1,409,388,47,47,399,388,10802,0,4,True,random-32-32-20-random-2.scen,20,True,opti
20,random-32-32-20.map,planner,1,409,388,47,47,399,388,0,0,16,True,random-32-32-20-random-2.scen,20,False,opti
20,random-32-32-20.map,planner,1,409,388,47,47,399,388,10808,0,16,True,random-32-32-20-random-2.scen,20,True,opti
20,random-32-32-20.map,planner,1,409,388,47,47,399,388,0,0,64,True,random-32-32-20-random-2.scen,20,False,opti
20,random-32-32-20.map,planner,1,409,388,47,47,399,388,10803,0,64,True,random-32-32-20-random-2.scen,20,True,opti
100,random-32-32-20.map,planner,1,3268,2232,52,51,2912,2232,1,0,0,False,random-32-32-20-random-2.scen,100,False,
100,random-32-32-20.map,planner,1,2997,2232,52,51,2706,2232,11128,0,0,False,random-32-32-20-random-2.scen,100,True,
100,random-32-32-20.map,planner,1,3268,2232,52,51,2912,2232,1,0,0,True,random-32-32-20-random-2.scen,100,False,opti
100,random-32-32-20.map,planner,1,3207,2232,53,51,2821,2232,10235,0,0,True,random-32-32-20-random-2.scen,100,True,opti
100,random-32-32-20.map,planner,1,3095,2232,66,51,2761,2232,2,0,4,True,random-32-32-20-random-2.scen,100,False,opti
100,random-32-32-20.map,planner,1,3046,2232,54,51,2728,2232,10615,0,4,True,random-32-32-20-random-2.scen,100,True,opti
100,random-32-32-20.map,planner,1,3095,2232,66,51,2761,2232,2,0,16,True,random-32-32-20-random-2.scen,100,False,opti
100,random-32-32-20.map,planner,1,3046,2232,54,51,2728,2232,10527,0,16,True,random-32-32-20-random-2.scen,100,True,opti
100,random-32-32-20.map,planner,1,3095,2232,66,51,2761,2232,2,0,64,True,random-32-32-20-random-2.scen,100,False,opti
100,random-32-32-20.map,planner,1,3046,2232,54,51,2728,2232,10524,0,64,True,random-32-32-20-random-2.scen,100,True,opti
180,random-32-32-20.map,planner,1,6807,4018,63,51,5984,4018,3,0,0,False,random-32-32-20-random-2.scen,180,False,
180,random-32-32-20.map,planner,1,6583,4018,64,51,5949,4018,10393,0,0,False,random-32-32-20-random-2.scen,180,True,
180,random-32-32-20.map,planner,1,7057,4018,65,51,6154,4018,3,0,0,True,random-32-32-20-random-2.scen,180,False,opti
180,random-32-32-20.map,planner,1,7057,4018,65,51,6154,4018,10923,0,0,True,random-32-32-20-random-2.scen,180,True,opti
180,random-32-32-20.map,planner,1,6836,4018,67,51,6068,4018,45,0,4,True,random-32-32-20-random-2.scen,180,False,opti
180,random-32-32-20.map,planner,1,6724,4018,63,51,5915,4018,10400,0,4,True,random-32-32-20-random-2.scen,180,True,opti
180,random-32-32-20.map,planner,1,6704,4018,71,51,5900,4018,86,0,16,True,random-32-32-20-random-2.scen,180,False,opti
180,random-32-32-20.map,planner,1,6964,4018,65,51,5905,4018,10287,0,16,True,random-32-32-20-random-2.scen,180,True,opti
180,random-32-32-20.map,planner,1,6669,4018,64,51,5926,4018,402,0,64,True,random-32-32-20-random-2.scen,180,False,opti
180,random-32-32-20.map,planner,1,6736,4018,63,51,5992,4018,10654,0,64,True,random-32-32-20-random-2.scen,180,True,opti
260,random-32-32-20.map,planner,1,11913,5740,78,51,10287,5740,6,0,0,False,random-32-32-20-random-2.scen,260,False,
260,random-32-32-20.map,planner,1,11653,5740,74,51,10129,5740,10634,0,0,False,random-32-32-20-random-2.scen,260,True,
260,random-32-32-20.map,planner,1,12706,5740,122,51,10833,5740,8,0,0,True,random-32-32-20-random-2.scen,260,False,opti
260,random-32-32-20.map,planner,1,12297,5740,75,51,10588,5740,10357,0,0,True,random-32-32-20-random-2.scen,260,True,opti
260,random-32-32-20.map,planner,1,11287,5740,93,51,10039,5740,57,0,4,True,random-32-32-20-random-2.scen,260,False,opti
260,random-32-32-20.map,planner,1,12244,5740,85,51,10285,5740,10072,0,4,True,random-32-32-20-random-2.scen,260,True,opti
260,random-32-32-20.map,planner,1,11590,5740,83,51,10180,5740,298,0,16,True,random-32-32-20-random-2.scen,260,False,opti
260,random-32-32-20.map,planner,1,11559,5740,79,51,10035,5740,10079,0,16,True,random-32-32-20-random-2.scen,260,True,opti
260,random-32-32-20.map,planner,1,11598,5740,87,51,10132,5740,1111,0,64,True,random-32-32-20-random-2.scen,260,False,opti
260,random-32-32-20.map,planner,1,12203,5740,105,51,10302,5740,10124,0,64,True,random-32-32-20-random-2.scen,260,True,opti
20,random-32-32-20.map,planner,1,469,409,58,56,438,409,0,0,0,False,random-32-32-20-random-24.scen,20,False,
20,random-32-32-20.map,planner,1,418,409,56,56,418,409,10460,0,0,False,random-32-32-20-random-24.scen,20,True,
20,random-32-32-20.map,planner,1,448,409,56,56,424,409,0,0,0,True,random-32-32-20-random-24.scen,20,False,opti
20,random-32-32-20.map,planner,1,422,409,56,56,422,409,10767,0,0,True,random-32-32-20-random-24.scen,20,True,opti
20,random-32-32-20.map,planner,1,448,409,56,56,424,409,0,0,4,True,random-32-32-20-random-24.scen,20,False,opti
20,random-32-32-20.map,planner,1,422,409,56,56,422,409,10765,0,4,True,random-32-32-20-random-24.scen,20,True,opti
20,random-32-32-20.map,planner,1,448,409,56,56,424,409,0,0,16,True,random-32-32-20-random-24.scen,20,False,opti
20,random-32-32-20.map,planner,1,422,409,56,56,422,409,10749,0,16,True,random-32-32-20-random-24.scen,20,True,opti
20,random-32-32-20.map,planner,1,448,409,56,56,424,409,0,0,64,True,random-32-32-20-random-24.scen,20,False,opti
20,random-32-32-20.map,planner,1,422,409,56,56,422,409,10727,0,64,True,random-32-32-20-random-24.scen,20,True,opti
100,random-32-32-20.map,planner,1,3012,2053,56,56,2627,2053,1,0,0,False,random-32-32-20-random-24.scen,100,False,
100,random-32-32-20.map,planner,1,2917,2053,56,56,2577,2053,10856,0,0,False,random-32-32-20-random-24.scen,100,True,
100,random-32-32-20.map,planner,1,2993,2053,59,56,2655,2053,1,0,0,True,random-32-32-20-random-24.scen,100,False,opti
100,random-32-32-20.map,planner,1,2957,2053,56,56,2598,2053,10462,0,0,True,random-32-32-20-random-24.scen,100,True,opti
100,random-32-32-20.map,planner,1,3000,2053,58,56,2636,2053,2,0,4,True,random-32-32-20-random-24.scen,100,False,opti
100,random-32-32-20.map,planner,1,2912,2053,56,56,2627,2053,10067,0,4,True,random-32-32-20-random-24.scen,100,True,opti
100,random-32-32-20.map,planner,1,3000,2053,58,56,2636,2053,2,0,16,True,random-32-32-20-random-24.scen,100,False,opti
100,random-32-32-20.map,planner,1,2912,2053,56,56,2627,2053,10062,0,16,True,random-32-32-20-random-24.scen,100,True,opti
100,random-32-32-20.map,planner,1,3000,2053,58,56,2636,2053,2,0,64,True,random-32-32-20-random-24.scen,100,False,opti
100,random-32-32-20.map,planner,1,2912,2053,56,56,2627,2053,10070,0,64,True,random-32-32-20-random-24.scen,100,True,opti
180,random-32-32-20.map,planner,1,7042,3874,62,56,6044,3874,3,0,0,False,random-32-32-20-random-24.scen,180,False,
180,random-32-32-20.map,planner,1,7001,3874,61,56,5994,3874,10040,0,0,False,random-32-32-20-random-24.scen,180,True,
180,random-32-32-20.map,planner,1,6925,3874,63,56,6030,3874,3,0,0,True,random-32-32-20-random-24.scen,180,False,opti
180,random-32-32-20.map,planner,1,6986,3874,65,56,5959,3874,10756,0,0,True,random-32-32-20-random-24.scen,180,True,opti
180,random-32-32-20.map,planner,1,7252,3874,87,56,5995,3874,41,0,4,True,random-32-32-20-random-24.scen,180,False,opti
180,random-32-32-20.map,planner,1,6746,3874,62,56,5764,3874,10400,0,4,True,random-32-32-20-random-24.scen,180,True,opti
180,random-32-32-20.map,planner,1,6887,3874,64,56,5848,3874,122,0,16,True,random-32-32-20-random-24.scen,180,False,opti
180,random-32-32-20.map,planner,1,6862,3874,72,56,5822,3874,10427,0,16,True,random-32-32-20-random-24.scen,180,True,opti
180,random-32-32-20.map,planner,1,6891,3874,63,56,5875,3874,632,0,64,True,random-32-32-20-random-24.scen,180,False,opti
180,random-32-32-20.map,planner,1,6830,3874,68,56,5832,3874,10296,0,64,True,random-32-32-20-random-24.scen,180,True,opti
260,random-32-32-20.map,planner,1,12619,5590,76,56,10596,5590,6,0,0,False,random-32-32-20-random-24.scen,260,False,
260,random-32-32-20.map,planner,1,12529,5590,74,56,10544,5590,10588,0,0,False,random-32-32-20-random-24.scen,260,True,
260,random-32-32-20.map,planner,1,11938,5590,68,56,10203,5590,6,0,0,True,random-32-32-20-random-24.scen,260,False,opti
260,random-32-32-20.map,planner,1,11920,5590,68,56,10201,5590,10550,0,0,True,random-32-32-20-random-24.scen,260,True,opti
260,random-32-32-20.map,planner,1,13107,5590,112,56,10758,5590,91,0,4,True,random-32-32-20-random-24.scen,260,False,opti
260,random-32-32-20.map,planner,1,11689,5590,69,56,9882,5590,10197,0,4,True,random-32-32-20-random-24.scen,260,True,opti
260,random-32-32-20.map,planner,1,12372,5590,93,56,10574,5590,388,0,16,True,random-32-32-20-random-24.scen,260,False,opti
260,random-32-32-20.map,planner,1,12002,5590,76,56,10065,5590,10129,0,16,True,random-32-32-20-random-24.scen,260,True,opti
260,random-32-32-20.map,planner,1,12559,5590,97,56,10391,5590,1249,0,64,True,random-32-32-20-random-24.scen,260,False,opti
260,random-32-32-20.map,planner,1,12370,5590,100,56,10391,5590,10166,0,64,True,random-32-32-20-random-24.scen,260,True,opti
20,random-32-32-20.map,planner,1,508,481,46,46,497,481,0,0,0,False,random-32-32-20-random-4.scen,20,False,
20,random-32-32-20.map,planner,1,487,481,46,46,487,481,10465,0,0,False,random-32-32-20-random-4.scen,20,True,
20,random-32-32-20.map,planner,1,508,481,46,46,497,481,0,0,0,True,random-32-32-20-random-4.scen,20,False,opti
20,random-32-32-20.map,planner,1,487,481,46,46,487,481,10449,0,0,True,random-32-32-20-random-4.scen,20,True,opti
20,random-32-32-20.map,planner,1,508,481,46,46,497,481,0,0,4,True,random-32-32-20-random-4.scen,20,False,opti
20,random-32-32-20.map,planner,1,498,481,46,46,494,481,10633,0,4,True,random-32-32-20-random-4.scen,20,True,opti
20,random-32-32-20.map,planner,1,508,481,46,46,497,481,0,0,16,True,random-32-32-20-random-4.scen,20,False,opti
20,random-32-32-20.map,planner,1,498,481,46,46,494,481,10630,0,16,True,random-32-32-20-random-4.scen,20,True,opti
20,random-32-32-20.map,planner,1,508,481,46,46,497,481,0,0,64,True,random-32-32-20-random-4.scen,20,False,opti
20,random-32-32-20.map,planner,1,498,481,46,46,494,481,10616,0,64,True,random-32-32-20-random-4.scen,20,True,opti
100,random-32-32-20.map,planner,1,3088,2094,54,54,2667,2094,1,0,0,False,random-32-32-20-random-4.scen,100,False,
100,random-32-32-20.map,planner,1,3083,2094,54,54,2644,2094,11021,0,0,False,random-32-32-20-random-4.scen,100,True,
100,random-32-32-20.map,planner,1,3110,2094,54,54,2673,2094,1,0,0,True,random-32-32-20-random-4.scen,100,False,opti
100,random-32-32-20.map,planner,1,2982,2094,54,54,2612,2094,10473,0,0,True,random-32-32-20-random-4.scen,100,True,opti
100,random-32-32-20.map,planner,1,3109,2094,56,54,2640,2094,1,0,4,True,random-32-32-20-random-4.scen,100,False,opti
100,random-32-32-20.map,planner,1,3109,2094,56,54,2640,2094,10104,0,4,True,random-32-32-20-random-4.scen,100,True,opti
100,random-32-32-20.map,planner,1,3109,2094,56,54,2640,2094,1,0,16,True,random-32-32-20-random-4.scen,100,False,opti
100,random-32-32-20.map,planner,1,3109,2094,56,54,2640,2094,10115,0,16,True,random-32-32-20-random-4.scen,100,True,opti
100,random-32-32-20.map,planner,1,3109,2094,56,54,2640,2094,1,0,64,True,random-32-32-20-random-4.scen,100,False,opti
100,random-32-32-20.map,planner,1,3109,2094,56,54,2640,2094,10108,0,64,True,random-32-32-20-random-4.scen,100,True,opti
180,random-32-32-20.map,planner,1,7052,3915,61,54,6118,3915,3,0,0,False,random-32-32-20-random-4.scen,180,False,
180,random-32-32-20.map,planner,1,6534,3915,55,54,5795,3915,10296,0,0,False,random-32-32-20-random-4.scen,180,True,
180,random-32-32-20.map,planner,1,7105,3915,62,54,6206,3915,4,0,0,True,random-32-32-20-random-4.scen,180,False,opti
180,random-32-32-20.map,planner,1,6690,3915,58,54,5789,3915,10696,0,0,True,random-32-32-20-random-4.scen,180,True,opti
180,random-32-32-20.map,planner,1,6874,3915,64,54,5805,3915,122,0,4,True,random-32-32-20-random-4.scen,180,False,opti
180,random-32-32-20.map,planner,1,6708,3915,58,54,5798,3915,10751,0,4,True,random-32-32-20-random-4.scen,180,True,opti
180,random-32-32-20.map,planner,1,6623,3915,60,54,5754,3915,243,0,16,True,random-32-32-20-random-4.scen,180,False,opti
180,random-32-32-20.map,planner,1,6662,3915,66,54,5746,3915,10573,0,16,True,random-32-32-20-random-4.scen,180,True,opti
180,random-32-32-20.map,planner,1,7454,3915,89,54,6169,3915,1141,0,64,True,random-32-32-20-random-4.scen,180,False,opti
180,random-32-32-20.map,planner,1,6613,3915,55,54,5722,3915,10132,0,64,True,random-32-32-20-random-4.scen,180,True,opti
260,random-32-32-20.map,planner,1,12449,5592,79,56,10637,5592,6,0,0,False,random-32-32-20-random-4.scen,260,False,
260,random-32-32-20.map,planner,1,12230,5592,74,56,10533,5592,10137,0,0,False,random-32-32-20-random-4.scen,260,True,
260,random-32-32-20.map,planner,1,12534,5592,76,56,10747,5592,6,0,0,True,random-32-32-20-random-4.scen,260,False,opti
260,random-32-32-20.map,planner,1,12292,5592,85,56,10568,5592,10294,0,0,True,random-32-32-20-random-4.scen,260,True,opti
260,random-32-32-20.map,planner,1,13208,5592,86,56,10953,5592,107,0,4,True,random-32-32-20-random-4.scen,260,False,opti
260,random-32-32-20.map,planner,1,12138,5592,100,56,10467,5592,10256,0,4,True,random-32-32-20-random-4.scen,260,True,opti
260,random-32-32-20.map,planner,1,12775,5592,101,56,10762,5592,330,0,16,True,random-32-32-20-random-4.scen,260,False,opti
260,random-32-32-20.map,planner,1,12669,5592,84,56,10596,5592,10075,0,16,True,random-32-32-20-random-4.scen,260,True,opti
260,random-32-32-20.map,planner,1,12754,5592,98,56,10832,5592,2969,0,64,True,random-32-32-20-random-4.scen,260,False,opti
260,random-32-32-20.map,planner,1,12022,5592,70,56,10328,5592,10028,0,64,True,random-32-32-20-random-4.scen,260,True,opti
20,random-32-32-20.map,planner,1,479,405,48,48,437,405,0,0,0,False,random-32-32-20-random-1.scen,20,False,
20,random-32-32-20.map,planner,1,463,405,49,48,423,405,10653,0,0,False,random-32-32-20-random-1.scen,20,True,
20,random-32-32-20.map,planner,1,479,405,48,48,437,405,0,0,0,True,random-32-32-20-random-1.scen,20,False,opti
20,random-32-32-20.map,planner,1,463,405,49,48,423,405,10653,0,0,True,random-32-32-20-random-1.scen,20,True,opti
20,random-32-32-20.map,planner,1,479,405,48,48,437,405,0,0,4,True,random-32-32-20-random-1.scen,20,False,opti
20,random-32-32-20.map,planner,1,475,405,49,48,421,405,10644,0,4,True,random-32-32-20-random-1.scen,20,True,opti
20,random-32-32-20.map,planner,1,479,405,48,48,437,405,0,0,16,True,random-32-32-20-random-1.scen,20,False,opti
20,random-32-32-20.map,planner,1,475,405,49,48,421,405,10640,0,16,True,random-32-32-20-random-1.scen,20,True,opti
20,random-32-32-20.map,planner,1,479,405,48,48,437,405,0,0,64,True,random-32-32-20-random-1.scen,20,False,opti
20,random-32-32-20.map,planner,1,475,405,49,48,421,405,10632,0,64,True,random-32-32-20-random-1.scen,20,True,opti
100,random-32-32-20.map,planner,1,3174,2253,48,48,2902,2253,1,0,0,False,random-32-32-20-random-1.scen,100,False,
100,random-32-32-20.map,planner,1,3084,2253,48,48,2872,2253,10363,0,0,False,random-32-32-20-random-1.scen,100,True,
100,random-32-32-20.map,planner,1,3221,2253,51,48,2957,2253,1,0,0,True,random-32-32-20-random-1.scen,100,False,opti
100,random-32-32-20.map,planner,1,3221,2253,51,48,2957,2253,10478,0,0,True,random-32-32-20-random-1.scen,100,True,opti
100,random-32-32-20.map,planner,1,3147,2253,54,48,2828,2253,2,0,4,True,random-32-32-20-random-1.scen,100,False,opti
100,random-32-32-20.map,planner,1,3147,2253,54,48,2828,2253,10954,0,4,True,random-32-32-20-random-1.scen,100,True,opti
100,random-32-32-20.map,planner,1,3147,2253,54,48,2828,2253,2,0,16,True,random-32-32-20-random-1.scen,100,False,opti
100,random-32-32-20.map,planner,1,3147,2253,54,48,2828,2253,10965,0,16,True,random-32-32-20-random-1.scen,100,True,opti
100,random-32-32-20.map,planner,1,3147,2253,54,48,2828,2253,2,0,64,True,random-32-32-20-random-1.scen,100,False,opti
100,random-32-32-20.map,planner,1,3147,2253,54,48,2828,2253,10906,0,64,True,random-32-32-20-random-1.scen,100,True,opti
180,random-32-32-20.map,planner,1,6811,3988,67,48,6102,3988,3,0,0,False,random-32-32-20-random-1.scen,180,False,
180,random-32-32-20.map,planner,1,6809,3988,66,48,6100,3988,10144,0,0,False,random-32-32-20-random-1.scen,180,True,
180,random-32-32-20.map,planner,1,6931,3988,66,48,6206,3988,3,0,0,True,random-32-32-20-random-1.scen,180,False,opti
180,random-32-32-20.map,planner,1,6904,3988,56,48,6132,3988,10801,0,0,True,random-32-32-20-random-1.scen,180,True,opti
180,random-32-32-20.map,planner,1,7185,3988,88,48,6195,3988,22,0,4,True,random-32-32-20-random-1.scen,180,False,opti
180,random-32-32-20.map,planner,1,6915,3988,79,48,6067,3988,10442,0,4,True,random-32-32-20-random-1.scen,180,True,opti
180,random-32-32-20.map,planner,1,6878,3988,69,48,6110,3988,90,0,16,True,random-32-32-20-random-1.scen,180,False,opti
180,random-32-32-20.map,planner,1,6808,3988,62,48,6032,3988,10548,0,16,True,random-32-32-20-random-1.scen,180,True,opti
180,random-32-32-20.map,planner,1,7539,3988,89,48,6415,3988,310,0,64,True,random-32-32-20-random-1.scen,180,False,opti
180,random-32-32-20.map,planner,1,6908,3988,72,48,5951,3988,10373,0,64,True,random-32-32-20-random-1.scen,180,True,opti
260,random-32-32-20.map,planner,1,12218,5766,68,53,10425,5766,5,0,0,False,random-32-32-20-random-1.scen,260,False,
260,random-32-32-20.map,planner,1,12214,5766,66,53,10421,5766,10676,0,0,False,random-32-32-20-random-1.scen,260,True,
260,random-32-32-20.map,planner,1,12465,5766,96,53,10718,5766,81,0,0,True,random-32-32-20-random-1.scen,260,False,opti
260,random-32-32-20.map,planner,1,12465,5766,96,53,10718,5766,10564,0,0,True,random-32-32-20-random-1.scen,260,True,opti
260,random-32-32-20.map,planner,1,13920,5766,118,53,11354,5766,86,0,4,True,random-32-32-20-random-1.scen,260,False,opti
260,random-32-32-20.map,planner,1,13165,5766,126,53,10815,5766,10167,0,4,True,random-32-32-20-random-1.scen,260,True,opti
260,random-32-32-20.map,planner,1,14423,5766,113,53,11806,5766,412,0,16,True,random-32-32-20-random-1.scen,260,False,opti
260,random-32-32-20.map,planner,1,12525,5766,102,53,10695,5766,10138,0,16,True,random-32-32-20-random-1.scen,260,True,opti
260,random-32-32-20.map,planner,1,14969,5766,155,53,11825,5766,1461,0,64,True,random-32-32-20-random-1.scen,260,False,opti
260,random-32-32-20.map,planner,1,13118,5766,101,53,11038,5766,10052,0,64,True,random-32-32-20-random-1.scen,260,True,opti
20,random-32-32-20.map,planner,1,505,481,39,39,505,481,0,0,0,False,random-32-32-20-random-6.scen,20,False,
20,random-32-32-20.map,planner,1,491,481,41,39,491,481,10839,0,0,False,random-32-32-20-random-6.scen,20,True,
20,random-32-32-20.map,planner,1,505,481,39,39,505,481,0,0,0,True,random-32-32-20-random-6.scen,20,False,opti
20,random-32-32-20.map,planner,1,491,481,41,39,491,481,10826,0,0,True,random-32-32-20-random-6.scen,20,True,opti
20,random-32-32-20.map,planner,1,505,481,39,39,505,481,0,0,4,True,random-32-32-20-random-6.scen,20,False,opti
20,random-32-32-20.map,planner,1,491,481,41,39,491,481,10834,0,4,True,random-32-32-20-random-6.scen,20,True,opti
20,random-32-32-20.map,planner,1,505,481,39,39,505,481,0,0,16,True,random-32-32-20-random-6.scen,20,False,opti
20,random-32-32-20.map,planner,1,491,481,41,39,491,481,10840,0,16,True,random-32-32-20-random-6.scen,20,True,opti
20,random-32-32-20.map,planner,1,505,481,39,39,505,481,0,0,64,True,random-32-32-20-random-6.scen,20,False,opti
20,random-32-32-20.map,planner,1,491,481,41,39,491,481,10838,0,64,True,random-32-32-20-random-6.scen,20,True,opti
100,random-32-32-20.map,planner,1,3302,2283,53,53,2929,2283,1,0,0,False,random-32-32-20-random-6.scen,100,False,
100,random-32-32-20.map,planner,1,3268,2283,54,53,2926,2283,11195,0,0,False,random-32-32-20-random-6.scen,100,True,
100,random-32-32-20.map,planner,1,3349,2283,62,53,2957,2283,2,0,0,True,random-32-32-20-random-6.scen,100,False,opti
100,random-32-32-20.map,planner,1,3208,2283,53,53,2845,2283,10262,0,0,True,random-32-32-20-random-6.scen,100,True,opti
100,random-32-32-20.map,planner,1,3301,2283,66,53,2905,2283,4,0,4,True,random-32-32-20-random-6.scen,100,False,opti
100,random-32-32-20.map,planner,1,3098,2283,61,53,2814,2283,10363,0,4,True,random-32-32-20-random-6.scen,100,True,opti
100,random-32-32-20.map,planner,1,3365,2283,72,53,2945,2283,6,0,16,True,random-32-32-20-random-6.scen,100,False,opti
100,random-32-32-20.map,planner,1,3158,2283,59,53,2836,2283,10339,0,16,True,random-32-32-20-random-6.scen,100,True,opti
100,random-32-32-20.map,planner,1,3365,2283,72,53,2945,2283,5,0,64,True,random-32-32-20-random-6.scen,100,False,opti
100,random-32-32-20.map,planner,1,3158,2283,59,53,2836,2283,10360,0,64,True,random-32-32-20-random-6.scen,100,True,opti
180,random-32-32-20.map,planner,1,7174,4030,66,53,6333,4030,3,0,0,False,random-32-32-20-random-6.scen,180,False,
180,random-32-32-20.map,planner,1,7194,4030,63,53,6264,4030,10688,0,0,False,random-32-32-20-random-6.scen,180,True,
180,random-32-32-20.map,planner,1,7237,4030,61,53,6363,4030,3,0,0,True,random-32-32-20-random-6.scen,180,False,opti
180,random-32-32-20.map,planner,1,7201,4030,69,53,6294,4030,10139,0,0,True,random-32-32-20-random-6.scen,180,True,opti
180,random-32-32-20.map,planner,1,7602,4030,85,53,6603,4030,85,0,4,True,random-32-32-20-random-6.scen,180,False,opti
180,random-32-32-20.map,planner,1,7045,4030,72,53,6190,4030,10031,0,4,True,random-32-32-20-random-6.scen,180,True,opti
180,random-32-32-20.map,planner,1,7369,4030,82,53,6385,4030,197,0,16,True,random-32-32-20-random-6.scen,180,False,opti
180,random-32-32-20.map,planner,1,7026,4030,65,53,6209,4030,10248,0,16,True,random-32-32-20-random-6.scen,180,True,opti
180,random-32-32-20.map,planner,1,8001,4030,81,53,6644,4030,814,0,64,True,random-32-32-20-random-6.scen,180,False,opti
180,random-32-32-20.map,planner,1,6970,4030,76,53,6133,4030,10087,0,64,True,random-32-32-20-random-6.scen,180,True,opti
260,random-32-32-20.map,planner,1,13572,5847,80,53,11615,5847,6,0,0,False,random-32-32-20-random-6.scen,260,False,
260,random-32-32-20.map,planner,1,13018,5847,75,53,11232,5847,10202,0,0,False,random-32-32-20-random-6.scen,260,True,
260,random-32-32-20.map,planner,1,13364,5847,102,53,11390,5847,32,0,0,True,random-32-32-20-random-6.scen,260,False,opti
260,random-32-32-20.map,planner,1,13349,5847,99,53,11321,5847,10662,0,0,True,random-32-32-20-random-6.scen,260,True,opti
260,random-32-32-20.map,planner,1,13111,5847,92,53,11339,5847,843,0,4,True,random-32-32-20-random-6.scen,260,False,opti
260,random-32-32-20.map,planner,1,12601,5847,99,53,10874,5847,10417,0,4,True,random-32-32-20-random-6.scen,260,True,opti
260,random-32-32-20.map,planner,1,14977,5847,130,53,12043,5847,1006,0,16,True,random-32-32-20-random-6.scen,260,False,opti
260,random-32-32-20.map,planner,1,12607,5847,88,53,10862,5847,10171,0,16,True,random-32-32-20-random-6.scen,260,True,opti
260,random-32-32-20.map,planner,1,15144,5847,133,53,12131,5847,1755,0,64,True,random-32-32-20-random-6.scen,260,False,opti
260,random-32-32-20.map,planner,0,0,5847,0,53,0,5847,10014,0,64,True,random-32-32-20-random-6.scen,260,True,opti
20,random-32-32-20.map,planner,1,459,391,45,45,437,391,0,0,0,False,random-32-32-20-random-10.scen,20,False,
20,random-32-32-20.map,planner,1,420,391,45,45,403,391,10845,0,0,False,random-32-32-20-random-10.scen,20,True,
20,random-32-32-20.map,planner,1,459,391,45,45,437,391,0,0,0,True,random-32-32-20-random-10.scen,20,False,opti
20,random-32-32-20.map,planner,1,420,391,45,45,403,391,10869,0,0,True,random-32-32-20-random-10.scen,20,True,opti
20,random-32-32-20.map,planner,1,459,391,45,45,437,391,0,0,4,True,random-32-32-20-random-10.scen,20,False,opti
20,random-32-32-20.map,planner,1,420,391,45,45,403,391,10845,0,4,True,random-32-32-20-random-10.scen,20,True,opti
20,random-32-32-20.map,planner,1,459,391,45,45,437,391,0,0,16,True,random-32-32-20-random-10.scen,20,False,opti
20,random-32-32-20.map,planner,1,420,391,45,45,403,391,10839,0,16,True,random-32-32-20-random-10.scen,20,True,opti
20,random-32-32-20.map,planner,1,459,391,45,45,437,391,0,0,64,True,random-32-32-20-random-10.scen,20,False,opti
20,random-32-32-20.map,planner,1,420,391,45,45,403,391,10881,0,64,True,random-32-32-20-random-10.scen,20,True,opti
100,random-32-32-20.map,planner,1,2957,2057,51,50,2669,2057,1,0,0,False,random-32-32-20-random-10.scen,100,False,
100,random-32-32-20.map,planner,1,2884,2057,50,50,2547,2057,10185,0,0,False,random-32-32-20-random-10.scen,100,True,
100,random-32-32-20.map,planner,1,3022,2057,50,50,2697,2057,1,0,0,True,random-32-32-20-random-10.scen,100,False,opti
100,random-32-32-20.map,planner,1,2817,2057,51,50,2599,2057,10259,0,0,True,random-32-32-20-random-10.scen,100,True,opti
100,random-32-32-20.map,planner,1,3415,2057,85,50,2811,2057,3,0,4,True,random-32-32-20-random-10.scen,100,False,opti
100,random-32-32-20.map,planner,1,2899,2057,52,50,2563,2057,10718,0,4,True,random-32-32-20-random-10.scen,100,True,opti
100,random-32-32-20.map,planner,1,3415,2057,85,50,2811,2057,3,0,16,True,random-32-32-20-random-10.scen,100,False,opti
100,random-32-32-20.map,planner,1,2899,2057,52,50,2563,2057,10657,0,16,True,random-32-32-20-random-10.scen,100,True,opti
100,random-32-32-20.map,planner,1,3415,2057,85,50,2811,2057,3,0,64,True,random-32-32-20-random-10.scen,100,False,opti
100,random-32-32-20.map,planner,1,2899,2057,52,50,2563,2057,10635,0,64,True,random-32-32-20-random-10.scen,100,True,opti
180,random-32-32-20.map,planner,1,6645,3801,56,56,5869,3801,3,0,0,False,random-32-32-20-random-10.scen,180,False,
180,random-32-32-20.map,planner,1,6676,3801,56,56,5854,3801,10076,0,0,False,random-32-32-20-random-10.scen,180,True,
180,random-32-32-20.map,planner,1,6783,3801,60,56,5870,3801,3,0,0,True,random-32-32-20-random-10.scen,180,False,opti
180,random-32-32-20.map,planner,1,6695,3801,61,56,5868,3801,10280,0,0,True,random-32-32-20-random-10.scen,180,True,opti
180,random-32-32-20.map,planner,1,6684,3801,62,56,5805,3801,38,0,4,True,random-32-32-20-random-10.scen,180,False,opti
180,random-32-32-20.map,planner,1,6784,3801,64,56,5801,3801,10663,0,4,True,random-32-32-20-random-10.scen,180,True,opti
180,random-32-32-20.map,planner,1,6328,3801,62,56,5581,3801,110,0,16,True,random-32-32-20-random-10.scen,180,False,opti
180,random-32-32-20.map,planner,1,6405,3801,56,56,5615,3801,10600,0,16,True,random-32-32-20-random-10.scen,180,True,opti
180,random-32-32-20.map,planner,1,6402,3801,61,56,5635,3801,535,0,64,True,random-32-32-20-random-10.scen,180,False,opti
180,random-32-32-20.map,planner,1,6644,3801,59,56,5757,3801,10350,0,64,True,random-32-32-20-random-10.scen,180,True,opti
260,random-32-32-20.map,planner,1,12395,5514,73,56,10557,5514,6,0,0,False,random-32-32-20-random-10.scen,260,False,
260,random-32-32-20.map,planner,1,12395,5514,73,56,10557,5514,10153,0,0,False,random-32-32-20-random-10.scen,260,True,
260,random-32-32-20.map,planner,1,12071,5514,79,56,10380,5514,7,0,0,True,random-32-32-20-random-10.scen,260,False,opti
260,random-32-32-20.map,planner,1,12071,5514,79,56,10380,5514,10567,0,0,True,random-32-32-20-random-10.scen,260,True,opti
260,random-32-32-20.map,planner,1,12384,5514,83,56,10542,5514,85,0,4,True,random-32-32-20-random-10.scen,260,False,opti
260,random-32-32-20.map,planner,1,12232,5514,89,56,10299,5514,10420,0,4,True,random-32-32-20-random-10.scen,260,True,opti
260,random-32-32-20.map,planner,1,12717,5514,91,56,10672,5514,329,0,16,True,random-32-32-20-random-10.scen,260,False,opti
260,random-32-32-20.map,planner,1,12440,5514,94,56,10439,5514,10123,0,16,True,random-32-32-20-random-10.scen,260,True,opti
260,random-32-32-20.map,planner,1,12289,5514,92,56,10304,5514,2670,0,64,True,random-32-32-20-random-10.scen,260,False,opti
260,random-32-32-20.map,planner,1,11977,5514,84,56,10304,5514,10111,0,64,True,random-32-32-20-random-10.scen,260,True,opti
20,random-32-32-20.map,planner,1,554,515,44,44,554,515,0,0,0,False,random-32-32-20-random-19.scen,20,False,
20,random-32-32-20.map,planner,1,553,515,46,44,553,515,10421,0,0,False,random-32-32-20-random-19.scen,20,True,
20,random-32-32-20.map,planner,1,554,515,44,44,554,515,0,0,0,True,random-32-32-20-random-19.scen,20,False,opti
20,random-32-32-20.map,planner,1,553,515,46,44,553,515,10444,0,0,True,random-32-32-20-random-19.scen,20,True,opti
20,random-32-32-20.map,planner,1,554,515,44,44,554,515,0,0,4,True,random-32-32-20-random-19.scen,20,False,opti
20,random-32-32-20.map,planner,1,545,515,45,44,537,515,10506,0,4,True,random-32-32-20-random-19.scen,20,True,opti
20,random-32-32-20.map,planner,1,554,515,44,44,554,515,0,0,16,True,random-32-32-20-random-19.scen,20,False,opti
20,random-32-32-20.map,planner,1,545,515,45,44,537,515,10503,0,16,True,random-32-32-20-random-19.scen,20,True,opti
20,random-32-32-20.map,planner,1,554,515,44,44,554,515,0,0,64,True,random-32-32-20-random-19.scen,20,False,opti
20,random-32-32-20.map,planner,1,545,515,45,44,537,515,10549,0,64,True,random-32-32-20-random-19.scen,20,True,opti
100,random-32-32-20.map,planner,1,3321,2289,58,58,2871,2289,1,0,0,False,random-32-32-20-random-19.scen,100,False,
100,random-32-32-20.map,planner,1,3205,2289,60,58,2866,2289,10751,0,0,False,random-32-32-20-random-19.scen,100,True,
100,random-32-32-20.map,planner,1,3336,2289,61,58,2925,2289,2,0,0,True,random-32-32-20-random-19.scen,100,False,opti
100,random-32-32-20.map,planner,1,3233,2289,60,58,2817,2289,11048,0,0,True,random-32-32-20-random-19.scen,100,True,opti
100,random-32-32-20.map,planner,1,3328,2289,64,58,2934,2289,2,0,4,True,random-32-32-20-random-19.scen,100,False,opti
100,random-32-32-20.map,planner,1,3162,2289,63,58,2803,2289,10490,0,4,True,random-32-32-20-random-19.scen,100,True,opti
100,random-32-32-20.map,planner,1,3328,2289,64,58,2934,2289,2,0,16,True,random-32-32-20-random-19.scen,100,False,opti
100,random-32-32-20.map,planner,1,3162,2289,63,58,2803,2289,10554,0,16,True,random-32-32-20-random-19.scen,100,True,opti
100,random-32-32-20.map,planner,1,3328,2289,64,58,2934,2289,2,0,64,True,random-32-32-20-random-19.scen,100,False,opti
100,random-32-32-20.map,planner,1,3162,2289,63,58,2803,2289,10619,0,64,True,random-32-32-20-random-19.scen,100,True,opti
180,random-32-32-20.map,planner,1,7017,4111,63,58,6202,4111,3,0,0,False,random-32-32-20-random-19.scen,180,False,
180,random-32-32-20.map,planner,1,7007,4111,73,58,6068,4111,10315,0,0,False,random-32-32-20-random-19.scen,180,True,
180,random-32-32-20.map,planner,1,6983,4111,61,58,6128,4111,3,0,0,True,random-32-32-20-random-19.scen,180,False,opti
180,random-32-32-20.map,planner,1,6983,4111,61,58,6128,4111,10778,0,0,True,random-32-32-20-random-19.scen,180,True,opti
180,random-32-32-20.map,planner,1,7108,4111,73,58,6220,4111,35,0,4,True,random-32-32-20-random-19.scen,180,False,opti
180,random-32-32-20.map,planner,1,7313,4111,76,58,6190,4111,10044,0,4,True,random-32-32-20-random-19.scen,180,True,opti
180,random-32-32-20.map,planner,1,7769,4111,101,58,6526,4111,153,0,16,True,random-32-32-20-random-19.scen,180,False,opti
180,random-32-32-20.map,planner,1,6968,4111,70,58,6061,4111,10347,0,16,True,random-32-32-20-random-19.scen,180,True,opti
180,random-32-32-20.map,planner,1,7302,4111,81,58,6443,4111,496,0,64,True,random-32-32-20-random-19.scen,180,False,opti
180,random-32-32-20.map,planner,1,6968,4111,75,58,5985,4111,10091,0,64,True,random-32-32-20-random-19.scen,180,True,opti
260,random-32-32-20.map,planner,1,12693,5856,75,58,10942,5856,6,0,0,False,random-32-32-20-random-19.scen,260,False,
260,random-32-32-20.map,planner,1,12046,5856,75,58,10425,5856,10472,0,0,False,random-32-32-20-random-19.scen,260,True,
260,random-32-32-20.map,planner,1,13183,5856,108,58,11329,5856,9,0,0,True,random-32-32-20-random-19.scen,260,False,opti
260,random-32-32-20.map,planner,1,12391,5856,86,58,10735,5856,10573,0,0,True,random-32-32-20-random-19.scen,260,True,opti
260,random-32-32-20.map,planner,1,12326,5856,104,58,10535,5856,78,0,4,True,random-32-32-20-random-19.scen,260,False,opti
260,random-32-32-20.map,planner,1,12567,5856,95,58,10584,5856,10335,0,4,True,random-32-32-20-random-19.scen,260,True,opti
260,random-32-32-20.map,planner,1,13808,5856,145,58,11298,5856,265,0,16,True,random-32-32-20-random-19.scen,260,False,opti
260,random-32-32-20.map,planner,1,12575,5856,103,58,10684,5856,10019,0,16,True,random-32-32-20-random-19.scen,260,True,opti
260,random-32-32-20.map,planner,1,13560,5856,122,58,11171,5856,2225,0,64,True,random-32-32-20-random-19.scen,260,False,opti
260,random-32-32-20.map,planner,1,12733,5856,126,58,10828,5856,10281,0,64,True,random-32-32-20-random-19.scen,260,True,opti
20,random-32-32-20.map,planner,1,487,460,44,44,487,460,0,0,0,False,random-32-32-20-random-20.scen,20,False,
20,random-32-32-20.map,planner,1,491,460,44,44,481,460,10655,0,0,False,random-32-32-20-random-20.scen,20,True,
20,random-32-32-20.map,planner,1,487,460,44,44,487,460,0,0,0,True,random-32-32-20-random-20.scen,20,False,opti
20,random-32-32-20.map,planner,1,491,460,44,44,481,460,10640,0,0,True,random-32-32-20-random-20.scen,20,True,opti
20,random-32-32-20.map,planner,1,487,460,44,44,487,460,0,0,4,True,random-32-32-20-random-20.scen,20,False,opti
20,random-32-32-20.map,planner,1,479,460,45,44,479,460,10895,0,4,True,random-32-32-20-random-20.scen,20,True,opti
20,random-32-32-20.map,planner,1,487,460,44,44,487,460,0,0,16,True,random-32-32-20-random-20.scen,20,False,opti
20,random-32-32-20.map,planner,1,479,460,45,44,479,460,10860,0,16,True,random-32-32-20-random-20.scen,20,True,opti
20,random-32-32-20.map,planner,1,487,460,44,44,487,460,0,0,64,True,random-32-32-20-random-20.scen,20,False,opti
20,random-32-32-20.map,planner,1,479,460,45,44,479,460,10836,0,64,True,random-32-32-20-random-20.scen,20,True,opti
100,random-32-32-20.map,planner,1,3186,2280,50,46,2908,2280,1,0,0,False,random-32-32-20-random-20.scen,100,False,
100,random-32-32-20.map,planner,1,3186,2280,50,46,2908,2280,10924,0,0,False,random-32-32-20-random-20.scen,100,True,
100,random-32-32-20.map,planner,1,3186,2280,50,46,2908,2280,1,0,0,True,random-32-32-20-random-20.scen,100,False,opti
100,random-32-32-20.map,planner,1,3197,2280,53,46,2854,2280,10630,0,0,True,random-32-32-20-random-20.scen,100,True,opti
100,random-32-32-20.map,planner,1,3167,2280,51,46,2897,2280,2,0,4,True,random-32-32-20-random-20.scen,100,False,opti
100,random-32-32-20.map,planner,1,3167,2280,51,46,2897,2280,10839,0,4,True,random-32-32-20-random-20.scen,100,True,opti
100,random-32-32-20.map,planner,1,3167,2280,51,46,2897,2280,2,0,16,True,random-32-32-20-random-20.scen,100,False,opti
100,random-32-32-20.map,planner,1,3167,2280,51,46,2897,2280,10899,0,16,True,random-32-32-20-random-20.scen,100,True,opti
100,random-32-32-20.map,planner,1,3167,2280,51,46,2897,2280,2,0,64,True,random-32-32-20-random-20.scen,100,False,opti
100,random-32-32-20.map,planner,1,3167,2280,51,46,2897,2280,10859,0,64,True,random-32-32-20-random-20.scen,100,True,opti
180,random-32-32-20.map,planner,1,6792,4047,59,46,6182,4047,3,0,0,False,random-32-32-20-random-20.scen,180,False,
180,random-32-32-20.map,planner,1,6846,4047,59,46,6113,4047,10880,0,0,False,random-32-32-20-random-20.scen,180,True,
180,random-32-32-20.map,planner,1,7304,4047,75,46,6418,4047,5,0,0,True,random-32-32-20-random-20.scen,180,False,opti
180,random-32-32-20.map,planner,1,7021,4047,62,46,6218,4047,10627,0,0,True,random-32-32-20-random-20.scen,180,True,opti
180,random-32-32-20.map,planner,1,7086,4047,72,46,6309,4047,39,0,4,True,random-32-32-20-random-20.scen,180,False,opti
180,random-32-32-20.map,planner,1,6799,4047,70,46,5993,4047,10543,0,4,True,random-32-32-20-random-20.scen,180,True,opti
180,random-32-32-20.map,planner,1,7334,4047,73,46,6256,4047,140,0,16,True,random-32-32-20-random-20.scen,180,False,opti
180,random-32-32-20.map,planner,1,6777,4047,63,46,6027,4047,10552,0,16,True,random-32-32-20-random-20.scen,180,True,opti
180,random-32-32-20.map,planner,1,7074,4047,88,46,6191,4047,737,0,64,True,random-32-32-20-random-20.scen,180,False,opti
180,random-32-32-20.map,planner,1,6560,4047,55,46,5851,4047,10107,0,64,True,random-32-32-20-random-20.scen,180,True,opti
260,random-32-32-20.map,planner,1,12133,5794,70,49,10514,5794,6,0,0,False,random-32-32-20-random-20.scen,260,False,
260,random-32-32-20.map,planner,1,12133,5794,70,49,10514,5794,10426,0,0,False,random-32-32-20-random-20.scen,260,True,
260,random-32-32-20.map,planner,1,12294,5794,88,49,10687,5794,7,0,0,True,random-32-32-20-random-20.scen,260,False,opti
260,random-32-32-20.map,planner,1,12207,5794,81,49,10671,5794,10589,0,0,True,random-32-32-20-random-20.scen,260,True,opti
260,random-32-32-20.map,planner,1,13502,5794,84,49,11343,5794,116,0,4,True,random-32-32-20-random-20.scen,260,False,opti
260,random-32-32-20.map,planner,1,12605,5794,92,49,10782,5794,10071,0,4,True,random-32-32-20-random-20.scen,260,True,opti
260,random-32-32-20.map,planner,1,12850,5794,91,49,10932,5794,377,0,16,True,random-32-32-20-random-20.scen,260,False,opti
260,random-32-32-20.map,planner,1,12130,5794,97,49,10407,5794,10233,0,16,True,random-32-32-20-random-20.scen,260,True,opti
260,random-32-32-20.map,planner,1,12931,5794,111,49,10727,5794,1564,0,64,True,random-32-32-20-random-20.scen,260,False,opti
260,random-32-32-20.map,planner,1,12778,5794,91,49,10871,5794,10050,0,64,True,random-32-32-20-random-20.scen,260,True,opti
20,random-32-32-20.map,planner,1,453,393,41,41,409,393,0,0,0,False,random-32-32-20-random-12.scen,20,False,
20,random-32-32-20.map,planner,1,453,393,43,41,408,393,10753,0,0,False,random-32-32-20-random-12.scen,20,True,
20,random-32-32-20.map,planner,1,453,393,41,41,409,393,0,0,0,True,random-32-32-20-random-12.scen,20,False,opti
20,random-32-32-20.map,planner,1,453,393,43,41,408,393,10742,0,0,True,random-32-32-20-random-12.scen,20,True,opti
20,random-32-32-20.map,planner,1,457,393,41,41,413,393,0,0,4,True,random-32-32-20-random-12.scen,20,False,opti
20,random-32-32-20.map,planner,1,450,393,41,41,407,393,10192,0,4,True,random-32-32-20-random-12.scen,20,True,opti
20,random-32-32-20.map,planner,1,457,393,41,41,413,393,0,0,16,True,random-32-32-20-random-12.scen,20,False,opti
20,random-32-32-20.map,planner,1,450,393,41,41,407,393,10209,0,16,True,random-32-32-20-random-12.scen,20,True,opti
20,random-32-32-20.map,planner,1,457,393,41,41,413,393,0,0,64,True,random-32-32-20-random-12.scen,20,False,opti
20,random-32-32-20.map,planner,1,450,393,41,41,407,393,10211,0,64,True,random-32-32-20-random-12.scen,20,True,opti
100,random-32-32-20.map,planner,1,3391,2311,60,60,3012,2311,2,0,0,False,random-32-32-20-random-12.scen,100,False,
100,random-32-32-20.map,planner,1,3293,2311,61,60,2960,2311,10195,0,0,False,random-32-32-20-random-12.scen,100,True,
100,random-32-32-20.map,planner,1,3338,2311,60,60,2998,2311,2,0,0,True,random-32-32-20-random-12.scen,100,False,opti
100,random-32-32-20.map,planner,1,3351,2311,62,60,2969,2311,10393,0,0,True,random-32-32-20-random-12.scen,100,True,opti
100,random-32-32-20.map,planner,1,3457,2311,64,60,3034,2311,4,0,4,True,random-32-32-20-random-12.scen,100,False,opti
100,random-32-32-20.map,planner,1,3175,2311,63,60,2868,2311,10307,0,4,True,random-32-32-20-random-12.scen,100,True,opti
100,random-32-32-20.map,planner,1,3487,2311,64,60,3002,2311,10,0,16,True,random-32-32-20-random-12.scen,100,False,opti
100,random-32-32-20.map,planner,1,3326,2311,68,60,2901,2311,10299,0,16,True,random-32-32-20-random-12.scen,100,True,opti
100,random-32-32-20.map,planner,1,3389,2311,69,60,3006,2311,17,0,64,True,random-32-32-20-random-12.scen,100,False,opti
100,random-32-32-20.map,planner,1,3344,2311,62,60,2970,2311,10408,0,64,True,random-32-32-20-random-12.scen,100,True,opti
180,random-32-32-20.map,planner,1,7936,4099,68,60,6815,4099,4,0,0,False,random-32-32-20-random-12.scen,180,False,
180,random-32-32-20.map,planner,1,7575,4099,64,60,6503,4099,10902,0,0,False,random-32-32-20-random-12.scen,180,True,
180,random-32-32-20.map,planner,1,7348,4099,64,60,6354,4099,4,0,0,True,random-32-32-20-random-12.scen,180,False,opti
180,random-32-32-20.map,planner,1,7345,4099,64,60,6352,4099,10977,0,0,True,random-32-32-20-random-12.scen,180,True,opti
180,random-32-32-20.map,planner,1,8475,4099,94,60,6995,4099,66,0,4,True,random-32-32-20-random-12.scen,180,False,opti
180,random-32-32-20.map,planner,1,7486,4099,67,60,6302,4099,10266,0,4,True,random-32-32-20-random-12.scen,180,True,opti
180,random-32-32-20.map,planner,1,7549,4099,76,60,6438,4099,163,0,16,True,random-32-32-20-random-12.scen,180,False,opti
180,random-32-32-20.map,planner,1,7475,4099,67,60,6306,4099,10528,0,16,True,random-32-32-20-random-12.scen,180,True,opti
180,random-32-32-20.map,planner,1,7356,4099,77,60,6265,4099,553,0,64,True,random-32-32-20-random-12.scen,180,False,opti
180,random-32-32-20.map,planner,1,7397,4099,77,60,6256,4099,10033,0,64,True,random-32-32-20-random-12.scen,180,True,opti
260,random-32-32-20.map,planner,1,13102,5939,71,60,11240,5939,6,0,0,False,random-32-32-20-random-12.scen,260,False,
260,random-32-32-20.map,planner,1,13037,5939,76,60,11157,5939,10510,0,0,False,random-32-32-20-random-12.scen,260,True,
260,random-32-32-20.map,planner,1,13621,5939,97,60,11714,5939,10,0,0,True,random-32-32-20-random-12.scen,260,False,opti
260,random-32-32-20.map,planner,1,13601,5939,80,60,11438,5939,10450,0,0,True,random-32-32-20-random-12.scen,260,True,opti
260,random-32-32-20.map,planner,1,14151,5939,109,60,11702,5939,115,0,4,True,random-32-32-20-random-12.scen,260,False,opti
260,random-32-32-20.map,planner,1,13841,5939,116,60,11466,5939,10238,0,4,True,random-32-32-20-random-12.scen,260,True,opti
260,random-32-32-20.map,planner,1,15637,5939,156,60,12305,5939,932,0,16,True,random-32-32-20-random-12.scen,260,False,opti
260,random-32-32-20.map,planner,1,13865,5939,97,60,11539,5939,10052,0,16,True,random-32-32-20-random-12.scen,260,True,opti
260,random-32-32-20.map,planner,1,14278,5939,114,60,11841,5939,1541,0,64,True,random-32-32-20-random-12.scen,260,False,opti
260,random-32-32-20.map,planner,1,13959,5939,101,60,11561,5939,10033,0,64,True,random-32-32-20-random-12.scen,260,True,opti
20,random-32-32-20.map,planner,1,591,525,44,44,550,525,0,0,0,False,random-32-32-20-random-25.scen,20,False,
20,random-32-32-20.map,planner,1,585,525,46,44,542,525,10570,0,0,False,random-32-32-20-random-25.scen,20,True,
20,random-32-32-20.map,planner,1,601,525,45,44,560,525,0,0,0,True,random-32-32-20-random-25.scen,20,False,opti
20,random-32-32-20.map,planner,1,584,525,45,44,543,525,10302,0,0,True,random-32-32-20-random-25.scen,20,True,opti
20,random-32-32-20.map,planner,1,601,525,45,44,560,525,0,0,4,True,random-32-32-20-random-25.scen,20,False,opti
20,random-32-32-20.map,planner,1,587,525,46,44,540,525,10470,0,4,True,random-32-32-20-random-25.scen,20,True,opti
20,random-32-32-20.map,planner,1,601,525,45,44,560,525,0,0,16,True,random-32-32-20-random-25.scen,20,False,opti
20,random-32-32-20.map,planner,1,587,525,46,44,540,525,10459,0,16,True,random-32-32-20-random-25.scen,20,True,opti
20,random-32-32-20.map,planner,1,601,525,45,44,560,525,0,0,64,True,random-32-32-20-random-25.scen,20,False,opti
20,random-32-32-20.map,planner,1,587,525,46,44,540,525,10466,0,64,True,random-32-32-20-random-25.scen,20,True,opti
100,random-32-32-20.map,planner,1,3122,2259,52,49,2851,2259,1,0,0,False,random-32-32-20-random-25.scen,100,False,
100,random-32-32-20.map,planner,1,3020,2259,51,49,2751,2259,10792,0,0,False,random-32-32-20-random-25.scen,100,True,
100,random-32-32-20.map,planner,1,3313,2259,68,49,3016,2259,2,0,0,True,random-32-32-20-random-25.scen,100,False,opti
100,random-32-32-20.map,planner,1,3052,2259,52,49,2748,2259,10435,0,0,True,random-32-32-20-random-25.scen,100,True,opti
100,random-32-32-20.map,planner,1,3139,2259,52,49,2822,2259,2,0,4,True,random-32-32-20-random-25.scen,100,False,opti
100,random-32-32-20.map,planner,1,2991,2259,52,49,2738,2259,10437,0,4,True,random-32-32-20-random-25.scen,100,True,opti
100,random-32-32-20.map,planner,1,3139,2259,52,49,2822,2259,2,0,16,True,random-32-32-20-random-25.scen,100,False,opti
100,random-32-32-20.map,planner,1,2991,2259,52,49,2738,2259,10433,0,16,True,random-32-32-20-random-25.scen,100,True,opti
100,random-32-32-20.map,planner,1,3139,2259,52,49,2822,2259,2,0,64,True,random-32-32-20-random-25.scen,100,False,opti
100,random-32-32-20.map,planner,1,2991,2259,52,49,2738,2259,10457,0,64,True,random-32-32-20-random-25.scen,100,True,opti
180,random-32-32-20.map,planner,1,7055,4104,59,49,6246,4104,3,0,0,False,random-32-32-20-random-25.scen,180,False,
180,random-32-32-20.map,planner,1,6730,4104,59,49,6016,4104,10833,0,0,False,random-32-32-20-random-25.scen,180,True,
180,random-32-32-20.map,planner,1,7550,4104,75,49,6540,4104,5,0,0,True,random-32-32-20-random-25.scen,180,False,opti
180,random-32-32-20.map,planner,1,7257,4104,65,49,6330,4104,10131,0,0,True,random-32-32-20-random-25.scen,180,True,opti
180,random-32-32-20.map,planner,1,7071,4104,64,49,6242,4104,37,0,4,True,random-32-32-20-random-25.scen,180,False,opti
180,random-32-32-20.map,planner,1,6718,4104,74,49,5948,4104,10635,0,4,True,random-32-32-20-random-25.scen,180,True,opti
180,random-32-32-20.map,planner,1,6767,4104,72,49,6051,4104,114,0,16,True,random-32-32-20-random-25.scen,180,False,opti
180,random-32-32-20.map,planner,1,6617,4104,58,49,5869,4104,10050,0,16,True,random-32-32-20-random-25.scen,180,True,opti
180,random-32-32-20.map,planner,1,7192,4104,67,49,6316,4104,619,0,64,True,random-32-32-20-random-25.scen,180,False,opti
180,random-32-32-20.map,planner,1,6990,4104,70,49,6069,4104,10449,0,64,True,random-32-32-20-random-25.scen,180,True,opti
260,random-32-32-20.map,planner,1,12358,5754,68,49,10844,5754,6,0,0,False,random-32-32-20-random-25.scen,260,False,
260,random-32-32-20.map,planner,1,12188,5754,68,49,10585,5754,10551,0,0,False,random-32-32-20-random-25.scen,260,True,
260,random-32-32-20.map,planner,1,13333,5754,84,49,11313,5754,7,0,0,True,random-32-32-20-random-25.scen,260,False,opti
260,random-32-32-20.map,planner,1,13333,5754,84,49,11313,5754,10056,0,0,True,random-32-32-20-random-25.scen,260,True,opti
260,random-32-32-20.map,planner,1,13879,5754,102,49,11235,5754,103,0,4,True,random-32-32-20-random-25.scen,260,False,opti
260,random-32-32-20.map,planner,1,13770,5754,128,49,11225,5754,10175,0,4,True,random-32-32-20-random-25.scen,260,True,opti
260,random-32-32-20.map,planner,1,13188,5754,98,49,10946,5754,421,0,16,True,random-32-32-20-random-25.scen,260,False,opti
260,random-32-32-20.map,planner,1,12219,5754,97,49,10429,5754,10081,0,16,True,random-32-32-20-random-25.scen,260,True,opti
260,random-32-32-20.map,planner,1,12718,5754,98,49,10794,5754,1492,0,64,True,random-32-32-20-random-25.scen,260,False,opti
260,random-32-32-20.map,planner,1,12958,5754,115,49,10706,5754,10171,0,64,True,random-32-32-20-random-25.scen,260,True,opti
20,random-32-32-20.map,planner,1,534,491,47,47,522,491,0,0,0,False,random-32-32-20-random-22.scen,20,False,
20,random-32-32-20.map,planner,1,520,491,48,47,514,491,10510,0,0,False,random-32-32-20-random-22.scen,20,True,
20,random-32-32-20.map,planner,1,534,491,47,47,522,491,0,0,0,True,random-32-32-20-random-22.scen,20,False,opti
20,random-32-32-20.map,planner,1,522,491,47,47,514,491,10980,0,0,True,random-32-32-20-random-22.scen,20,True,opti
20,random-32-32-20.map,planner,1,534,491,47,47,522,491,0,0,4,True,random-32-32-20-random-22.scen,20,False,opti
20,random-32-32-20.map,planner,1,516,491,48,47,508,491,10835,0,4,True,random-32-32-20-random-22.scen,20,True,opti
20,random-32-32-20.map,planner,1,534,491,47,47,522,491,0,0,16,True,random-32-32-20-random-22.scen,20,False,opti
20,random-32-32-20.map,planner,1,516,491,48,47,508,491,10873,0,16,True,random-32-32-20-random-22.scen,20,True,opti
20,random-32-32-20.map,planner,1,534,491,47,47,522,491,0,0,64,True,random-32-32-20-random-22.scen,20,False,opti
20,random-32-32-20.map,planner,1,516,491,48,47,508,491,10836,0,64,True,random-32-32-20-random-22.scen,20,True,opti
100,random-32-32-20.map,planner,1,3352,2193,51,48,2930,2193,1,0,0,False,random-32-32-20-random-22.scen,100,False,
100,random-32-32-20.map,planner,1,3229,2193,51,48,2828,2193,10389,0,0,False,random-32-32-20-random-22.scen,100,True,
100,random-32-32-20.map,planner,1,3256,2193,49,48,2854,2193,2,0,0,True,random-32-32-20-random-22.scen,100,False,opti
100,random-32-32-20.map,planner,1,3256,2193,49,48,2854,2193,10960,0,0,True,random-32-32-20-random-22.scen,100,True,opti
100,random-32-32-20.map,planner,1,3158,2193,52,48,2773,2193,3,0,4,True,random-32-32-20-random-22.scen,100,False,opti
100,random-32-32-20.map,planner,1,3158,2193,52,48,2773,2193,10145,0,4,True,random-32-32-20-random-22.scen,100,True,opti
100,random-32-32-20.map,planner,1,3158,2193,52,48,2773,2193,3,0,16,True,random-32-32-20-random-22.scen,100,False,opti
100,random-32-32-20.map,planner,1,3158,2193,52,48,2773,2193,10487,0,16,True,random-32-32-20-random-22.scen,100,True,opti
100,random-32-32-20.map,planner,1,3158,2193,52,48,2773,2193,3,0,64,True,random-32-32-20-random-22.scen,100,False,opti
100,random-32-32-20.map,planner,1,3158,2193,52,48,2773,2193,10355,0,64,True,random-32-32-20-random-22.scen,100,True,opti
180,random-32-32-20.map,planner,1,7261,4095,58,48,6340,4095,3,0,0,False,random-32-32-20-random-22.scen,180,False,
180,random-32-32-20.map,planner,1,7261,4095,58,48,6340,4095,10801,0,0,False,random-32-32-20-random-22.scen,180,True,
180,random-32-32-20.map,planner,1,7226,4095,66,48,6327,4095,9,0,0,True,random-32-32-20-random-22.scen,180,False,opti
180,random-32-32-20.map,planner,1,7226,4095,66,48,6327,4095,10898,0,0,True,random-32-32-20-random-22.scen,180,True,opti
180,random-32-32-20.map,planner,1,7558,4095,88,48,6455,4095,60,0,4,True,random-32-32-20-random-22.scen,180,False,opti
180,random-32-32-20.map,planner,1,7573,4095,80,48,6528,4095,10106,0,4,True,random-32-32-20-random-22.scen,180,True,opti
180,random-32-32-20.map,planner,1,7326,4095,70,48,6460,4095,199,0,16,True,random-32-32-20-random-22.scen,180,False,opti
180,random-32-32-20.map,planner,1,7908,4095,76,48,6628,4095,10109,0,16,True,random-32-32-20-random-22.scen,180,True,opti
180,random-32-32-20.map,planner,1,7391,4095,76,48,6281,4095,729,0,64,True,random-32-32-20-random-22.scen,180,False,opti
180,random-32-32-20.map,planner,1,7385,4095,72,48,6399,4095,10293,0,64,True,random-32-32-20-random-22.scen,180,True,opti
260,random-32-32-20.map,planner,1,13919,5837,86,49,11615,5837,7,0,0,False,random-32-32-20-random-22.scen,260,False,
260,random-32-32-20.map,planner,1,13915,5837,84,49,11611,5837,10583,0,0,False,random-32-32-20-random-22.scen,260,True,
260,random-32-32-20.map,planner,1,13271,5837,92,49,11542,5837,8,0,0,True,random-32-32-20-random-22.scen,260,False,opti
260,random-32-32-20.map,planner,1,13267,5837,90,49,11538,5837,10631,0,0,True,random-32-32-20-random-22.scen,260,True,opti
260,random-32-32-20.map,planner,1,14168,5837,104,49,11862,5837,473,0,4,True,random-32-32-20-random-22.scen,260,False,opti
260,random-32-32-20.map,planner,1,13617,5837,114,49,11440,5837,10040,0,4,True,random-32-32-20-random-22.scen,260,True,opti
260,random-32-32-20.map,planner,1,14389,5837,110,49,11758,5837,434,0,16,True,random-32-32-20-random-22.scen,260,False,opti
260,random-32-32-20.map,planner,1,13446,5837,92,49,11438,5837,10208,0,16,True,random-32-32-20-random-22.scen,260,True,opti
260,random-32-32-20.map,planner,1,13614,5837,95,49,11518,5837,1733,0,64,True,random-32-32-20-random-22.scen,260,False,opti
260,random-32-32-20.map,planner,1,14055,5837,106,49,11713,5837,10093,0,64,True,random-32-32-20-random-22.scen,260,True,opti
20,random-32-32-20.map,planner,1,535,498,39,39,527,498,0,0,0,False,random-32-32-20-random-21.scen,20,False,
20,random-32-32-20.map,planner,1,518,498,41,39,515,498,11455,0,0,False,random-32-32-20-random-21.scen,20,True,
20,random-32-32-20.map,planner,1,535,498,39,39,527,498,0,0,0,True,random-32-32-20-random-21.scen,20,False,opti
20,random-32-32-20.map,planner,1,518,498,41,39,515,498,11486,0,0,True,random-32-32-20-random-21.scen,20,True,opti
20,random-32-32-20.map,planner,1,534,498,39,39,529,498,0,0,4,True,random-32-32-20-random-21.scen,20,False,opti
20,random-32-32-20.map,planner,1,531,498,40,39,523,498,10255,0,4,True,random-32-32-20-random-21.scen,20,True,opti
20,random-32-32-20.map,planner,1,534,498,39,39,529,498,0,0,16,True,random-32-32-20-random-21.scen,20,False,opti
20,random-32-32-20.map,planner,1,531,498,40,39,523,498,10253,0,16,True,random-32-32-20-random-21.scen,20,True,opti
20,random-32-32-20.map,planner,1,534,498,39,39,529,498,0,0,64,True,random-32-32-20-random-21.scen,20,False,opti
20,random-32-32-20.map,planner,1,531,498,40,39,523,498,10266,0,64,True,random-32-32-20-random-21.scen,20,True,opti
100,random-32-32-20.map,planner,1,3171,2229,52,43,2885,2229,1,0,0,False,random-32-32-20-random-21.scen,100,False,
100,random-32-32-20.map,planner,1,3005,2229,44,43,2745,2229,10133,0,0,False,random-32-32-20-random-21.scen,100,True,
100,random-32-32-20.map,planner,1,3158,2229,53,43,2894,2229,1,0,0,True,random-32-32-20-random-21.scen,100,False,opti
100,random-32-32-20.map,planner,1,2972,2229,45,43,2748,2229,11206,0,0,True,random-32-32-20-random-21.scen,100,True,opti
100,random-32-32-20.map,planner,1,3169,2229,53,43,2900,2229,2,0,4,True,random-32-32-20-random-21.scen,100,False,opti
100,random-32-32-20.map,planner,1,2927,2229,48,43,2723,2229,10112,0,4,True,random-32-32-20-random-21.scen,100,True,opti
100,random-32-32-20.map,planner,1,3169,2229,53,43,2900,2229,2,0,16,True,random-32-32-20-random-21.scen,100,False,opti
100,random-32-32-20.map,planner,1,2927,2229,48,43,2723,2229,10112,0,16,True,random-32-32-20-random-21.scen,100,True,opti
100,random-32-32-20.map,planner,1,3169,2229,53,43,2900,2229,2,0,64,True,random-32-32-20-random-21.scen,100,False,opti
100,random-32-32-20.map,planner,1,2927,2229,48,43,2723,2229,10117,0,64,True,random-32-32-20-random-21.scen,100,True,opti
180,random-32-32-20.map,planner,1,6767,4003,59,48,6012,4003,3,0,0,False,random-32-32-20-random-21.scen,180,False,
180,random-32-32-20.map,planner,1,6767,4003,59,48,6012,4003,10688,0,0,False,random-32-32-20-random-21.scen,180,True,
180,random-32-32-20.map,planner,1,6569,4003,60,48,5947,4003,3,0,0,True,random-32-32-20-random-21.scen,180,False,opti
180,random-32-32-20.map,planner,1,6569,4003,60,48,5947,4003,10889,0,0,True,random-32-32-20-random-21.scen,180,True,opti
180,random-32-32-20.map,planner,1,7215,4003,107,48,6182,4003,61,0,4,True,random-32-32-20-random-21.scen,180,False,opti
180,random-32-32-20.map,planner,1,6612,4003,67,48,5903,4003,10226,0,4,True,random-32-32-20-random-21.scen,180,True,opti
180,random-32-32-20.map,planner,1,6971,4003,70,48,6144,4003,155,0,16,True,random-32-32-20-random-21.scen,180,False,opti
180,random-32-32-20.map,planner,1,6645,4003,58,48,5950,4003,10113,0,16,True,random-32-32-20-random-21.scen,180,True,opti
180,random-32-32-20.map,planner,1,6764,4003,62,48,6062,4003,417,0,64,True,random-32-32-20-random-21.scen,180,False,opti
180,random-32-32-20.map,planner,1,6618,4003,58,48,5873,4003,10459,0,64,True,random-32-32-20-random-21.scen,180,True,opti
260,random-32-32-20.map,planner,1,12012,5627,77,48,10435,5627,6,0,0,False,random-32-32-20-random-21.scen,260,False,
260,random-32-32-20.map,planner,1,11852,5627,83,48,10232,5627,10604,0,0,False,random-32-32-20-random-21.scen,260,True,
260,random-32-32-20.map,planner,1,11902,5627,82,48,10255,5627,6,0,0,True,random-32-32-20-random-21.scen,260,False,opti
260,random-32-32-20.map,planner,1,11902,5627,82,48,10255,5627,10682,0,0,True,random-32-32-20-random-21.scen,260,True,opti
260,random-32-32-20.map,planner,1,11772,5627,76,48,10102,5627,180,0,4,True,random-32-32-20-random-21.scen,260,False,opti
260,random-32-32-20.map,planner,1,11618,5627,72,48,10094,5627,10475,0,4,True,random-32-32-20-random-21.scen,260,True,opti
260,random-32-32-20.map,planner,1,12991,5627,127,48,10670,5627,326,0,16,True,random-32-32-20-random-21.scen,260,False,opti
260,random-32-32-20.map,planner,1,12181,5627,104,48,10075,5627,10041,0,16,True,random-32-32-20-random-21.scen,260,True,opti
260,random-32-32-20.map,planner,1,12055,5627,81,48,10206,5627,1237,0,64,True,random-32-32-20-random-21.scen,260,False,opti
260,random-32-32-20.map,planner,1,11798,5627,88,48,10138,5627,10048,0,64,True,random-32-32-20-random-21.scen,260,True,opti
20,random-32-32-20.map,planner,1,461,424,37,37,448,424,0,0,0,False,random-32-32-20-random-13.scen,20,False,
20,random-32-32-20.map,planner,1,448,424,39,37,438,424,10669,0,0,False,random-32-32-20-random-13.scen,20,True,
20,random-32-32-20.map,planner,1,461,424,37,37,448,424,0,0,0,True,random-32-32-20-random-13.scen,20,False,opti
20,random-32-32-20.map,planner,1,448,424,39,37,438,424,10665,0,0,True,random-32-32-20-random-13.scen,20,True,opti
20,random-32-32-20.map,planner,1,461,424,37,37,448,424,0,0,4,True,random-32-32-20-random-13.scen,20,False,opti
20,random-32-32-20.map,planner,1,448,424,39,37,438,424,10635,0,4,True,random-32-32-20-random-13.scen,20,True,opti
20,random-32-32-20.map,planner,1,461,424,37,37,448,424,0,0,16,True,random-32-32-20-random-13.scen,20,False,opti
20,random-32-32-20.map,planner,1,448,424,39,37,438,424,10627,0,16,True,random-32-32-20-random-13.scen,20,True,opti
20,random-32-32-20.map,planner,1,461,424,37,37,448,424,0,0,64,True,random-32-32-20-random-13.scen,20,False,opti
20,random-32-32-20.map,planner,1,448,424,39,37,438,424,10633,0,64,True,random-32-32-20-random-13.scen,20,True,opti
100,random-32-32-20.map,planner,1,3126,2288,51,51,2827,2288,1,0,0,False,random-32-32-20-random-13.scen,100,False,
100,random-32-32-20.map,planner,1,3049,2288,53,51,2735,2288,10391,0,0,False,random-32-32-20-random-13.scen,100,True,
100,random-32-32-20.map,planner,1,3189,2288,54,51,2860,2288,1,0,0,True,random-32-32-20-random-13.scen,100,False,opti
100,random-32-32-20.map,planner,1,3065,2288,54,51,2782,2288,10433,0,0,True,random-32-32-20-random-13.scen,100,True,opti
100,random-32-32-20.map,planner,1,3163,2288,57,51,2870,2288,5,0,4,True,random-32-32-20-random-13.scen,100,False,opti
100,random-32-32-20.map,planner,1,3117,2288,58,51,2791,2288,10564,0,4,True,random-32-32-20-random-13.scen,100,True,opti
100,random-32-32-20.map,planner,1,3163,2288,57,51,2870,2288,4,0,16,True,random-32-32-20-random-13.scen,100,False,opti
100,random-32-32-20.map,planner,1,3082,2288,55,51,2810,2288,10546,0,16,True,random-32-32-20-random-13.scen,100,True,opti
100,random-32-32-20.map,planner,1,3163,2288,57,51,2870,2288,5,0,64,True,random-32-32-20-random-13.scen,100,False,opti
100,random-32-32-20.map,planner,1,3021,2288,55,51,2764,2288,10324,0,64,True,random-32-32-20-random-13.scen,100,True,opti
180,random-32-32-20.map,planner,1,6547,4047,55,51,5804,4047,3,0,0,False,random-32-32-20-random-13.scen,180,False,
180,random-32-32-20.map,planner,1,6547,4047,55,51,5804,4047,10679,0,0,False,random-32-32-20-random-13.scen,180,True,
180,random-32-32-20.map,planner,1,6809,4047,70,51,6065,4047,4,0,0,True,random-32-32-20-random-13.scen,180,False,opti
180,random-32-32-20.map,planner,1,6810,4047,59,51,5991,4047,10407,0,0,True,random-32-32-20-random-13.scen,180,True,opti
180,random-32-32-20.map,planner,1,6617,4047,64,51,5834,4047,30,0,4,True,random-32-32-20-random-13.scen,180,False,opti
180,random-32-32-20.map,planner,1,6698,4047,61,51,5842,4047,10736,0,4,True,random-32-32-20-random-13.scen,180,True,opti
180,random-32-32-20.map,planner,1,6734,4047,66,51,5924,4047,134,0,16,True,random-32-32-20-random-13.scen,180,False,opti
180,random-32-32-20.map,planner,1,6628,4047,66,51,5785,4047,10552,0,16,True,random-32-32-20-random-13.scen,180,True,opti
180,random-32-32-20.map,planner,1,6454,4047,59,51,5737,4047,314,0,64,True,random-32-32-20-random-13.scen,180,False,opti
180,random-32-32-20.map,planner,1,6529,4047,68,51,5820,4047,10146,0,64,True,random-32-32-20-random-13.scen,180,True,opti
260,random-32-32-20.map,planner,1,12515,5858,78,51,10776,5858,6,0,0,False,random-32-32-20-random-13.scen,260,False,
260,random-32-32-20.map,planner,1,11887,5858,69,51,10377,5858,10543,0,0,False,random-32-32-20-random-13.scen,260,True,
260,random-32-32-20.map,planner,1,13019,5858,102,51,10799,5858,53,0,0,True,random-32-32-20-random-13.scen,260,False,opti
260,random-32-32-20.map,planner,1,11701,5858,67,51,10329,5858,10526,0,0,True,random-32-32-20-random-13.scen,260,True,opti
260,random-32-32-20.map,planner,1,12693,5858,100,51,10766,5858,410,0,4,True,random-32-32-20-random-13.scen,260,False,opti
260,random-32-32-20.map,planner,1,11993,5858,88,51,10146,5858,10408,0,4,True,random-32-32-20-random-13.scen,260,True,opti
260,random-32-32-20.map,planner,1,12675,5858,95,51,10967,5858,578,0,16,True,random-32-32-20-random-13.scen,260,False,opti
260,random-32-32-20.map,planner,1,12012,5858,77,51,10287,5858,10044,0,16,True,random-32-32-20-random-13.scen,260,True,opti
260,random-32-32-20.map,planner,1,13088,5858,118,51,11122,5858,1279,0,64,True,random-32-32-20-random-13.scen,260,False,opti
260,random-32-32-20.map,planner,1,11707,5858,84,51,10090,5858,10266,0,64,True,random-32-32-20-random-13.scen,260,True,opti
20,random-32-32-20.map,planner,1,568,406,49,40,493,406,0,0,0,False,random-32-32-20-random-17.scen,20,False,
20,random-32-32-20.map,planner,1,445,406,40,40,432,406,10548,0,0,False,random-32-32-20-random-17.scen,20,True,
20,random-32-32-20.map,planner,1,568,406,49,40,493,406,0,0,0,True,random-32-32-20-random-17.scen,20,False,opti
20,random-32-32-20.map,planner,1,445,406,40,40,427,406,10392,0,0,True,random-32-32-20-random-17.scen,20,True,opti
20,random-32-32-20.map,planner,1,524,406,40,40,474,406,0,0,4,True,random-32-32-20-random-17.scen,20,False,opti
20,random-32-32-20.map,planner,1,445,406,40,40,429,406,10874,0,4,True,random-32-32-20-random-17.scen,20,True,opti
20,random-32-32-20.map,planner,1,524,406,40,40,474,406,0,0,16,True,random-32-32-20-random-17.scen,20,False,opti
20,random-32-32-20.map,planner,1,445,406,40,40,429,406,10858,0,16,True,random-32-32-20-random-17.scen,20,True,opti
20,random-32-32-20.map,planner,1,524,406,40,40,474,406,0,0,64,True,random-32-32-20-random-17.scen,20,False,opti
20,random-32-32-20.map,planner,1,445,406,40,40,429,406,10874,0,64,True,random-32-32-20-random-17.scen,20,True,opti
100,random-32-32-20.map,planner,1,3077,2056,46,46,2821,2056,1,0,0,False,random-32-32-20-random-17.scen,100,False,
100,random-32-32-20.map,planner,1,3091,2056,49,46,2679,2056,10184,0,0,False,random-32-32-20-random-17.scen,100,True,
100,random-32-32-20.map,planner,1,3217,2056,52,46,2877,2056,1,0,0,True,random-32-32-20-random-17.scen,100,False,opti
100,random-32-32-20.map,planner,1,3016,2056,49,46,2703,2056,10545,0,0,True,random-32-32-20-random-17.scen,100,True,opti
100,random-32-32-20.map,planner,1,3101,2056,58,46,2724,2056,2,0,4,True,random-32-32-20-random-17.scen,100,False,opti
100,random-32-32-20.map,planner,1,2882,2056,47,46,2600,2056,10921,0,4,True,random-32-32-20-random-17.scen,100,True,opti
100,random-32-32-20.map,planner,1,3101,2056,58,46,2724,2056,2,0,16,True,random-32-32-20-random-17.scen,100,False,opti
100,random-32-32-20.map,planner,1,3053,2056,52,46,2683,2056,10672,0,16,True,random-32-32-20-random-17.scen,100,True,opti
100,random-32-32-20.map,planner,1,3101,2056,58,46,2724,2056,2,0,64,True,random-32-32-20-random-17.scen,100,False,opti
100,random-32-32-20.map,planner,1,3053,2056,52,46,2683,2056,10638,0,64,True,random-32-32-20-random-17.scen,100,True,opti
180,random-32-32-20.map,planner,1,7833,4051,67,53,6791,4051,4,0,0,False,random-32-32-20-random-17.scen,180,False,
180,random-32-32-20.map,planner,1,7222,4051,62,53,6311,4051,10815,0,0,False,random-32-32-20-random-17.scen,180,True,
180,random-32-32-20.map,planner,1,7609,4051,64,53,6638,4051,4,0,0,True,random-32-32-20-random-17.scen,180,False,opti
180,random-32-32-20.map,planner,1,7609,4051,64,53,6638,4051,10163,0,0,True,random-32-32-20-random-17.scen,180,True,opti
180,random-32-32-20.map,planner,1,7689,4051,84,53,6604,4051,45,0,4,True,random-32-32-20-random-17.scen,180,False,opti
180,random-32-32-20.map,planner,1,7280,4051,68,53,6294,4051,10043,0,4,True,random-32-32-20-random-17.scen,180,True,opti
180,random-32-32-20.map,planner,1,7338,4051,66,53,6442,4051,182,0,16,True,random-32-32-20-random-17.scen,180,False,opti
180,random-32-32-20.map,planner,1,7623,4051,72,53,6545,4051,10220,0,16,True,random-32-32-20-random-17.scen,180,True,opti
180,random-32-32-20.map,planner,1,7497,4051,68,53,6496,4051,947,0,64,True,random-32-32-20-random-17.scen,180,False,opti
180,random-32-32-20.map,planner,1,7511,4051,70,53,6501,4051,10056,0,64,True,random-32-32-20-random-17.scen,180,True,opti
260,random-32-32-20.map,planner,1,14344,5826,96,53,11969,5826,7,0,0,False,random-32-32-20-random-17.scen,260,False,
260,random-32-32-20.map,planner,1,13371,5826,74,53,11236,5826,10505,0,0,False,random-32-32-20-random-17.scen,260,True,
260,random-32-32-20.map,planner,1,14070,5826,122,53,11722,5826,20,0,0,True,random-32-32-20-random-17.scen,260,False,opti
260,random-32-32-20.map,planner,1,13430,5826,94,53,11652,5826,10067,0,0,True,random-32-32-20-random-17.scen,260,True,opti
260,random-32-32-20.map,planner,1,13020,5826,101,53,11136,5826,97,0,4,True,random-32-32-20-random-17.scen,260,False,opti
260,random-32-32-20.map,planner,1,13875,5826,123,53,11548,5826,10331,0,4,True,random-32-32-20-random-17.scen,260,True,opti
260,random-32-32-20.map,planner,1,13151,5826,112,53,11176,5826,390,0,16,True,random-32-32-20-random-17.scen,260,False,opti
260,random-32-32-20.map,planner,1,14092,5826,127,53,11789,5826,10114,0,16,True,random-32-32-20-random-17.scen,260,True,opti
260,random-32-32-20.map,planner,1,16406,5826,159,53,12742,5826,1695,0,64,True,random-32-32-20-random-17.scen,260,False,opti
260,random-32-32-20.map,planner,1,14045,5826,98,53,11745,5826,10040,0,64,True,random-32-32-20-random-17.scen,260,True,opti
20,random-32-32-20.map,planner,1,464,400,45,45,447,400,0,0,0,False,random-32-32-20-random-9.scen,20,False,
20,random-32-32-20.map,planner,1,429,400,45,45,409,400,10557,0,0,False,random-32-32-20-random-9.scen,20,True,
20,random-32-32-20.map,planner,1,464,400,45,45,447,400,0,0,0,True,random-32-32-20-random-9.scen,20,False,opti
20,random-32-32-20.map,planner,1,429,400,45,45,409,400,10536,0,0,True,random-32-32-20-random-9.scen,20,True,opti
20,random-32-32-20.map,planner,1,455,400,45,45,438,400,0,0,4,True,random-32-32-20-random-9.scen,20,False,opti
20,random-32-32-20.map,planner,1,429,400,45,45,409,400,10388,0,4,True,random-32-32-20-random-9.scen,20,True,opti
20,random-32-32-20.map,planner,1,455,400,45,45,438,400,0,0,16,True,random-32-32-20-random-9.scen,20,False,opti
20,random-32-32-20.map,planner,1,429,400,45,45,409,400,10396,0,16,True,random-32-32-20-random-9.scen,20,True,opti
20,random-32-32-20.map,planner,1,455,400,45,45,438,400,0,0,64,True,random-32-32-20-random-9.scen,20,False,opti
20,random-32-32-20.map,planner,1,429,400,45,45,409,400,10385,0,64,True,random-32-32-20-random-9.scen,20,True,opti
100,random-32-32-20.map,planner,1,3430,2237,53,50,2966,2237,1,0,0,False,random-32-32-20-random-9.scen,100,False,
100,random-32-32-20.map,planner,1,3275,2237,51,50,2866,2237,11030,0,0,False,random-32-32-20-random-9.scen,100,True,
100,random-32-32-20.map,planner,1,3396,2237,75,50,2943,2237,14,0,0,True,random-32-32-20-random-9.scen,100,False,opti
100,random-32-32-20.map,planner,1,3292,2237,65,50,2870,2237,10227,0,0,True,random-32-32-20-random-9.scen,100,True,opti
100,random-32-32-20.map,planner,1,3439,2237,69,50,3051,2237,8,0,4,True,random-32-32-20-random-9.scen,100,False,opti
100,random-32-32-20.map,planner,1,3336,2237,61,50,2896,2237,10192,0,4,True,random-32-32-20-random-9.scen,100,True,opti
100,random-32-32-20.map,planner,1,3439,2237,69,50,3051,2237,8,0,16,True,random-32-32-20-random-9.scen,100,False,opti
100,random-32-32-20.map,planner,1,3336,2237,61,50,2896,2237,10159,0,16,True,random-32-32-20-random-9.scen,100,True,opti
100,random-32-32-20.map,planner,1,3439,2237,69,50,3051,2237,8,0,64,True,random-32-32-20-random-9.scen,100,False,opti
100,random-32-32-20.map,planner,1,3232,2237,63,50,2856,2237,10264,0,64,True,random-32-32-20-random-9.scen,100,True,opti
180,random-32-32-20.map,planner,1,7124,3995,58,50,6258,3995,3,0,0,False,random-32-32-20-random-9.scen,180,False,
180,random-32-32-20.map,planner,1,7050,3995,57,50,6198,3995,10053,0,0,False,random-32-32-20-random-9.scen,180,True,
180,random-32-32-20.map,planner,1,7441,3995,81,50,6524,3995,57,0,0,True,random-32-32-20-random-9.scen,180,False,opti
180,random-32-32-20.map,planner,1,7179,3995,81,50,6371,3995,10064,0,0,True,random-32-32-20-random-9.scen,180,True,opti
180,random-32-32-20.map,planner,1,8024,3995,94,50,6753,3995,64,0,4,True,random-32-32-20-random-9.scen,180,False,opti
180,random-32-32-20.map,planner,1,7301,3995,80,50,6355,3995,10481,0,4,True,random-32-32-20-random-9.scen,180,True,opti
180,random-32-32-20.map,planner,1,7303,3995,84,50,6288,3995,337,0,16,True,random-32-32-20-random-9.scen,180,False,opti
180,random-32-32-20.map,planner,1,7177,3995,79,50,6251,3995,10161,0,16,True,random-32-32-20-random-9.scen,180,True,opti
180,random-32-32-20.map,planner,1,7784,3995,93,50,6460,3995,586,0,64,True,random-32-32-20-random-9.scen,180,False,opti
180,random-32-32-20.map,planner,1,7433,3995,81,50,6247,3995,10110,0,64,True,random-32-32-20-random-9.scen,180,True,opti
260,random-32-32-20.map,planner,1,13123,5868,80,52,11193,5868,6,0,0,False,random-32-32-20-random-9.scen,260,False,
260,random-32-32-20.map,planner,1,12838,5868,81,52,10941,5868,10345,0,0,False,random-32-32-20-random-9.scen,260,True,
260,random-32-32-20.map,planner,1,13292,5868,94,52,11284,5868,168,0,0,True,random-32-32-20-random-9.scen,260,False,opti
260,random-32-32-20.map,planner,1,13253,5868,94,52,11278,5868,10311,0,0,True,random-32-32-20-random-9.scen,260,True,opti
260,random-32-32-20.map,planner,1,15012,5868,144,52,11973,5868,703,0,4,True,random-32-32-20-random-9.scen,260,False,opti
260,random-32-32-20.map,planner,1,13371,5868,113,52,11090,5868,10020,0,4,True,random-32-32-20-random-9.scen,260,True,opti
260,random-32-32-20.map,planner,1,13165,5868,115,52,11044,5868,432,0,16,True,random-32-32-20-random-9.scen,260,False,opti
260,random-32-32-20.map,planner,1,13349,5868,82,52,11202,5868,10286,0,16,True,random-32-32-20-random-9.scen,260,True,opti
260,random-32-32-20.map,planner,1,13273,5868,115,52,11284,5868,8374,0,64,True,random-32-32-20-random-9.scen,260,False,opti
260,random-32-32-20.map,planner,1,13215,5868,123,52,11135,5868,10140,0,64,True,random-32-32-20-random-9.scen,260,True,opti
20,random-32-32-20.map,planner,1,475,427,39,39,451,427,0,0,0,False,random-32-32-20-random-15.scen,20,False,
20,random-32-32-20.map,planner,1,475,427,39,39,451,427,10166,0,0,False,random-32-32-20-random-15.scen,20,True,
20,random-32-32-20.map,planner,1,475,427,39,39,451,427,0,0,0,True,random-32-32-20-random-15.scen,20,False,opti
20,random-32-32-20.map,planner,1,475,427,39,39,451,427,10165,0,0,True,random-32-32-20-random-15.scen,20,True,opti
20,random-32-32-20.map,planner,1,475,427,39,39,451,427,0,0,4,True,random-32-32-20-random-15.scen,20,False,opti
20,random-32-32-20.map,planner,1,433,427,40,39,433,427,10687,0,4,True,random-32-32-20-random-15.scen,20,True,opti
20,random-32-32-20.map,planner,1,475,427,39,39,451,427,0,0,16,True,random-32-32-20-random-15.scen,20,False,opti
20,random-32-32-20.map,planner,1,433,427,40,39,433,427,10686,0,16,True,random-32-32-20-random-15.scen,20,True,opti
20,random-32-32-20.map,planner,1,475,427,39,39,451,427,0,0,64,True,random-32-32-20-random-15.scen,20,False,opti
20,random-32-32-20.map,planner,1,433,427,40,39,433,427,10678,0,64,True,random-32-32-20-random-15.scen,20,True,opti
100,random-32-32-20.map,planner,1,3016,2135,46,41,2793,2135,1,0,0,False,random-32-32-20-random-15.scen,100,False,
100,random-32-32-20.map,planner,1,3016,2135,46,41,2793,2135,10731,0,0,False,random-32-32-20-random-15.scen,100,True,
100,random-32-32-20.map,planner,1,3127,2135,46,41,2818,2135,1,0,0,True,random-32-32-20-random-15.scen,100,False,opti
100,random-32-32-20.map,planner,1,3057,2135,43,41,2780,2135,11392,0,0,True,random-32-32-20-random-15.scen,100,True,opti
100,random-32-32-20.map,planner,1,3063,2135,49,41,2758,2135,3,0,4,True,random-32-32-20-random-15.scen,100,False,opti
100,random-32-32-20.map,planner,1,3063,2135,49,41,2758,2135,10469,0,4,True,random-32-32-20-random-15.scen,100,True,opti
100,random-32-32-20.map,planner,1,3168,2135,49,41,2831,2135,3,0,16,True,random-32-32-20-random-15.scen,100,False,opti
100,random-32-32-20.map,planner,1,3009,2135,46,41,2759,2135,10094,0,16,True,random-32-32-20-random-15.scen,100,True,opti
100,random-32-32-20.map,planner,1,3168,2135,49,41,2831,2135,3,0,64,True,random-32-32-20-random-15.scen,100,False,opti
100,random-32-32-20.map,planner,1,3009,2135,46,41,2759,2135,10094,0,64,True,random-32-32-20-random-15.scen,100,True,opti
180,random-32-32-20.map,planner,1,7071,4015,60,52,6397,4015,3,0,0,False,random-32-32-20-random-15.scen,180,False,
180,random-32-32-20.map,planner,1,7071,4015,60,52,6397,4015,10506,0,0,False,random-32-32-20-random-15.scen,180,True,
180,random-32-32-20.map,planner,1,7608,4015,67,52,6613,4015,4,0,0,True,random-32-32-20-random-15.scen,180,False,opti
180,random-32-32-20.map,planner,1,7372,4015,76,52,6441,4015,10743,0,0,True,random-32-32-20-random-15.scen,180,True,opti
180,random-32-32-20.map,planner,1,7997,4015,83,52,6709,4015,63,0,4,True,random-32-32-20-random-15.scen,180,False,opti
180,random-32-32-20.map,planner,1,7279,4015,72,52,6337,4015,10019,0,4,True,random-32-32-20-random-15.scen,180,True,opti
180,random-32-32-20.map,planner,1,6863,4015,58,52,6233,4015,209,0,16,True,random-32-32-20-random-15.scen,180,False,opti
180,random-32-32-20.map,planner,1,7126,4015,67,52,6264,4015,10201,0,16,True,random-32-32-20-random-15.scen,180,True,opti
180,random-32-32-20.map,planner,1,7722,4015,80,52,6670,4015,616,0,64,True,random-32-32-20-random-15.scen,180,False,opti
180,random-32-32-20.map,planner,1,7059,4015,64,52,6273,4015,10103,0,64,True,random-32-32-20-random-15.scen,180,True,opti
260,random-32-32-20.map,planner,1,14169,5829,84,52,11999,5829,6,0,0,False,random-32-32-20-random-15.scen,260,False,
260,random-32-32-20.map,planner,1,14016,5829,81,52,11799,5829,10644,0,0,False,random-32-32-20-random-15.scen,260,True,
260,random-32-32-20.map,planner,1,14383,5829,106,52,12320,5829,10,0,0,True,random-32-32-20-random-15.scen,260,False,opti
260,random-32-32-20.map,planner,1,14496,5829,98,52,12121,5829,10141,0,0,True,random-32-32-20-random-15.scen,260,True,opti
260,random-32-32-20.map,planner,1,14241,5829,117,52,11946,5829,114,0,4,True,random-32-32-20-random-15.scen,260,False,opti
260,random-32-32-20.map,planner,1,13610,5829,115,52,11589,5829,10361,0,4,True,random-32-32-20-random-15.scen,260,True,opti
260,random-32-32-20.map,planner,1,13906,5829,115,52,11711,5829,400,0,16,True,random-32-32-20-random-15.scen,260,False,opti
260,random-32-32-20.map,planner,1,13278,5829,90,52,11437,5829,10319,0,16,True,random-32-32-20-random-15.scen,260,True,opti
260,random-32-32-20.map,planner,1,14625,5829,120,52,12121,5829,1572,0,64,True,random-32-32-20-random-15.scen,260,False,opti
260,random-32-32-20.map,planner,1,14167,5829,112,52,11775,5829,10203,0,64,True,random-32-32-20-random-15.scen,260,True,opti
20,random-32-32-20.map,planner,1,467,395,37,37,417,395,0,0,0,False,random-32-32-20-random-7.scen,20,False,
20,random-32-32-20.map,planner,1,437,395,39,37,415,395,10344,0,0,False,random-32-32-20-random-7.scen,20,True,
20,random-32-32-20.map,planner,1,467,395,37,37,417,395,0,0,0,True,random-32-32-20-random-7.scen,20,False,opti
20,random-32-32-20.map,planner,1,437,395,39,37,415,395,10334,0,0,True,random-32-32-20-random-7.scen,20,True,opti
20,random-32-32-20.map,planner,1,467,395,37,37,417,395,0,0,4,True,random-32-32-20-random-7.scen,20,False,opti
20,random-32-32-20.map,planner,1,437,395,39,37,415,395,10325,0,4,True,random-32-32-20-random-7.scen,20,True,opti
20,random-32-32-20.map,planner,1,467,395,37,37,417,395,0,0,16,True,random-32-32-20-random-7.scen,20,False,opti
20,random-32-32-20.map,planner,1,437,395,39,37,415,395,10326,0,16,True,random-32-32-20-random-7.scen,20,True,opti
20,random-32-32-20.map,planner,1,467,395,37,37,417,395,0,0,64,True,random-32-32-20-random-7.scen,20,False,opti
20,random-32-32-20.map,planner,1,437,395,39,37,415,395,10324,0,64,True,random-32-32-20-random-7.scen,20,True,opti
100,random-32-32-20.map,planner,1,3301,2163,54,47,2868,2163,1,0,0,False,random-32-32-20-random-7.scen,100,False,
100,random-32-32-20.map,planner,1,3154,2163,49,47,2773,2163,10719,0,0,False,random-32-32-20-random-7.scen,100,True,
100,random-32-32-20.map,planner,1,3164,2163,50,47,2798,2163,1,0,0,True,random-32-32-20-random-7.scen,100,False,opti
100,random-32-32-20.map,planner,1,3101,2163,52,47,2785,2163,10594,0,0,True,random-32-32-20-random-7.scen,100,True,opti
100,random-32-32-20.map,planner,1,3173,2163,50,47,2784,2163,2,0,4,True,random-32-32-20-random-7.scen,100,False,opti
100,random-32-32-20.map,planner,1,3150,2163,48,47,2768,2163,10296,0,4,True,random-32-32-20-random-7.scen,100,True,opti
100,random-32-32-20.map,planner,1,3173,2163,50,47,2784,2163,2,0,16,True,random-32-32-20-random-7.scen,100,False,opti
100,random-32-32-20.map,planner,1,3173,2163,50,47,2784,2163,10244,0,16,True,random-32-32-20-random-7.scen,100,True,opti
100,random-32-32-20.map,planner,1,3173,2163,50,47,2784,2163,2,0,64,True,random-32-32-20-random-7.scen,100,False,opti
100,random-32-32-20.map,planner,1,3173,2163,50,47,2784,2163,10289,0,64,True,random-32-32-20-random-7.scen,100,True,opti
180,random-32-32-20.map,planner,1,6770,3841,62,48,5953,3841,3,0,0,False,random-32-32-20-random-7.scen,180,False,
180,random-32-32-20.map,planner,1,6770,3841,62,48,5953,3841,10793,0,0,False,random-32-32-20-random-7.scen,180,True,
180,random-32-32-20.map,planner,1,6574,3841,59,48,5943,3841,3,0,0,True,random-32-32-20-random-7.scen,180,False,opti
180,random-32-32-20.map,planner,1,6448,3841,65,48,5793,3841,10327,0,0,True,random-32-32-20-random-7.scen,180,True,opti
180,random-32-32-20.map,planner,1,6580,3841,66,48,5848,3841,47,0,4,True,random-32-32-20-random-7.scen,180,False,opti
180,random-32-32-20.map,planner,1,6659,3841,59,48,5842,3841,10649,0,4,True,random-32-32-20-random-7.scen,180,True,opti
180,random-32-32-20.map,planner,1,6703,3841,56,48,5992,3841,157,0,16,True,random-32-32-20-random-7.scen,180,False,opti
180,random-32-32-20.map,planner,1,6510,3841,58,48,5762,3841,10448,0,16,True,random-32-32-20-random-7.scen,180,True,opti
180,random-32-32-20.map,planner,1,6665,3841,59,48,5867,3841,559,0,64,True,random-32-32-20-random-7.scen,180,False,opti
180,random-32-32-20.map,planner,1,6765,3841,61,48,5885,3841,10306,0,64,True,random-32-32-20-random-7.scen,180,True,opti
260,random-32-32-20.map,planner,1,13524,5797,81,56,11548,5797,6,0,0,False,random-32-32-20-random-7.scen,260,False,
260,random-32-32-20.map,planner,1,13524,5797,81,56,11548,5797,10529,0,0,False,random-32-32-20-random-7.scen,260,True,
260,random-32-32-20.map,planner,1,12992,5797,73,56,11232,5797,7,0,0,True,random-32-32-20-random-7.scen,260,False,opti
260,random-32-32-20.map,planner,1,12992,5797,73,56,11232,5797,10519,0,0,True,random-32-32-20-random-7.scen,260,True,opti
260,random-32-32-20.map,planner,1,14230,5797,128,56,11809,5797,115,0,4,True,random-32-32-20-random-7.scen,260,False,opti
260,random-32-32-20.map,planner,1,14038,5797,108,56,11350,5797,10085,0,4,True,random-32-32-20-random-7.scen,260,True,opti
260,random-32-32-20.map,planner,1,14328,5797,111,56,11741,5797,389,0,16,True,random-32-32-20-random-7.scen,260,False,opti
260,random-32-32-20.map,planner,1,13109,5797,107,56,11162,5797,10194,0,16,True,random-32-32-20-random-7.scen,260,True,opti
260,random-32-32-20.map,planner,1,13955,5797,123,56,11619,5797,1509,0,64,True,random-32-32-20-random-7.scen,260,False,opti
260,random-32-32-20.map,planner,1,13181,5797,101,56,11161,5797,10093,0,64,True,random-32-32-20-random-7.scen,260,True,opti
20,random-32-32-20.map,planner,1,446,432,38,38,446,432,0,0,0,False,random-32-32-20-random-14.scen,20,False,
20,random-32-32-20.map,planner,1,440,432,40,38,440,432,10398,0,0,False,random-32-32-20-random-14.scen,20,True,
20,random-32-32-20.map,planner,1,446,432,38,38,446,432,0,0,0,True,random-32-32-20-random-14.scen,20,False,opti
20,random-32-32-20.map,planner,1,440,432,40,38,440,432,10408,0,0,True,random-32-32-20-random-14.scen,20,True,opti
20,random-32-32-20.map,planner,1,446,432,38,38,446,432,0,0,4,True,random-32-32-20-random-14.scen,20,False,opti
20,random-32-32-20.map,planner,1,436,432,38,38,436,432,11218,0,4,True,random-32-32-20-random-14.scen,20,True,opti
20,random-32-32-20.map,planner,1,446,432,38,38,446,432,0,0,16,True,random-32-32-20-random-14.scen,20,False,opti
20,random-32-32-20.map,planner,1,436,432,38,38,436,432,11239,0,16,True,random-32-32-20-random-14.scen,20,True,opti
20,random-32-32-20.map,planner,1,446,432,38,38,446,432,0,0,64,True,random-32-32-20-random-14.scen,20,False,opti
20,random-32-32-20.map,planner,1,436,432,38,38,436,432,11147,0,64,True,random-32-32-20-random-14.scen,20,True,opti
100,random-32-32-20.map,planner,1,3029,2212,44,44,2752,2212,1,0,0,False,random-32-32-20-random-14.scen,100,False,
100,random-32-32-20.map,planner,1,2965,2212,45,44,2751,2212,11447,0,0,False,random-32-32-20-random-14.scen,100,True,
100,random-32-32-20.map,planner,1,3040,2212,44,44,2805,2212,1,0,0,True,random-32-32-20-random-14.scen,100,False,opti
100,random-32-32-20.map,planner,1,2875,2212,45,44,2652,2212,10937,0,0,True,random-32-32-20-random-14.scen,100,True,opti
100,random-32-32-20.map,planner,1,2976,2212,47,44,2726,2212,2,0,4,True,random-32-32-20-random-14.scen,100,False,opti
100,random-32-32-20.map,planner,1,2912,2212,46,44,2694,2212,10303,0,4,True,random-32-32-20-random-14.scen,100,True,opti
100,random-32-32-20.map,planner,1,2976,2212,47,44,2726,2212,2,0,16,True,random-32-32-20-random-14.scen,100,False,opti
100,random-32-32-20.map,planner,1,2912,2212,46,44,2694,2212,10322,0,16,True,random-32-32-20-random-14.scen,100,True,opti
100,random-32-32-20.map,planner,1,2976,2212,47,44,2726,2212,2,0,64,True,random-32-32-20-random-14.scen,100,False,opti
100,random-32-32-20.map,planner,1,2912,2212,46,44,2694,2212,10293,0,64,True,random-32-32-20-random-14.scen,100,True,opti
180,random-32-32-20.map,planner,1,7043,4079,66,54,6182,4079,8,0,0,False,random-32-32-20-random-14.scen,180,False,
180,random-32-32-20.map,planner,1,6720,4079,59,54,5928,4079,10957,0,0,False,random-32-32-20-random-14.scen,180,True,
180,random-32-32-20.map,planner,1,6938,4079,70,54,6080,4079,4,0,0,True,random-32-32-20-random-14.scen,180,False,opti
180,random-32-32-20.map,planner,1,6918,4079,68,54,6076,4079,10328,0,0,True,random-32-32-20-random-14.scen,180,True,opti
180,random-32-32-20.map,planner,1,6882,4079,78,54,6039,4079,29,0,4,True,random-32-32-20-random-14.scen,180,False,opti
180,random-32-32-20.map,planner,1,6744,4079,60,54,5908,4079,10748,0,4,True,random-32-32-20-random-14.scen,180,True,opti
180,random-32-32-20.map,planner,1,6852,4079,59,54,6098,4079,107,0,16,True,random-32-32-20-random-14.scen,180,False,opti
180,random-32-32-20.map,planner,1,6529,4079,57,54,5840,4079,10621,0,16,True,random-32-32-20-random-14.scen,180,True,opti
180,random-32-32-20.map,planner,1,6664,4079,69,54,5911,4079,407,0,64,True,random-32-32-20-random-14.scen,180,False,opti
180,random-32-32-20.map,planner,1,6615,4079,60,54,5755,4079,10575,0,64,True,random-32-32-20-random-14.scen,180,True,opti
260,random-32-32-20.map,planner,1,11931,5769,70,54,10407,5769,5,0,0,False,random-32-32-20-random-14.scen,260,False,
260,random-32-32-20.map,planner,1,11597,5769,68,54,10082,5769,10578,0,0,False,random-32-32-20-random-14.scen,260,True,
260,random-32-32-20.map,planner,1,11989,5769,92,54,10250,5769,34,0,0,True,random-32-32-20-random-14.scen,260,False,opti
260,random-32-32-20.map,planner,1,12005,5769,93,54,10244,5769,10102,0,0,True,random-32-32-20-random-14.scen,260,True,opti
260,random-32-32-20.map,planner,1,11421,5769,92,54,9806,5769,1194,0,4,True,random-32-32-20-random-14.scen,260,False,opti
260,random-32-32-20.map,planner,1,12212,5769,112,54,10059,5769,10282,0,4,True,random-32-32-20-random-14.scen,260,True,opti
260,random-32-32-20.map,planner,1,11911,5769,95,54,10115,5769,1844,0,16,True,random-32-32-20-random-14.scen,260,False,opti
260,random-32-32-20.map,planner,1,11982,5769,95,54,10163,5769,10034,0,16,True,random-32-32-20-random-14.scen,260,True,opti
260,random-32-32-20.map,planner,0,0,5769,0,54,0,5769,10017,0,64,True,random-32-32-20-random-14.scen,260,False,opti
260,random-32-32-20.map,planner,1,12105,5769,103,54,10231,5769,10072,0,64,True,random-32-32-20-random-14.scen,260,True,opti
20,random-32-32-20.map,planner,1,522,489,51,51,516,489,0,0,0,False,random-32-32-20-random-18.scen,20,False,
20,random-32-32-20.map,planner,1,504,489,51,51,504,489,11209,0,0,False,random-32-32-20-random-18.scen,20,True,
20,random-32-32-20.map,planner,1,522,489,51,51,516,489,0,0,0,True,random-32-32-20-random-18.scen,20,False,opti
20,random-32-32-20.map,planner,1,504,489,51,51,504,489,11131,0,0,True,random-32-32-20-random-18.scen,20,True,opti
20,random-32-32-20.map,planner,1,522,489,51,51,516,489,0,0,4,True,random-32-32-20-random-18.scen,20,False,opti
20,random-32-32-20.map,planner,1,507,489,51,51,504,489,10554,0,4,True,random-32-32-20-random-18.scen,20,True,opti
20,random-32-32-20.map,planner,1,522,489,51,51,516,489,0,0,16,True,random-32-32-20-random-18.scen,20,False,opti
20,random-32-32-20.map,planner,1,507,489,51,51,504,489,10496,0,16,True,random-32-32-20-random-18.scen,20,True,opti
20,random-32-32-20.map,planner,1,522,489,51,51,516,489,0,0,64,True,random-32-32-20-random-18.scen,20,False,opti
20,random-32-32-20.map,planner,1,507,489,51,51,504,489,10530,0,64,True,random-32-32-20-random-18.scen,20,True,opti
100,random-32-32-20.map,planner,1,3138,2157,51,51,2692,2157,1,0,0,False,random-32-32-20-random-18.scen,100,False,
100,random-32-32-20.map,planner,1,3110,2157,51,51,2690,2157,10348,0,0,False,random-32-32-20-random-18.scen,100,True,
100,random-32-32-20.map,planner,1,3138,2157,51,51,2692,2157,1,0,0,True,random-32-32-20-random-18.scen,100,False,opti
100,random-32-32-20.map,planner,1,3156,2157,53,51,2688,2157,10543,0,0,True,random-32-32-20-random-18.scen,100,True,opti
100,random-32-32-20.map,planner,1,3155,2157,53,51,2695,2157,2,0,4,True,random-32-32-20-random-18.scen,100,False,opti
100,random-32-32-20.map,planner,1,3151,2157,53,51,2691,2157,10313,0,4,True,random-32-32-20-random-18.scen,100,True,opti
100,random-32-32-20.map,planner,1,3155,2157,53,51,2695,2157,2,0,16,True,random-32-32-20-random-18.scen,100,False,opti
100,random-32-32-20.map,planner,1,3151,2157,53,51,2691,2157,10323,0,16,True,random-32-32-20-random-18.scen,100,True,opti
100,random-32-32-20.map,planner,1,3155,2157,53,51,2695,2157,2,0,64,True,random-32-32-20-random-18.scen,100,False,opti
100,random-32-32-20.map,planner,1,3151,2157,53,51,2691,2157,10296,0,64,True,random-32-32-20-random-18.scen,100,True,opti
180,random-32-32-20.map,planner,1,6677,3973,65,51,6013,3973,3,0,0,False,random-32-32-20-random-18.scen,180,False,
180,random-32-32-20.map,planner,1,6502,3973,58,51,5871,3973,10452,0,0,False,random-32-32-20-random-18.scen,180,True,
180,random-32-32-20.map,planner,1,6735,3973,58,51,6024,3973,4,0,0,True,random-32-32-20-random-18.scen,180,False,opti
180,random-32-32-20.map,planner,1,6565,3973,53,51,5901,3973,10440,0,0,True,random-32-32-20-random-18.scen,180,True,opti
180,random-32-32-20.map,planner,1,6603,3973,58,51,5849,3973,27,0,4,True,random-32-32-20-random-18.scen,180,False,opti
180,random-32-32-20.map,planner,1,6534,3973,63,51,5781,3973,10383,0,4,True,random-32-32-20-random-18.scen,180,True,opti
180,random-32-32-20.map,planner,1,6688,3973,63,51,5928,3973,118,0,16,True,random-32-32-20-random-18.scen,180,False,opti
180,random-32-32-20.map,planner,1,6426,3973,55,51,5744,3973,10536,0,16,True,random-32-32-20-random-18.scen,180,True,opti
180,random-32-32-20.map,planner,1,6795,3973,63,51,5993,3973,368,0,64,True,random-32-32-20-random-18.scen,180,False,opti
180,random-32-32-20.map,planner,1,6551,3973,65,51,5844,3973,10133,0,64,True,random-32-32-20-random-18.scen,180,True,opti
260,random-32-32-20.map,planner,1,13715,5798,78,51,11557,5798,6,0,0,False,random-32-32-20-random-18.scen,260,False,
260,random-32-32-20.map,planner,1,12643,5798,87,51,10920,5798,10466,0,0,False,random-32-32-20-random-18.scen,260,True,
260,random-32-32-20.map,planner,1,13523,5798,120,51,11432,5798,65,0,0,True,random-32-32-20-random-18.scen,260,False,opti
260,random-32-32-20.map,planner,1,12733,5798,87,51,11192,5798,10544,0,0,True,random-32-32-20-random-18.scen,260,True,opti
260,random-32-32-20.map,planner,1,13722,5798,130,51,11584,5798,1002,0,4,True,random-32-32-20-random-18.scen,260,False,opti
260,random-32-32-20.map,planner,1,13107,5798,93,51,11328,5798,10242,0,4,True,random-32-32-20-random-18.scen,260,True,opti
260,random-32-32-20.map,planner,1,13598,5798,147,51,11440,5798,408,0,16,True,random-32-32-20-random-18.scen,260,False,opti
260,random-32-32-20.map,planner,1,12784,5798,98,51,10712,5798,10065,0,16,True,random-32-32-20-random-18.scen,260,True,opti
260,random-32-32-20.map,planner,1,12935,5798,110,51,11090,5798,6045,0,64,True,random-32-32-20-random-18.scen,260,False,opti
260,random-32-32-20.map,planner,1,13460,5798,116,51,11297,5798,10092,0,64,True,random-32-32-20-random-18.scen,260,True,opti
20,random-32-32-20.map,planner,1,513,482,43,43,505,482,0,0,0,False,random-32-32-20-random-23.scen,20,False,
20,random-32-32-20.map,planner,1,484,482,43,43,484,482,11275,0,0,False,random-32-32-20-random-23.scen,20,True,
20,random-32-32-20.map,planner,1,513,482,43,43,505,482,0,0,0,True,random-32-32-20-random-23.scen,20,False,opti
20,random-32-32-20.map,planner,1,484,482,43,43,484,482,11306,0,0,True,random-32-32-20-random-23.scen,20,True,opti
20,random-32-32-20.map,planner,1,513,482,43,43,505,482,0,0,4,True,random-32-32-20-random-23.scen,20,False,opti
20,random-32-32-20.map,planner,1,484,482,43,43,484,482,11337,0,4,True,random-32-32-20-random-23.scen,20,True,opti
20,random-32-32-20.map,planner,1,513,482,43,43,505,482,0,0,16,True,random-32-32-20-random-23.scen,20,False,opti
20,random-32-32-20.map,planner,1,484,482,43,43,484,482,11321,0,16,True,random-32-32-20-random-23.scen,20,True,opti
20,random-32-32-20.map,planner,1,513,482,43,43,505,482,0,0,64,True,random-32-32-20-random-23.scen,20,False,opti
20,random-32-32-20.map,planner,1,484,482,43,43,484,482,11342,0,64,True,random-32-32-20-random-23.scen,20,True,opti
100,random-32-32-20.map,planner,1,3431,2277,57,49,3010,2277,2,0,0,False,random-32-32-20-random-23.scen,100,False,
100,random-32-32-20.map,planner,1,3497,2277,60,49,2999,2277,10340,0,0,False,random-32-32-20-random-23.scen,100,True,
100,random-32-32-20.map,planner,1,3429,2277,56,49,3026,2277,2,0,0,True,random-32-32-20-random-23.scen,100,False,opti
100,random-32-32-20.map,planner,1,3511,2277,57,49,2963,2277,10557,0,0,True,random-32-32-20-random-23.scen,100,True,opti
100,random-32-32-20.map,planner,1,3481,2277,54,49,3026,2277,15,0,4,True,random-32-32-20-random-23.scen,100,False,opti
100,random-32-32-20.map,planner,1,3374,2277,52,49,2958,2277,10107,0,4,True,random-32-32-20-random-23.scen,100,True,opti
100,random-32-32-20.map,planner,1,3664,2277,76,49,3110,2277,28,0,16,True,random-32-32-20-random-23.scen,100,False,opti
100,random-32-32-20.map,planner,1,3217,2277,51,49,2878,2277,10221,0,16,True,random-32-32-20-random-23.scen,100,True,opti
100,random-32-32-20.map,planner,1,3435,2277,53,49,3003,2277,118,0,64,True,random-32-32-20-random-23.scen,100,False,opti
100,random-32-32-20.map,planner,1,3227,2277,50,49,2851,2277,11131,0,64,True,random-32-32-20-random-23.scen,100,True,opti
180,random-32-32-20.map,planner,1,7404,4013,59,49,6315,4013,3,0,0,False,random-32-32-20-random-23.scen,180,False,
180,random-32-32-20.map,planner,1,7404,4013,59,49,6315,4013,10101,0,0,False,random-32-32-20-random-23.scen,180,True,
180,random-32-32-20.map,planner,1,7211,4013,65,49,6284,4013,4,0,0,True,random-32-32-20-random-23.scen,180,False,opti
180,random-32-32-20.map,planner,1,7211,4013,65,49,6284,4013,10785,0,0,True,random-32-32-20-random-23.scen,180,True,opti
180,random-32-32-20.map,planner,1,7587,4013,68,49,6475,4013,56,0,4,True,random-32-32-20-random-23.scen,180,False,opti
180,random-32-32-20.map,planner,1,7462,4013,69,49,6335,4013,10218,0,4,True,random-32-32-20-random-23.scen,180,True,opti
180,random-32-32-20.map,planner,1,7416,4013,80,49,6320,4013,165,0,16,True,random-32-32-20-random-23.scen,180,False,opti
180,random-32-32-20.map,planner,1,7137,4013,74,49,6208,4013,10153,0,16,True,random-32-32-20-random-23.scen,180,True,opti
180,random-32-32-20.map,planner,1,7295,4013,59,49,6272,4013,689,0,64,True,random-32-32-20-random-23.scen,180,False,opti
180,random-32-32-20.map,planner,1,7127,4013,68,49,6156,4013,10169,0,64,True,random-32-32-20-random-23.scen,180,True,opti
260,random-32-32-20.map,planner,1,12914,5847,75,51,11314,5847,6,0,0,False,random-32-32-20-random-23.scen,260,False,
260,random-32-32-20.map,planner,1,13313,5847,75,51,11308,5847,10681,0,0,False,random-32-32-20-random-23.scen,260,True,
260,random-32-32-20.map,planner,1,13298,5847,80,51,11412,5847,12,0,0,True,random-32-32-20-random-23.scen,260,False,opti
260,random-32-32-20.map,planner,1,13298,5847,80,51,11412,5847,10578,0,0,True,random-32-32-20-random-23.scen,260,True,opti
260,random-32-32-20.map,planner,1,14445,5847,118,51,11689,5847,113,0,4,True,random-32-32-20-random-23.scen,260,False,opti
260,random-32-32-20.map,planner,1,13485,5847,103,51,11340,5847,10219,0,4,True,random-32-32-20-random-23.scen,260,True,opti
260,random-32-32-20.map,planner,1,13491,5847,86,51,11257,5847,440,0,16,True,random-32-32-20-random-23.scen,260,False,opti
260,random-32-32-20.map,planner,1,13666,5847,102,51,11306,5847,10291,0,16,True,random-32-32-20-random-23.scen,260,True,opti
260,random-32-32-20.map,planner,1,14899,5847,146,51,11651,5847,1878,0,64,True,random-32-32-20-random-23.scen,260,False,opti
260,random-32-32-20.map,planner,1,12933,5847,93,51,10815,5847,10008,0,64,True,random-32-32-20-random-23.scen,260,True,opti
20,random-32-32-20.map,planner,1,590,574,48,48,589,574,0,0,0,False,random-32-32-20-random-5.scen,20,False,
20,random-32-32-20.map,planner,1,586,574,48,48,586,574,10666,0,0,False,random-32-32-20-random-5.scen,20,True,
20,random-32-32-20.map,planner,1,590,574,48,48,589,574,0,0,0,True,random-32-32-20-random-5.scen,20,False,opti
20,random-32-32-20.map,planner,1,583,574,50,48,583,574,10745,0,0,True,random-32-32-20-random-5.scen,20,True,opti
20,random-32-32-20.map,planner,1,590,574,48,48,589,574,0,0,4,True,random-32-32-20-random-5.scen,20,False,opti
20,random-32-32-20.map,planner,1,586,574,48,48,585,574,10876,0,4,True,random-32-32-20-random-5.scen,20,True,opti
20,random-32-32-20.map,planner,1,590,574,48,48,589,574,0,0,16,True,random-32-32-20-random-5.scen,20,False,opti
20,random-32-32-20.map,planner,1,586,574,48,48,585,574,10880,0,16,True,random-32-32-20-random-5.scen,20,True,opti
20,random-32-32-20.map,planner,1,590,574,48,48,589,574,0,0,64,True,random-32-32-20-random-5.scen,20,False,opti
20,random-32-32-20.map,planner,1,586,574,48,48,585,574,10896,0,64,True,random-32-32-20-random-5.scen,20,True,opti
100,random-32-32-20.map,planner,1,3118,2306,51,48,2881,2306,1,0,0,False,random-32-32-20-random-5.scen,100,False,
100,random-32-32-20.map,planner,1,3112,2306,49,48,2871,2306,10835,0,0,False,random-32-32-20-random-5.scen,100,True,
100,random-32-32-20.map,planner,1,3147,2306,51,48,2896,2306,1,0,0,True,random-32-32-20-random-5.scen,100,False,opti
100,random-32-32-20.map,planner,1,3147,2306,51,48,2896,2306,10165,0,0,True,random-32-32-20-random-5.scen,100,True,opti
100,random-32-32-20.map,planner,1,3247,2306,57,48,2926,2306,4,0,4,True,random-32-32-20-random-5.scen,100,False,opti
100,random-32-32-20.map,planner,1,3247,2306,57,48,2926,2306,10779,0,4,True,random-32-32-20-random-5.scen,100,True,opti
100,random-32-32-20.map,planner,1,3247,2306,57,48,2926,2306,5,0,16,True,random-32-32-20-random-5.scen,100,False,opti
100,random-32-32-20.map,planner,1,3247,2306,57,48,2926,2306,10512,0,16,True,random-32-32-20-random-5.scen,100,True,opti
100,random-32-32-20.map,planner,1,3247,2306,57,48,2926,2306,5,0,64,True,random-32-32-20-random-5.scen,100,False,opti
100,random-32-32-20.map,planner,1,3062,2306,50,48,2845,2306,10253,0,64,True,random-32-32-20-random-5.scen,100,True,opti
180,random-32-32-20.map,planner,1,7877,4172,75,58,6814,4172,4,0,0,False,random-32-32-20-random-5.scen,180,False,
180,random-32-32-20.map,planner,1,7160,4172,60,58,6362,4172,10159,0,0,False,random-32-32-20-random-5.scen,180,True,
180,random-32-32-20.map,planner,1,7983,4172,79,58,6976,4172,47,0,0,True,random-32-32-20-random-5.scen,180,False,opti
180,random-32-32-20.map,planner,1,7684,4172,73,58,6782,4172,10378,0,0,True,random-32-32-20-random-5.scen,180,True,opti
180,random-32-32-20.map,planner,1,7625,4172,80,58,6642,4172,293,0,4,True,random-32-32-20-random-5.scen,180,False,opti
180,random-32-32-20.map,planner,1,7487,4172,79,58,6429,4172,10102,0,4,True,random-32-32-20-random-5.scen,180,True,opti
180,random-32-32-20.map,planner,1,7028,4172,61,58,6332,4172,168,0,16,True,random-32-32-20-random-5.scen,180,False,opti
180,random-32-32-20.map,planner,1,7775,4172,92,58,6559,4172,10212,0,16,True,random-32-32-20-random-5.scen,180,True,opti
180,random-32-32-20.map,planner,1,7494,4172,67,58,6610,4172,3343,0,64,True,random-32-32-20-random-5.scen,180,False,opti
180,random-32-32-20.map,planner,1,7331,4172,67,58,6434,4172,10396,0,64,True,random-32-32-20-random-5.scen,180,True,opti
260,random-32-32-20.map,planner,1,13692,6045,87,58,11777,6045,6,0,0,False,random-32-32-20-random-5.scen,260,False,
260,random-32-32-20.map,planner,1,13675,6045,86,58,11773,6045,10361,0,0,False,random-32-32-20-random-5.scen,260,True,
260,random-32-32-20.map,planner,1,13666,6045,91,58,11995,6045,269,0,0,True,random-32-32-20-random-5.scen,260,False,opti
260,random-32-32-20.map,planner,1,13666,6045,91,58,11995,6045,10121,0,0,True,random-32-32-20-random-5.scen,260,True,opti
260,random-32-32-20.map,planner,1,14994,6045,108,58,12419,6045,1230,0,4,True,random-32-32-20-random-5.scen,260,False,opti
260,random-32-32-20.map,planner,1,15064,6045,128,58,12672,6045,10105,0,4,True,random-32-32-20-random-5.scen,260,True,opti
260,random-32-32-20.map,planner,1,14741,6045,118,58,12042,6045,8953,0,16,True,random-32-32-20-random-5.scen,260,False,opti
260,random-32-32-20.map,planner,1,15244,6045,124,58,12764,6045,10021,0,16,True,random-32-32-20-random-5.scen,260,True,opti
260,random-32-32-20.map,planner,0,0,6045,0,58,0,6045,10007,0,64,True,random-32-32-20-random-5.scen,260,False,opti
260,random-32-32-20.map,planner,0,0,6045,0,58,0,6045,10014,0,64,True,random-32-32-20-random-5.scen,260,True,opti
20,random-32-32-20.map,planner,1,447,438,39,39,447,438,0,0,0,False,random-32-32-20-random-8.scen,20,False,
20,random-32-32-20.map,planner,1,444,438,39,39,444,438,10615,0,0,False,random-32-32-20-random-8.scen,20,True,
20,random-32-32-20.map,planner,1,447,438,39,39,447,438,0,0,0,True,random-32-32-20-random-8.scen,20,False,opti
20,random-32-32-20.map,planner,1,444,438,39,39,444,438,10584,0,0,True,random-32-32-20-random-8.scen,20,True,opti
20,random-32-32-20.map,planner,1,447,438,39,39,447,438,0,0,4,True,random-32-32-20-random-8.scen,20,False,opti
20,random-32-32-20.map,planner,1,444,438,39,39,444,438,10601,0,4,True,random-32-32-20-random-8.scen,20,True,opti
20,random-32-32-20.map,planner,1,447,438,39,39,447,438,0,0,16,True,random-32-32-20-random-8.scen,20,False,opti
20,random-32-32-20.map,planner,1,444,438,39,39,444,438,10628,0,16,True,random-32-32-20-random-8.scen,20,True,opti
20,random-32-32-20.map,planner,1,447,438,39,39,447,438,0,0,64,True,random-32-32-20-random-8.scen,20,False,opti
20,random-32-32-20.map,planner,1,444,438,39,39,444,438,10622,0,64,True,random-32-32-20-random-8.scen,20,True,opti
100,random-32-32-20.map,planner,1,3210,2246,47,43,2871,2246,1,0,0,False,random-32-32-20-random-8.scen,100,False,
100,random-32-32-20.map,planner,1,3208,2246,47,43,2869,2246,10743,0,0,False,random-32-32-20-random-8.scen,100,True,
100,random-32-32-20.map,planner,1,3210,2246,47,43,2871,2246,1,0,0,True,random-32-32-20-random-8.scen,100,False,opti
100,random-32-32-20.map,planner,1,3208,2246,47,43,2869,2246,10595,0,0,True,random-32-32-20-random-8.scen,100,True,opti
100,random-32-32-20.map,planner,1,3170,2246,49,43,2848,2246,14,0,4,True,random-32-32-20-random-8.scen,100,False,opti
100,random-32-32-20.map,planner,1,3195,2246,53,43,2872,2246,10367,0,4,True,random-32-32-20-random-8.scen,100,True,opti
100,random-32-32-20.map,planner,1,3281,2246,60,43,2894,2246,9,0,16,True,random-32-32-20-random-8.scen,100,False,opti
100,random-32-32-20.map,planner,1,3281,2246,60,43,2894,2246,10346,0,16,True,random-32-32-20-random-8.scen,100,True,opti
100,random-32-32-20.map,planner,1,3281,2246,60,43,2894,2246,9,0,64,True,random-32-32-20-random-8.scen,100,False,opti
100,random-32-32-20.map,planner,1,3129,2246,50,43,2810,2246,10374,0,64,True,random-32-32-20-random-8.scen,100,True,opti
180,random-32-32-20.map,planner,1,7610,4082,77,56,6546,4082,4,0,0,False,random-32-32-20-random-8.scen,180,False,
180,random-32-32-20.map,planner,1,7148,4082,60,56,6190,4082,10891,0,0,False,random-32-32-20-random-8.scen,180,True,
180,random-32-32-20.map,planner,1,7669,4082,74,56,6542,4082,4,0,0,True,random-32-32-20-random-8.scen,180,False,opti
180,random-32-32-20.map,planner,1,7131,4082,63,56,6210,4082,10081,0,0,True,random-32-32-20-random-8.scen,180,True,opti
180,random-32-32-20.map,planner,1,7272,4082,68,56,6179,4082,26,0,4,True,random-32-32-20-random-8.scen,180,False,opti
180,random-32-32-20.map,planner,1,7134,4082,69,56,6174,4082,10368,0,4,True,random-32-32-20-random-8.scen,180,True,opti
180,random-32-32-20.map,planner,1,7277,4082,72,56,6294,4082,310,0,16,True,random-32-32-20-random-8.scen,180,False,opti
180,random-32-32-20.map,planner,1,7290,4082,65,56,6238,4082,10166,0,16,True,random-32-32-20-random-8.scen,180,True,opti
180,random-32-32-20.map,planner,1,7534,4082,72,56,6350,4082,632,0,64,True,random-32-32-20-random-8.scen,180,False,opti
180,random-32-32-20.map,planner,1,7181,4082,68,56,6162,4082,10090,0,64,True,random-32-32-20-random-8.scen,180,True,opti
260,random-32-32-20.map,planner,1,13228,5741,73,56,11206,5741,6,0,0,False,random-32-32-20-random-8.scen,260,False,
260,random-32-32-20.map,planner,1,13228,5741,73,56,11206,5741,10186,0,0,False,random-32-32-20-random-8.scen,260,True,
260,random-32-32-20.map,planner,1,12773,5741,77,56,10942,5741,6,0,0,True,random-32-32-20-random-8.scen,260,False,opti
260,random-32-32-20.map,planner,1,12339,5741,70,56,10814,5741,10198,0,0,True,random-32-32-20-random-8.scen,260,True,opti
260,random-32-32-20.map,planner,1,12647,5741,94,56,10913,5741,89,0,4,True,random-32-32-20-random-8.scen,260,False,opti
260,random-32-32-20.map,planner,1,12405,5741,92,56,10727,5741,10069,0,4,True,random-32-32-20-random-8.scen,260,True,opti
260,random-32-32-20.map,planner,1,15076,5741,162,56,11831,5741,450,0,16,True,random-32-32-20-random-8.scen,260,False,opti
260,random-32-32-20.map,planner,1,12754,5741,89,56,10928,5741,10011,0,16,True,random-32-32-20-random-8.scen,260,True,opti
260,random-32-32-20.map,planner,1,13031,5741,98,56,11195,5741,1553,0,64,True,random-32-32-20-random-8.scen,260,False,opti
260,random-32-32-20.map,planner,1,12056,5741,87,56,10507,5741,10035,0,64,True,random-32-32-20-random-8.scen,260,True,opti
20,random-32-32-20.map,planner,1,442,402,37,37,427,402,0,0,0,False,random-32-32-20-random-16.scen,20,False,
20,random-32-32-20.map,planner,1,419,402,37,37,411,402,10583,0,0,False,random-32-32-20-random-16.scen,20,True,
20,random-32-32-20.map,planner,1,442,402,37,37,427,402,0,0,0,True,random-32-32-20-random-16.scen,20,False,opti
20,random-32-32-20.map,planner,1,419,402,37,37,411,402,10568,0,0,True,random-32-32-20-random-16.scen,20,True,opti
20,random-32-32-20.map,planner,1,446,402,37,37,428,402,0,0,4,True,random-32-32-20-random-16.scen,20,False,opti
20,random-32-32-20.map,planner,1,421,402,38,37,411,402,10739,0,4,True,random-32-32-20-random-16.scen,20,True,opti
20,random-32-32-20.map,planner,1,446,402,37,37,428,402,0,0,16,True,random-32-32-20-random-16.scen,20,False,opti
20,random-32-32-20.map,planner,1,421,402,38,37,411,402,10748,0,16,True,random-32-32-20-random-16.scen,20,True,opti
20,random-32-32-20.map,planner,1,446,402,37,37,428,402,0,0,64,True,random-32-32-20-random-16.scen,20,False,opti
20,random-32-32-20.map,planner,1,421,402,38,37,411,402,10746,0,64,True,random-32-32-20-random-16.scen,20,True,opti
100,random-32-32-20.map,planner,1,2891,2087,44,44,2622,2087,1,0,0,False,random-32-32-20-random-16.scen,100,False,
100,random-32-32-20.map,planner,1,2891,2087,44,44,2622,2087,10978,0,0,False,random-32-32-20-random-16.scen,100,True,
100,random-32-32-20.map,planner,1,2891,2087,44,44,2622,2087,1,0,0,True,random-32-32-20-random-16.scen,100,False,opti
100,random-32-32-20.map,planner,1,2891,2087,44,44,2622,2087,10866,0,0,True,random-32-32-20-random-16.scen,100,True,opti
100,random-32-32-20.map,planner,1,2934,2087,50,44,2685,2087,2,0,4,True,random-32-32-20-random-16.scen,100,False,opti
100,random-32-32-20.map,planner,1,2930,2087,48,44,2681,2087,10094,0,4,True,random-32-32-20-random-16.scen,100,True,opti
100,random-32-32-20.map,planner,1,2934,2087,50,44,2685,2087,2,0,16,True,random-32-32-20-random-16.scen,100,False,opti
100,random-32-32-20.map,planner,1,2968,2087,45,44,2651,2087,10231,0,16,True,random-32-32-20-random-16.scen,100,True,opti
100,random-32-32-20.map,planner,1,2934,2087,50,44,2685,2087,2,0,64,True,random-32-32-20-random-16.scen,100,False,opti
100,random-32-32-20.map,planner,1,2930,2087,48,44,2681,2087,10534,0,64,True,random-32-32-20-random-16.scen,100,True,opti
180,random-32-32-20.map,planner,1,7288,3976,62,57,6519,3976,3,0,0,False,random-32-32-20-random-16.scen,180,False,
180,random-32-32-20.map,planner,1,7283,3976,62,57,6517,3976,10123,0,0,False,random-32-32-20-random-16.scen,180,True,
180,random-32-32-20.map,planner,1,7789,3976,83,57,6732,3976,4,0,0,True,random-32-32-20-random-16.scen,180,False,opti
180,random-32-32-20.map,planner,1,7039,3976,67,57,6258,3976,10924,0,0,True,random-32-32-20-random-16.scen,180,True,opti
180,random-32-32-20.map,planner,1,8240,3976,88,57,6874,3976,53,0,4,True,random-32-32-20-random-16.scen,180,False,opti
180,random-32-32-20.map,planner,1,7274,3976,100,57,6326,3976,10186,0,4,True,random-32-32-20-random-16.scen,180,True,opti
180,random-32-32-20.map,planner,1,7657,3976,83,57,6611,3976,172,0,16,True,random-32-32-20-random-16.scen,180,False,opti
180,random-32-32-20.map,planner,1,7154,3976,67,57,6312,3976,10127,0,16,True,random-32-32-20-random-16.scen,180,True,opti
180,random-32-32-20.map,planner,1,7322,3976,72,57,6395,3976,712,0,64,True,random-32-32-20-random-16.scen,180,False,opti
180,random-32-32-20.map,planner,1,7525,3976,75,57,6465,3976,10563,0,64,True,random-32-32-20-random-16.scen,180,True,opti
260,random-32-32-20.map,planner,1,12967,5742,77,57,11131,5742,6,0,0,False,random-32-32-20-random-16.scen,260,False,
260,random-32-32-20.map,planner,1,12586,5742,76,57,10925,5742,10459,0,0,False,random-32-32-20-random-16.scen,260,True,
260,random-32-32-20.map,planner,1,12607,5742,91,57,10843,5742,8,0,0,True,random-32-32-20-random-16.scen,260,False,opti
260,random-32-32-20.map,planner,1,12517,5742,87,57,10829,5742,10231,0,0,True,random-32-32-20-random-16.scen,260,True,opti
260,random-32-32-20.map,planner,1,13118,5742,100,57,10918,5742,89,0,4,True,random-32-32-20-random-16.scen,260,False,opti
260,random-32-32-20.map,planner,1,13383,5742,103,57,11158,5742,10067,0,4,True,random-32-32-20-random-16.scen,260,True,opti
260,random-32-32-20.map,planner,1,14054,5742,121,57,11440,5742,379,0,16,True,random-32-32-20-random-16.scen,260,False,opti
260,random-32-32-20.map,planner,1,12821,5742,103,57,10700,5742,10072,0,16,True,random-32-32-20-random-16.scen,260,True,opti
260,random-32-32-20.map,planner,1,12614,5742,102,57,10671,5742,1604,0,64,True,random-32-32-20-random-16.scen,260,False,opti
260,random-32-32-20.map,planner,1,13057,5742,97,57,11059,5742,10087,0,64,True,random-32-32-20-random-16.scen,260,True,opti
20,random-32-32-20.map,planner,1,485,446,45,45,466,446,0,0,0,False,random-32-32-20-random-11.scen,20,False,
20,random-32-32-20.map,planner,1,475,446,46,45,456,446,11173,0,0,False,random-32-32-20-random-11.scen,20,True,
20,random-32-32-20.map,planner,1,485,446,45,45,466,446,0,0,0,True,random-32-32-20-random-11.scen,20,False,opti
20,random-32-32-20.map,planner,1,475,446,46,45,456,446,11182,0,0,True,random-32-32-20-random-11.scen,20,True,opti
20,random-32-32-20.map,planner,1,485,446,45,45,466,446,0,0,4,True,random-32-32-20-random-11.scen,20,False,opti
20,random-32-32-20.map,planner,1,475,446,45,45,457,446,10741,0,4,True,random-32-32-20-random-11.scen,20,True,opti
20,random-32-32-20.map,planner,1,485,446,45,45,466,446,0,0,16,True,random-32-32-20-random-11.scen,20,False,opti
20,random-32-32-20.map,planner,1,475,446,45,45,457,446,10721,0,16,True,random-32-32-20-random-11.scen,20,True,opti
20,random-32-32-20.map,planner,1,485,446,45,45,466,446,0,0,64,True,random-32-32-20-random-11.scen,20,False,opti
20,random-32-32-20.map,planner,1,475,446,45,45,457,446,10724,0,64,True,random-32-32-20-random-11.scen,20,True,opti
100,random-32-32-20.map,planner,1,3144,2233,55,55,2811,2233,1,0,0,False,random-32-32-20-random-11.scen,100,False,
100,random-32-32-20.map,planner,1,3137,2233,55,55,2809,2233,11086,0,0,False,random-32-32-20-random-11.scen,100,True,
100,random-32-32-20.map,planner,1,3144,2233,55,55,2811,2233,1,0,0,True,random-32-32-20-random-11.scen,100,False,opti
100,random-32-32-20.map,planner,1,3137,2233,55,55,2809,2233,10902,0,0,True,random-32-32-20-random-11.scen,100,True,opti
100,random-32-32-20.map,planner,1,3010,2233,55,55,2785,2233,2,0,4,True,random-32-32-20-random-11.scen,100,False,opti
100,random-32-32-20.map,planner,1,2984,2233,55,55,2781,2233,10296,0,4,True,random-32-32-20-random-11.scen,100,True,opti
100,random-32-32-20.map,planner,1,3010,2233,55,55,2785,2233,2,0,16,True,random-32-32-20-random-11.scen,100,False,opti
100,random-32-32-20.map,planner,1,2984,2233,55,55,2781,2233,10314,0,16,True,random-32-32-20-random-11.scen,100,True,opti
100,random-32-32-20.map,planner,1,3010,2233,55,55,2785,2233,2,0,64,True,random-32-32-20-random-11.scen,100,False,opti
100,random-32-32-20.map,planner,1,2984,2233,55,55,2781,2233,10294,0,64,True,random-32-32-20-random-11.scen,100,True,opti
180,random-32-32-20.map,planner,1,7061,3959,57,55,6087,3959,3,0,0,False,random-32-32-20-random-11.scen,180,False,
180,random-32-32-20.map,planner,1,7061,3959,57,55,6087,3959,10050,0,0,False,random-32-32-20-random-11.scen,180,True,
180,random-32-32-20.map,planner,1,7156,3959,66,55,6251,3959,4,0,0,True,random-32-32-20-random-11.scen,180,False,opti
180,random-32-32-20.map,planner,1,6859,3959,62,55,5990,3959,10469,0,0,True,random-32-32-20-random-11.scen,180,True,opti
180,random-32-32-20.map,planner,1,7222,3959,78,55,6347,3959,41,0,4,True,random-32-32-20-random-11.scen,180,False,opti
180,random-32-32-20.map,planner,1,6837,3959,63,55,5936,3959,10781,0,4,True,random-32-32-20-random-11.scen,180,True,opti
180,random-32-32-20.map,planner,1,7220,3959,84,55,6154,3959,176,0,16,True,random-32-32-20-random-11.scen,180,False,opti
180,random-32-32-20.map,planner,1,6768,3959,66,55,5819,3959,10272,0,16,True,random-32-32-20-random-11.scen,180,True,opti
180,random-32-32-20.map,planner,1,7604,3959,90,55,6344,3959,692,0,64,True,random-32-32-20-random-11.scen,180,False,opti
180,random-32-32-20.map,planner,1,6834,3959,64,55,5874,3959,10512,0,64,True,random-32-32-20-random-11.scen,180,True,opti
260,random-32-32-20.map,planner,1,13007,5639,73,55,11001,5639,6,0,0,False,random-32-32-20-random-11.scen,260,False,
260,random-32-32-20.map,planner,1,12393,5639,70,55,10409,5639,10560,0,0,False,random-32-32-20-random-11.scen,260,True,
260,random-32-32-20.map,planner,1,13257,5639,105,55,11165,5639,11,0,0,True,random-32-32-20-random-11.scen,260,False,opti
260,random-32-32-20.map,planner,1,12757,5639,89,55,10789,5639,10582,0,0,True,random-32-32-20-random-11.scen,260,True,opti
260,random-32-32-20.map,planner,1,15970,5639,158,55,12174,5639,109,0,4,True,random-32-32-20-random-11.scen,260,False,opti
260,random-32-32-20.map,planner,1,12910,5639,105,55,10718,5639,10117,0,4,True,random-32-32-20-random-11.scen,260,True,opti
260,random-32-32-20.map,planner,1,13927,5639,122,55,11310,5639,354,0,16,True,random-32-32-20-random-11.scen,260,False,opti
260,random-32-32-20.map,planner,1,13239,5639,106,55,10796,5639,10184,0,16,True,random-32-32-20-random-11.scen,260,True,opti
260,random-32-32-20.map,planner,1,14510,5639,132,55,11619,5639,1410,0,64,True,random-32-32-20-random-11.scen,260,False,opti
260,random-32-32-20.map,planner,1,13268,5639,111,55,10801,5639,10022,0,64,True,random-32-32-20-random-11.scen,260,True,opti
