agents,map_file,solver,solved,soc,soc_lb,makespan,makespan_lb,sum_of_loss,sum_of_loss_lb,comp_time,seed,Opti_Deadline,Bool_Opti,Scenario_File,N,opti_objective,functype
20,random-32-32-20.map,planner,1,396,388,43,41,395,388,11323,0,0,False,random-32-32-20-random-3.scen,20,True,
20,random-32-32-20.map,planner,1,396,388,43,41,395,388,11284,0,0,True,random-32-32-20-random-3.scen,20,True,opti
20,random-32-32-20.map,planner,1,395,388,41,41,392,388,10984,0,1,True,random-32-32-20-random-3.scen,20,True,opti
20,random-32-32-20.map,planner,1,395,388,41,41,392,388,10967,0,4,True,random-32-32-20-random-3.scen,20,True,opti
20,random-32-32-20.map,planner,1,395,388,41,41,392,388,10973,0,16,True,random-32-32-20-random-3.scen,20,True,opti
20,random-32-32-20.map,planner,1,395,388,41,41,392,388,10973,0,64,True,random-32-32-20-random-3.scen,20,True,opti
20,random-32-32-20.map,planner,1,395,388,41,41,392,388,10970,0,256,True,random-32-32-20-random-3.scen,20,True,opti
80,random-32-32-20.map,planner,1,2114,1623,44,42,1917,1623,10259,0,0,False,random-32-32-20-random-3.scen,80,True,
80,random-32-32-20.map,planner,1,2175,1623,48,42,1925,1623,10387,0,0,True,random-32-32-20-random-3.scen,80,True,opti
80,random-32-32-20.map,planner,1,2196,1623,44,42,1937,1623,10463,0,1,True,random-32-32-20-random-3.scen,80,True,opti
80,random-32-32-20.map,planner,1,2196,1623,44,42,1937,1623,10467,0,4,True,random-32-32-20-random-3.scen,80,True,opti
80,random-32-32-20.map,planner,1,2196,1623,44,42,1937,1623,10494,0,16,True,random-32-32-20-random-3.scen,80,True,opti
80,random-32-32-20.map,planner,1,2196,1623,44,42,1937,1623,10472,0,64,True,random-32-32-20-random-3.scen,80,True,opti
80,random-32-32-20.map,planner,1,2196,1623,44,42,1937,1623,10456,0,256,True,random-32-32-20-random-3.scen,80,True,opti
140,random-32-32-20.map,planner,1,4637,2990,50,42,4169,2990,10591,0,0,False,random-32-32-20-random-3.scen,140,True,
140,random-32-32-20.map,planner,1,4791,2990,58,42,4169,2990,10229,0,0,True,random-32-32-20-random-3.scen,140,True,opti
140,random-32-32-20.map,planner,1,4550,2990,58,42,4074,2990,10557,0,1,True,random-32-32-20-random-3.scen,140,True,opti
140,random-32-32-20.map,planner,1,4730,2990,56,42,4131,2990,10251,0,4,True,random-32-32-20-random-3.scen,140,True,opti
140,random-32-32-20.map,planner,1,4643,2990,58,42,4087,2990,10111,0,16,True,random-32-32-20-random-3.scen,140,True,opti
140,random-32-32-20.map,planner,1,4571,2990,56,42,4005,2990,10373,0,64,True,random-32-32-20-random-3.scen,140,True,opti
140,random-32-32-20.map,planner,1,4699,2990,65,42,4078,2990,10073,0,256,True,random-32-32-20-random-3.scen,140,True,opti
200,random-32-32-20.map,planner,1,7701,4300,64,56,6713,4300,10470,0,0,False,random-32-32-20-random-3.scen,200,True,
200,random-32-32-20.map,planner,1,8246,4300,81,56,7026,4300,10174,0,0,True,random-32-32-20-random-3.scen,200,True,opti
200,random-32-32-20.map,planner,1,7974,4300,80,56,6929,4300,10715,0,1,True,random-32-32-20-random-3.scen,200,True,opti
200,random-32-32-20.map,planner,1,7928,4300,86,56,6871,4300,10670,0,4,True,random-32-32-20-random-3.scen,200,True,opti
200,random-32-32-20.map,planner,1,8435,4300,101,56,6894,4300,10513,0,16,True,random-32-32-20-random-3.scen,200,True,opti
200,random-32-32-20.map,planner,1,8078,4300,89,56,6823,4300,10504,0,64,True,random-32-32-20-random-3.scen,200,True,opti
200,random-32-32-20.map,planner,1,8381,4300,101,56,7025,4300,10241,0,256,True,random-32-32-20-random-3.scen,200,True,opti
260,random-32-32-20.map,planner,1,12520,5731,73,56,10901,5731,10037,0,0,False,random-32-32-20-random-3.scen,260,True,
260,random-32-32-20.map,planner,1,13037,5731,85,56,11131,5731,10184,0,0,True,random-32-32-20-random-3.scen,260,True,opti
260,random-32-32-20.map,planner,1,13015,5731,86,56,10996,5731,10139,0,1,True,random-32-32-20-random-3.scen,260,True,opti
260,random-32-32-20.map,planner,1,12448,5731,97,56,10554,5731,10126,0,4,True,random-32-32-20-random-3.scen,260,True,opti
260,random-32-32-20.map,planner,1,12317,5731,82,56,10496,5731,10192,0,16,True,random-32-32-20-random-3.scen,260,True,opti
260,random-32-32-20.map,planner,1,12361,5731,102,56,10506,5731,10169,0,64,True,random-32-32-20-random-3.scen,260,True,opti
260,random-32-32-20.map,planner,0,0,5731,0,56,0,5731,10127,0,256,True,random-32-32-20-random-3.scen,260,True,opti
320,random-32-32-20.map,planner,1,18507,7017,106,56,15744,7017,10451,0,0,False,random-32-32-20-random-3.scen,320,True,
320,random-32-32-20.map,planner,1,20206,7017,137,56,16603,7017,10401,0,0,True,random-32-32-20-random-3.scen,320,True,opti
320,random-32-32-20.map,planner,1,20725,7017,144,56,16612,7017,10078,0,1,True,random-32-32-20-random-3.scen,320,True,opti
320,random-32-32-20.map,planner,1,19745,7017,139,56,16211,7017,10154,0,4,True,random-32-32-20-random-3.scen,320,True,opti
320,random-32-32-20.map,planner,1,20079,7017,140,56,16088,7017,10029,0,16,True,random-32-32-20-random-3.scen,320,True,opti
320,random-32-32-20.map,planner,0,0,7017,0,56,0,7017,10010,0,64,True,random-32-32-20-random-3.scen,320,True,opti
320,random-32-32-20.map,planner,0,0,7017,0,56,0,7017,10052,0,256,True,random-32-32-20-random-3.scen,320,True,opti
380,random-32-32-20.map,planner,1,26869,8390,109,56,22487,8390,10057,0,0,False,random-32-32-20-random-3.scen,380,True,
380,random-32-32-20.map,planner,1,29396,8390,161,56,23762,8390,10259,0,0,True,random-32-32-20-random-3.scen,380,True,opti
380,random-32-32-20.map,planner,1,30167,8390,170,56,23396,8390,10052,0,1,True,random-32-32-20-random-3.scen,380,True,opti
380,random-32-32-20.map,planner,1,27815,8390,150,56,22503,8390,10047,0,4,True,random-32-32-20-random-3.scen,380,True,opti
380,random-32-32-20.map,planner,0,0,8390,0,56,0,8390,10017,0,16,True,random-32-32-20-random-3.scen,380,True,opti
380,random-32-32-20.map,planner,0,0,8390,0,56,0,8390,10013,0,64,True,random-32-32-20-random-3.scen,380,True,opti
380,random-32-32-20.map,planner,0,0,8390,0,56,0,8390,10060,0,256,True,random-32-32-20-random-3.scen,380,True,opti
20,random-32-32-20.map,planner,1,409,388,47,47,399,388,10467,0,0,False,random-32-32-20-random-2.scen,20,True,
20,random-32-32-20.map,planner,1,409,388,47,47,399,388,10631,0,0,True,random-32-32-20-random-2.scen,20,True,opti
20,random-32-32-20.map,planner,1,409,388,47,47,399,388,10430,0,1,True,random-32-32-20-random-2.scen,20,True,opti
20,random-32-32-20.map,planner,1,409,388,47,47,399,388,10783,0,4,True,random-32-32-20-random-2.scen,20,True,opti
20,random-32-32-20.map,planner,1,409,388,47,47,399,388,10805,0,16,True,random-32-32-20-random-2.scen,20,True,opti
20,random-32-32-20.map,planner,1,409,388,47,47,399,388,10776,0,64,True,random-32-32-20-random-2.scen,20,True,opti
20,random-32-32-20.map,planner,1,409,388,47,47,399,388,10798,0,256,True,random-32-32-20-random-2.scen,20,True,opti
80,random-32-32-20.map,planner,1,2411,1746,53,51,2136,1746,10454,0,0,False,random-32-32-20-random-2.scen,80,True,
80,random-32-32-20.map,planner,1,2444,1746,53,51,2141,1746,10377,0,0,True,random-32-32-20-random-2.scen,80,True,opti
80,random-32-32-20.map,planner,1,2318,1746,51,51,2057,1746,10542,0,1,True,random-32-32-20-random-2.scen,80,True,opti
80,random-32-32-20.map,planner,1,2318,1746,51,51,2057,1746,10473,0,4,True,random-32-32-20-random-2.scen,80,True,opti
80,random-32-32-20.map,planner,1,2318,1746,51,51,2057,1746,10535,0,16,True,random-32-32-20-random-2.scen,80,True,opti
80,random-32-32-20.map,planner,1,2318,1746,51,51,2057,1746,10534,0,64,True,random-32-32-20-random-2.scen,80,True,opti
80,random-32-32-20.map,planner,1,2318,1746,51,51,2057,1746,10498,0,256,True,random-32-32-20-random-2.scen,80,True,opti
140,random-32-32-20.map,planner,1,4829,3063,53,51,4262,3063,10101,0,0,False,random-32-32-20-random-2.scen,140,True,
140,random-32-32-20.map,planner,1,4885,3063,59,51,4245,3063,10042,0,0,True,random-32-32-20-random-2.scen,140,True,opti
140,random-32-32-20.map,planner,1,4608,3063,67,51,4077,3063,10823,0,1,True,random-32-32-20-random-2.scen,140,True,opti
140,random-32-32-20.map,planner,1,4562,3063,60,51,4054,3063,10173,0,4,True,random-32-32-20-random-2.scen,140,True,opti
140,random-32-32-20.map,planner,1,4742,3063,55,51,4151,3063,10267,0,16,True,random-32-32-20-random-2.scen,140,True,opti
140,random-32-32-20.map,planner,1,4735,3063,60,51,4138,3063,10877,0,64,True,random-32-32-20-random-2.scen,140,True,opti
140,random-32-32-20.map,planner,1,4683,3063,54,51,4118,3063,10136,0,256,True,random-32-32-20-random-2.scen,140,True,opti
200,random-32-32-20.map,planner,1,7991,4466,64,51,7047,4466,10123,0,0,False,random-32-32-20-random-2.scen,200,True,
200,random-32-32-20.map,planner,1,8174,4466,76,51,7102,4466,10502,0,0,True,random-32-32-20-random-2.scen,200,True,opti
200,random-32-32-20.map,planner,1,7601,4466,55,51,6778,4466,10294,0,1,True,random-32-32-20-random-2.scen,200,True,opti
200,random-32-32-20.map,planner,1,7602,4466,63,51,6653,4466,10231,0,4,True,random-32-32-20-random-2.scen,200,True,opti
200,random-32-32-20.map,planner,1,7742,4466,67,51,6802,4466,10133,0,16,True,random-32-32-20-random-2.scen,200,True,opti
200,random-32-32-20.map,planner,1,7930,4466,68,51,6945,4466,10321,0,64,True,random-32-32-20-random-2.scen,200,True,opti
200,random-32-32-20.map,planner,1,7833,4466,72,51,6836,4466,10043,0,256,True,random-32-32-20-random-2.scen,200,True,opti
260,random-32-32-20.map,planner,1,11653,5740,74,51,10129,5740,10636,0,0,False,random-32-32-20-random-2.scen,260,True,
260,random-32-32-20.map,planner,1,12297,5740,75,51,10588,5740,10328,0,0,True,random-32-32-20-random-2.scen,260,True,opti
260,random-32-32-20.map,planner,1,11602,5740,94,51,9952,5740,10292,0,1,True,random-32-32-20-random-2.scen,260,True,opti
260,random-32-32-20.map,planner,1,11544,5740,74,51,10099,5740,10149,0,4,True,random-32-32-20-random-2.scen,260,True,opti
260,random-32-32-20.map,planner,1,12049,5740,100,51,10220,5740,10407,0,16,True,random-32-32-20-random-2.scen,260,True,opti
260,random-32-32-20.map,planner,1,11335,5740,76,51,9929,5740,10015,0,64,True,random-32-32-20-random-2.scen,260,True,opti
260,random-32-32-20.map,planner,1,12995,5740,136,51,11035,5740,10140,0,256,True,random-32-32-20-random-2.scen,260,True,opti
320,random-32-32-20.map,planner,1,16907,7174,83,51,14677,7174,10438,0,0,False,random-32-32-20-random-2.scen,320,True,
320,random-32-32-20.map,planner,1,18325,7174,134,51,15348,7174,10117,0,0,True,random-32-32-20-random-2.scen,320,True,opti
320,random-32-32-20.map,planner,1,18044,7174,131,51,15258,7174,10091,0,1,True,random-32-32-20-random-2.scen,320,True,opti
320,random-32-32-20.map,planner,1,20497,7174,154,51,16451,7174,10096,0,4,True,random-32-32-20-random-2.scen,320,True,opti
320,random-32-32-20.map,planner,1,18595,7174,110,51,15403,7174,10078,0,16,True,random-32-32-20-random-2.scen,320,True,opti
320,random-32-32-20.map,planner,0,0,7174,0,51,0,7174,10006,0,64,True,random-32-32-20-random-2.scen,320,True,opti
320,random-32-32-20.map,planner,0,0,7174,0,51,0,7174,10210,0,256,True,random-32-32-20-random-2.scen,320,True,opti
380,random-32-32-20.map,planner,1,26087,8386,114,51,21519,8386,10221,0,0,False,random-32-32-20-random-2.scen,380,True,
380,random-32-32-20.map,planner,1,28558,8386,163,51,23067,8386,10103,0,0,True,random-32-32-20-random-2.scen,380,True,opti
380,random-32-32-20.map,planner,0,0,8386,0,51,0,8386,10171,0,1,True,random-32-32-20-random-2.scen,380,True,opti
380,random-32-32-20.map,planner,0,0,8386,0,51,0,8386,10082,0,4,True,random-32-32-20-random-2.scen,380,True,opti
380,random-32-32-20.map,planner,0,0,8386,0,51,0,8386,10022,0,16,True,random-32-32-20-random-2.scen,380,True,opti
380,random-32-32-20.map,planner,1,29730,8386,259,51,22393,8386,10006,0,64,True,random-32-32-20-random-2.scen,380,True,opti
380,random-32-32-20.map,planner,0,0,8386,0,51,0,8386,10013,0,256,True,random-32-32-20-random-2.scen,380,True,opti
20,random-32-32-20.map,planner,1,418,409,56,56,418,409,10374,0,0,False,random-32-32-20-random-24.scen,20,True,
20,random-32-32-20.map,planner,1,422,409,56,56,422,409,10669,0,0,True,random-32-32-20-random-24.scen,20,True,opti
20,random-32-32-20.map,planner,1,422,409,56,56,422,409,10710,0,1,True,random-32-32-20-random-24.scen,20,True,opti
20,random-32-32-20.map,planner,1,422,409,56,56,422,409,10424,0,4,True,random-32-32-20-random-24.scen,20,True,opti
20,random-32-32-20.map,planner,1,422,409,56,56,422,409,10534,0,16,True,random-32-32-20-random-24.scen,20,True,opti
20,random-32-32-20.map,planner,1,422,409,56,56,422,409,10662,0,64,True,random-32-32-20-random-24.scen,20,True,opti
20,random-32-32-20.map,planner,1,422,409,56,56,422,409,10709,0,256,True,random-32-32-20-random-24.scen,20,True,opti
80,random-32-32-20.map,planner,1,2117,1639,58,56,1937,1639,10442,0,0,False,random-32-32-20-random-24.scen,80,True,
80,random-32-32-20.map,planner,1,2138,1639,56,56,1931,1639,10349,0,0,True,random-32-32-20-random-24.scen,80,True,opti
80,random-32-32-20.map,planner,1,2102,1639,56,56,1914,1639,10373,0,1,True,random-32-32-20-random-24.scen,80,True,opti
80,random-32-32-20.map,planner,1,2102,1639,56,56,1914,1639,10382,0,4,True,random-32-32-20-random-24.scen,80,True,opti
80,random-32-32-20.map,planner,1,2102,1639,56,56,1914,1639,10374,0,16,True,random-32-32-20-random-24.scen,80,True,opti
80,random-32-32-20.map,planner,1,2102,1639,56,56,1914,1639,10373,0,64,True,random-32-32-20-random-24.scen,80,True,opti
80,random-32-32-20.map,planner,1,2102,1639,56,56,1914,1639,10380,0,256,True,random-32-32-20-random-24.scen,80,True,opti
140,random-32-32-20.map,planner,1,4633,2957,58,56,4131,2957,10168,0,0,False,random-32-32-20-random-24.scen,140,True,
140,random-32-32-20.map,planner,1,4678,2957,56,56,4152,2957,10349,0,0,True,random-32-32-20-random-24.scen,140,True,opti
140,random-32-32-20.map,planner,1,4640,2957,60,56,4036,2957,10216,0,1,True,random-32-32-20-random-24.scen,140,True,opti
140,random-32-32-20.map,planner,1,4587,2957,69,56,4025,2957,10136,0,4,True,random-32-32-20-random-24.scen,140,True,opti
140,random-32-32-20.map,planner,1,4646,2957,64,56,4042,2957,10405,0,16,True,random-32-32-20-random-24.scen,140,True,opti
140,random-32-32-20.map,planner,1,4720,2957,61,56,4094,2957,10052,0,64,True,random-32-32-20-random-24.scen,140,True,opti
140,random-32-32-20.map,planner,1,4570,2957,60,56,3966,2957,10074,0,256,True,random-32-32-20-random-24.scen,140,True,opti
200,random-32-32-20.map,planner,1,7793,4324,62,56,6755,4324,10779,0,0,False,random-32-32-20-random-24.scen,200,True,
200,random-32-32-20.map,planner,1,8079,4324,63,56,6951,4324,10797,0,0,True,random-32-32-20-random-24.scen,200,True,opti
200,random-32-32-20.map,planner,1,8141,4324,75,56,6893,4324,10092,0,1,True,random-32-32-20-random-24.scen,200,True,opti
200,random-32-32-20.map,planner,1,7769,4324,64,56,6701,4324,10476,0,4,True,random-32-32-20-random-24.scen,200,True,opti
200,random-32-32-20.map,planner,1,7881,4324,72,56,6750,4324,10047,0,16,True,random-32-32-20-random-24.scen,200,True,opti
200,random-32-32-20.map,planner,1,8036,4324,72,56,6796,4324,10336,0,64,True,random-32-32-20-random-24.scen,200,True,opti
200,random-32-32-20.map,planner,1,8995,4324,116,56,7051,4324,10029,0,256,True,random-32-32-20-random-24.scen,200,True,opti
260,random-32-32-20.map,planner,1,12529,5590,74,56,10544,5590,10627,0,0,False,random-32-32-20-random-24.scen,260,True,
260,random-32-32-20.map,planner,1,11920,5590,68,56,10201,5590,10543,0,0,True,random-32-32-20-random-24.scen,260,True,opti
260,random-32-32-20.map,planner,1,11679,5590,88,56,9952,5590,10182,0,1,True,random-32-32-20-random-24.scen,260,True,opti
260,random-32-32-20.map,planner,1,11710,5590,75,56,9940,5590,10397,0,4,True,random-32-32-20-random-24.scen,260,True,opti
260,random-32-32-20.map,planner,1,11677,5590,83,56,9903,5590,10267,0,16,True,random-32-32-20-random-24.scen,260,True,opti
260,random-32-32-20.map,planner,1,12348,5590,115,56,10213,5590,10060,0,64,True,random-32-32-20-random-24.scen,260,True,opti
260,random-32-32-20.map,planner,0,0,5590,0,56,0,5590,10029,0,256,True,random-32-32-20-random-24.scen,260,True,opti
320,random-32-32-20.map,planner,1,16556,6917,80,56,14406,6917,10077,0,0,False,random-32-32-20-random-24.scen,320,True,
320,random-32-32-20.map,planner,1,16903,6917,88,56,14520,6917,10361,0,0,True,random-32-32-20-random-24.scen,320,True,opti
320,random-32-32-20.map,planner,1,17945,6917,139,56,14503,6917,10163,0,1,True,random-32-32-20-random-24.scen,320,True,opti
320,random-32-32-20.map,planner,1,17001,6917,102,56,14118,6917,10090,0,4,True,random-32-32-20-random-24.scen,320,True,opti
320,random-32-32-20.map,planner,1,18404,6917,139,56,14810,6917,10070,0,16,True,random-32-32-20-random-24.scen,320,True,opti
320,random-32-32-20.map,planner,1,17402,6917,101,56,14402,6917,10167,0,64,True,random-32-32-20-random-24.scen,320,True,opti
320,random-32-32-20.map,planner,0,0,6917,0,56,0,6917,10166,0,256,True,random-32-32-20-random-24.scen,320,True,opti
380,random-32-32-20.map,planner,1,24609,8192,98,56,20832,8192,10226,0,0,False,random-32-32-20-random-24.scen,380,True,
380,random-32-32-20.map,planner,1,25574,8192,104,56,21298,8192,10472,0,0,True,random-32-32-20-random-24.scen,380,True,opti
380,random-32-32-20.map,planner,1,26755,8192,171,56,20741,8192,10223,0,1,True,random-32-32-20-random-24.scen,380,True,opti
380,random-32-32-20.map,planner,1,25577,8192,140,56,21182,8192,10078,0,4,True,random-32-32-20-random-24.scen,380,True,opti
380,random-32-32-20.map,planner,1,28463,8192,213,56,22479,8192,10046,0,16,True,random-32-32-20-random-24.scen,380,True,opti
380,random-32-32-20.map,planner,1,28849,8192,181,56,22228,8192,10022,0,64,True,random-32-32-20-random-24.scen,380,True,opti
380,random-32-32-20.map,planner,0,0,8192,0,56,0,8192,10084,0,256,True,random-32-32-20-random-24.scen,380,True,opti
20,random-32-32-20.map,planner,1,487,481,46,46,487,481,10467,0,0,False,random-32-32-20-random-4.scen,20,True,
20,random-32-32-20.map,planner,1,487,481,46,46,487,481,10434,0,0,True,random-32-32-20-random-4.scen,20,True,opti
20,random-32-32-20.map,planner,1,498,481,46,46,494,481,10629,0,1,True,random-32-32-20-random-4.scen,20,True,opti
20,random-32-32-20.map,planner,1,498,481,46,46,494,481,10625,0,4,True,random-32-32-20-random-4.scen,20,True,opti
20,random-32-32-20.map,planner,1,498,481,46,46,494,481,10623,0,16,True,random-32-32-20-random-4.scen,20,True,opti
20,random-32-32-20.map,planner,1,498,481,46,46,494,481,10630,0,64,True,random-32-32-20-random-4.scen,20,True,opti
20,random-32-32-20.map,planner,1,498,481,46,46,494,481,10619,0,256,True,random-32-32-20-random-4.scen,20,True,opti
80,random-32-32-20.map,planner,1,2277,1681,54,54,1977,1681,10177,0,0,False,random-32-32-20-random-4.scen,80,True,
80,random-32-32-20.map,planner,1,2294,1681,54,54,1996,1681,10258,0,0,True,random-32-32-20-random-4.scen,80,True,opti
80,random-32-32-20.map,planner,1,2265,1681,56,54,1988,1681,10108,0,1,True,random-32-32-20-random-4.scen,80,True,opti
80,random-32-32-20.map,planner,1,2265,1681,56,54,1988,1681,10122,0,4,True,random-32-32-20-random-4.scen,80,True,opti
80,random-32-32-20.map,planner,1,2265,1681,56,54,1988,1681,10122,0,16,True,random-32-32-20-random-4.scen,80,True,opti
80,random-32-32-20.map,planner,1,2265,1681,56,54,1988,1681,10117,0,64,True,random-32-32-20-random-4.scen,80,True,opti
80,random-32-32-20.map,planner,1,2265,1681,56,54,1988,1681,10125,0,256,True,random-32-32-20-random-4.scen,80,True,opti
140,random-32-32-20.map,planner,1,4892,3036,54,54,4183,3036,10085,0,0,False,random-32-32-20-random-4.scen,140,True,
140,random-32-32-20.map,planner,1,4806,3036,56,54,4119,3036,10404,0,0,True,random-32-32-20-random-4.scen,140,True,opti
140,random-32-32-20.map,planner,1,4892,3036,54,54,4100,3036,10067,0,1,True,random-32-32-20-random-4.scen,140,True,opti
140,random-32-32-20.map,planner,1,4911,3036,60,54,4119,3036,10102,0,4,True,random-32-32-20-random-4.scen,140,True,opti
140,random-32-32-20.map,planner,1,4649,3036,59,54,4067,3036,10723,0,16,True,random-32-32-20-random-4.scen,140,True,opti
140,random-32-32-20.map,planner,1,4731,3036,54,54,4050,3036,10982,0,64,True,random-32-32-20-random-4.scen,140,True,opti
140,random-32-32-20.map,planner,1,4683,3036,62,54,4006,3036,10785,0,256,True,random-32-32-20-random-4.scen,140,True,opti
200,random-32-32-20.map,planner,1,8080,4353,59,54,7068,4353,10766,0,0,False,random-32-32-20-random-4.scen,200,True,
200,random-32-32-20.map,planner,1,8307,4353,66,54,7082,4353,10114,0,0,True,random-32-32-20-random-4.scen,200,True,opti
200,random-32-32-20.map,planner,1,7751,4353,63,54,6745,4353,10105,0,1,True,random-32-32-20-random-4.scen,200,True,opti
200,random-32-32-20.map,planner,1,8053,4353,81,54,6851,4353,10642,0,4,True,random-32-32-20-random-4.scen,200,True,opti
200,random-32-32-20.map,planner,1,7743,4353,65,54,6720,4353,10690,0,16,True,random-32-32-20-random-4.scen,200,True,opti
200,random-32-32-20.map,planner,1,7674,4353,60,54,6646,4353,10583,0,64,True,random-32-32-20-random-4.scen,200,True,opti
200,random-32-32-20.map,planner,1,7688,4353,61,54,6691,4353,10194,0,256,True,random-32-32-20-random-4.scen,200,True,opti
260,random-32-32-20.map,planner,1,12230,5592,74,56,10533,5592,10136,0,0,False,random-32-32-20-random-4.scen,260,True,
260,random-32-32-20.map,planner,1,12292,5592,85,56,10568,5592,10332,0,0,True,random-32-32-20-random-4.scen,260,True,opti
260,random-32-32-20.map,planner,1,12410,5592,102,56,10499,5592,10380,0,1,True,random-32-32-20-random-4.scen,260,True,opti
260,random-32-32-20.map,planner,1,11946,5592,81,56,10277,5592,10280,0,4,True,random-32-32-20-random-4.scen,260,True,opti
260,random-32-32-20.map,planner,1,11861,5592,76,56,10146,5592,10017,0,16,True,random-32-32-20-random-4.scen,260,True,opti
260,random-32-32-20.map,planner,1,12490,5592,118,56,10340,5592,10123,0,64,True,random-32-32-20-random-4.scen,260,True,opti
260,random-32-32-20.map,planner,0,0,5592,0,56,0,5592,10050,0,256,True,random-32-32-20-random-4.scen,260,True,opti
320,random-32-32-20.map,planner,1,17851,6937,88,56,15367,6937,10519,0,0,False,random-32-32-20-random-4.scen,320,True,
320,random-32-32-20.map,planner,1,17527,6937,86,56,15148,6937,10518,0,0,True,random-32-32-20-random-4.scen,320,True,opti
320,random-32-32-20.map,planner,1,19152,6937,113,56,15808,6937,10158,0,1,True,random-32-32-20-random-4.scen,320,True,opti
320,random-32-32-20.map,planner,1,19107,6937,114,56,15474,6937,10146,0,4,True,random-32-32-20-random-4.scen,320,True,opti
320,random-32-32-20.map,planner,1,19522,6937,140,56,15731,6937,10081,0,16,True,random-32-32-20-random-4.scen,320,True,opti
320,random-32-32-20.map,planner,1,19887,6937,139,56,15722,6937,10021,0,64,True,random-32-32-20-random-4.scen,320,True,opti
320,random-32-32-20.map,planner,0,0,6937,0,56,0,6937,10084,0,256,True,random-32-32-20-random-4.scen,320,True,opti
380,random-32-32-20.map,planner,1,24577,8253,104,56,20968,8253,10185,0,0,False,random-32-32-20-random-4.scen,380,True,
380,random-32-32-20.map,planner,1,25619,8253,109,56,21468,8253,10097,0,0,True,random-32-32-20-random-4.scen,380,True,opti
380,random-32-32-20.map,planner,1,26401,8253,150,56,21518,8253,10130,0,1,True,random-32-32-20-random-4.scen,380,True,opti
380,random-32-32-20.map,planner,1,25842,8253,136,56,21045,8253,10221,0,4,True,random-32-32-20-random-4.scen,380,True,opti
380,random-32-32-20.map,planner,1,29044,8253,174,56,22187,8253,10052,0,16,True,random-32-32-20-random-4.scen,380,True,opti
380,random-32-32-20.map,planner,1,29708,8253,203,56,22760,8253,10048,0,64,True,random-32-32-20-random-4.scen,380,True,opti
380,random-32-32-20.map,planner,0,0,8253,0,56,0,8253,10092,0,256,True,random-32-32-20-random-4.scen,380,True,opti
20,random-32-32-20.map,planner,1,463,405,49,48,423,405,10706,0,0,False,random-32-32-20-random-1.scen,20,True,
20,random-32-32-20.map,planner,1,463,405,49,48,423,405,10656,0,0,True,random-32-32-20-random-1.scen,20,True,opti
20,random-32-32-20.map,planner,1,475,405,49,48,421,405,10637,0,1,True,random-32-32-20-random-1.scen,20,True,opti
20,random-32-32-20.map,planner,1,475,405,49,48,421,405,10637,0,4,True,random-32-32-20-random-1.scen,20,True,opti
20,random-32-32-20.map,planner,1,475,405,49,48,421,405,10645,0,16,True,random-32-32-20-random-1.scen,20,True,opti
20,random-32-32-20.map,planner,1,475,405,49,48,421,405,10648,0,64,True,random-32-32-20-random-1.scen,20,True,opti
20,random-32-32-20.map,planner,1,475,405,49,48,421,405,10651,0,256,True,random-32-32-20-random-1.scen,20,True,opti
80,random-32-32-20.map,planner,1,2419,1812,51,48,2195,1812,11126,0,0,False,random-32-32-20-random-1.scen,80,True,
80,random-32-32-20.map,planner,1,2553,1812,54,48,2320,1812,10735,0,0,True,random-32-32-20-random-1.scen,80,True,opti
80,random-32-32-20.map,planner,1,2481,1812,52,48,2197,1812,10321,0,1,True,random-32-32-20-random-1.scen,80,True,opti
80,random-32-32-20.map,planner,1,2413,1812,50,48,2223,1812,10290,0,4,True,random-32-32-20-random-1.scen,80,True,opti
80,random-32-32-20.map,planner,1,2488,1812,50,48,2219,1812,10223,0,16,True,random-32-32-20-random-1.scen,80,True,opti
80,random-32-32-20.map,planner,1,2464,1812,48,48,2167,1812,10661,0,64,True,random-32-32-20-random-1.scen,80,True,opti
80,random-32-32-20.map,planner,1,2413,1812,50,48,2223,1812,10330,0,256,True,random-32-32-20-random-1.scen,80,True,opti
140,random-32-32-20.map,planner,1,5108,3254,57,48,4509,3254,10572,0,0,False,random-32-32-20-random-1.scen,140,True,
140,random-32-32-20.map,planner,1,5129,3254,57,48,4526,3254,10927,0,0,True,random-32-32-20-random-1.scen,140,True,opti
140,random-32-32-20.map,planner,1,5106,3254,64,48,4474,3254,10547,0,1,True,random-32-32-20-random-1.scen,140,True,opti
140,random-32-32-20.map,planner,1,5016,3254,55,48,4489,3254,10091,0,4,True,random-32-32-20-random-1.scen,140,True,opti
140,random-32-32-20.map,planner,1,5054,3254,61,48,4499,3254,10801,0,16,True,random-32-32-20-random-1.scen,140,True,opti
140,random-32-32-20.map,planner,1,5116,3254,58,48,4469,3254,10773,0,64,True,random-32-32-20-random-1.scen,140,True,opti
140,random-32-32-20.map,planner,1,4919,3254,51,48,4432,3254,10540,0,256,True,random-32-32-20-random-1.scen,140,True,opti
200,random-32-32-20.map,planner,1,8058,4429,65,48,7075,4429,10491,0,0,False,random-32-32-20-random-1.scen,200,True,
200,random-32-32-20.map,planner,1,8048,4429,75,48,7177,4429,10746,0,0,True,random-32-32-20-random-1.scen,200,True,opti
200,random-32-32-20.map,planner,1,8112,4429,75,48,7086,4429,10163,0,1,True,random-32-32-20-random-1.scen,200,True,opti
200,random-32-32-20.map,planner,1,7844,4429,77,48,6947,4429,10474,0,4,True,random-32-32-20-random-1.scen,200,True,opti
200,random-32-32-20.map,planner,1,7959,4429,72,48,6893,4429,10431,0,16,True,random-32-32-20-random-1.scen,200,True,opti
200,random-32-32-20.map,planner,1,8094,4429,90,48,7064,4429,10135,0,64,True,random-32-32-20-random-1.scen,200,True,opti
200,random-32-32-20.map,planner,1,7765,4429,79,48,6733,4429,10231,0,256,True,random-32-32-20-random-1.scen,200,True,opti
260,random-32-32-20.map,planner,1,12214,5766,66,53,10421,5766,10665,0,0,False,random-32-32-20-random-1.scen,260,True,
260,random-32-32-20.map,planner,1,12465,5766,96,53,10718,5766,10491,0,0,True,random-32-32-20-random-1.scen,260,True,opti
260,random-32-32-20.map,planner,1,13461,5766,110,53,10823,5766,10201,0,1,True,random-32-32-20-random-1.scen,260,True,opti
260,random-32-32-20.map,planner,1,12298,5766,104,53,10429,5766,10511,0,4,True,random-32-32-20-random-1.scen,260,True,opti
260,random-32-32-20.map,planner,1,12687,5766,103,53,10871,5766,10268,0,16,True,random-32-32-20-random-1.scen,260,True,opti
260,random-32-32-20.map,planner,1,11833,5766,87,53,10327,5766,10037,0,64,True,random-32-32-20-random-1.scen,260,True,opti
260,random-32-32-20.map,planner,1,13451,5766,111,53,10895,5766,10002,0,256,True,random-32-32-20-random-1.scen,260,True,opti
320,random-32-32-20.map,planner,1,18852,7196,92,53,15867,7196,10278,0,0,False,random-32-32-20-random-1.scen,320,True,
320,random-32-32-20.map,planner,1,18923,7196,114,53,15549,7196,10375,0,0,True,random-32-32-20-random-1.scen,320,True,opti
320,random-32-32-20.map,planner,1,20108,7196,144,53,16017,7196,10119,0,1,True,random-32-32-20-random-1.scen,320,True,opti
320,random-32-32-20.map,planner,1,23483,7196,199,53,16943,7196,10081,0,4,True,random-32-32-20-random-1.scen,320,True,opti
320,random-32-32-20.map,planner,1,21869,7196,163,53,16854,7196,10080,0,16,True,random-32-32-20-random-1.scen,320,True,opti
320,random-32-32-20.map,planner,1,22299,7196,155,53,17289,7196,10023,0,64,True,random-32-32-20-random-1.scen,320,True,opti
320,random-32-32-20.map,planner,0,0,7196,0,53,0,7196,10050,0,256,True,random-32-32-20-random-1.scen,320,True,opti
380,random-32-32-20.map,planner,1,24993,8392,102,53,20931,8392,10067,0,0,False,random-32-32-20-random-1.scen,380,True,
380,random-32-32-20.map,planner,1,31140,8392,217,53,22612,8392,10459,0,0,True,random-32-32-20-random-1.scen,380,True,opti
380,random-32-32-20.map,planner,1,31143,8392,209,53,22977,8392,10119,0,1,True,random-32-32-20-random-1.scen,380,True,opti
380,random-32-32-20.map,planner,1,31741,8392,209,53,23127,8392,10210,0,4,True,random-32-32-20-random-1.scen,380,True,opti
380,random-32-32-20.map,planner,1,30628,8392,195,53,23205,8392,10173,0,16,True,random-32-32-20-random-1.scen,380,True,opti
380,random-32-32-20.map,planner,0,0,8392,0,53,0,8392,10011,0,64,True,random-32-32-20-random-1.scen,380,True,opti
380,random-32-32-20.map,planner,0,0,8392,0,53,0,8392,10046,0,256,True,random-32-32-20-random-1.scen,380,True,opti
20,random-32-32-20.map,planner,1,491,481,41,39,491,481,10849,0,0,False,random-32-32-20-random-6.scen,20,True,
20,random-32-32-20.map,planner,1,491,481,41,39,491,481,10844,0,0,True,random-32-32-20-random-6.scen,20,True,opti
20,random-32-32-20.map,planner,1,491,481,41,39,491,481,10841,0,1,True,random-32-32-20-random-6.scen,20,True,opti
20,random-32-32-20.map,planner,1,491,481,41,39,491,481,10836,0,4,True,random-32-32-20-random-6.scen,20,True,opti
20,random-32-32-20.map,planner,1,491,481,41,39,491,481,10844,0,16,True,random-32-32-20-random-6.scen,20,True,opti
20,random-32-32-20.map,planner,1,491,481,41,39,491,481,10897,0,64,True,random-32-32-20-random-6.scen,20,True,opti
20,random-32-32-20.map,planner,1,491,481,41,39,491,481,10832,0,256,True,random-32-32-20-random-6.scen,20,True,opti
80,random-32-32-20.map,planner,1,2336,1866,46,46,2157,1866,10564,0,0,False,random-32-32-20-random-6.scen,80,True,
80,random-32-32-20.map,planner,1,2266,1866,46,46,2117,1866,11303,0,0,True,random-32-32-20-random-6.scen,80,True,opti
80,random-32-32-20.map,planner,1,2328,1866,46,46,2180,1866,11857,0,1,True,random-32-32-20-random-6.scen,80,True,opti
80,random-32-32-20.map,planner,1,2328,1866,46,46,2180,1866,11549,0,4,True,random-32-32-20-random-6.scen,80,True,opti
80,random-32-32-20.map,planner,1,2328,1866,46,46,2180,1866,11528,0,16,True,random-32-32-20-random-6.scen,80,True,opti
80,random-32-32-20.map,planner,1,2328,1866,46,46,2180,1866,11622,0,64,True,random-32-32-20-random-6.scen,80,True,opti
80,random-32-32-20.map,planner,1,2328,1866,46,46,2180,1866,11526,0,256,True,random-32-32-20-random-6.scen,80,True,opti
140,random-32-32-20.map,planner,1,4859,3116,55,53,4350,3116,10199,0,0,False,random-32-32-20-random-6.scen,140,True,
140,random-32-32-20.map,planner,1,4950,3116,57,53,4390,3116,10092,0,0,True,random-32-32-20-random-6.scen,140,True,opti
140,random-32-32-20.map,planner,1,4780,3116,57,53,4213,3116,10847,0,1,True,random-32-32-20-random-6.scen,140,True,opti
140,random-32-32-20.map,planner,1,5033,3116,62,53,4314,3116,10238,0,4,True,random-32-32-20-random-6.scen,140,True,opti
140,random-32-32-20.map,planner,1,4797,3116,53,53,4272,3116,10576,0,16,True,random-32-32-20-random-6.scen,140,True,opti
140,random-32-32-20.map,planner,1,4792,3116,71,53,4189,3116,10510,0,64,True,random-32-32-20-random-6.scen,140,True,opti
140,random-32-32-20.map,planner,1,4705,3116,62,53,4138,3116,10121,0,256,True,random-32-32-20-random-6.scen,140,True,opti
200,random-32-32-20.map,planner,1,8309,4441,65,53,7240,4441,10756,0,0,False,random-32-32-20-random-6.scen,200,True,
200,random-32-32-20.map,planner,1,8215,4441,64,53,7132,4441,10721,0,0,True,random-32-32-20-random-6.scen,200,True,opti
200,random-32-32-20.map,planner,1,8568,4441,84,53,7276,4441,10138,0,1,True,random-32-32-20-random-6.scen,200,True,opti
200,random-32-32-20.map,planner,1,8311,4441,72,53,7255,4441,10226,0,4,True,random-32-32-20-random-6.scen,200,True,opti
200,random-32-32-20.map,planner,1,7818,4441,65,53,6837,4441,10113,0,16,True,random-32-32-20-random-6.scen,200,True,opti
200,random-32-32-20.map,planner,1,8217,4441,89,53,7098,4441,10260,0,64,True,random-32-32-20-random-6.scen,200,True,opti
200,random-32-32-20.map,planner,1,7945,4441,60,53,6894,4441,10084,0,256,True,random-32-32-20-random-6.scen,200,True,opti
260,random-32-32-20.map,planner,1,13018,5847,75,53,11232,5847,10159,0,0,False,random-32-32-20-random-6.scen,260,True,
260,random-32-32-20.map,planner,1,13349,5847,99,53,11321,5847,10665,0,0,True,random-32-32-20-random-6.scen,260,True,opti
260,random-32-32-20.map,planner,1,13069,5847,89,53,11130,5847,10107,0,1,True,random-32-32-20-random-6.scen,260,True,opti
260,random-32-32-20.map,planner,1,13799,5847,108,53,11221,5847,10185,0,4,True,random-32-32-20-random-6.scen,260,True,opti
260,random-32-32-20.map,planner,1,13524,5847,111,53,11313,5847,10020,0,16,True,random-32-32-20-random-6.scen,260,True,opti
260,random-32-32-20.map,planner,1,12782,5847,98,53,10908,5847,10075,0,64,True,random-32-32-20-random-6.scen,260,True,opti
260,random-32-32-20.map,planner,0,0,5847,0,53,0,5847,10202,0,256,True,random-32-32-20-random-6.scen,260,True,opti
320,random-32-32-20.map,planner,1,18068,7187,80,53,15470,7187,10426,0,0,False,random-32-32-20-random-6.scen,320,True,
320,random-32-32-20.map,planner,1,18796,7187,101,53,15810,7187,10488,0,0,True,random-32-32-20-random-6.scen,320,True,opti
320,random-32-32-20.map,planner,1,19215,7187,120,53,15634,7187,10135,0,1,True,random-32-32-20-random-6.scen,320,True,opti
320,random-32-32-20.map,planner,1,20075,7187,127,53,16261,7187,10220,0,4,True,random-32-32-20-random-6.scen,320,True,opti
320,random-32-32-20.map,planner,1,19921,7187,139,53,15994,7187,10044,0,16,True,random-32-32-20-random-6.scen,320,True,opti
320,random-32-32-20.map,planner,1,21329,7187,185,53,16707,7187,10014,0,64,True,random-32-32-20-random-6.scen,320,True,opti
320,random-32-32-20.map,planner,1,21906,7187,171,53,17088,7187,10005,0,256,True,random-32-32-20-random-6.scen,320,True,opti
380,random-32-32-20.map,planner,1,26874,8420,121,53,22046,8420,10338,0,0,False,random-32-32-20-random-6.scen,380,True,
380,random-32-32-20.map,planner,1,25752,8420,99,53,21651,8420,10419,0,0,True,random-32-32-20-random-6.scen,380,True,opti
380,random-32-32-20.map,planner,1,27183,8420,127,53,22134,8420,10081,0,1,True,random-32-32-20-random-6.scen,380,True,opti
380,random-32-32-20.map,planner,1,27781,8420,162,53,21727,8420,10077,0,4,True,random-32-32-20-random-6.scen,380,True,opti
380,random-32-32-20.map,planner,1,27298,8420,135,53,21983,8420,10036,0,16,True,random-32-32-20-random-6.scen,380,True,opti
380,random-32-32-20.map,planner,1,29864,8420,198,53,22573,8420,10059,0,64,True,random-32-32-20-random-6.scen,380,True,opti
380,random-32-32-20.map,planner,0,0,8420,0,53,0,8420,10166,0,256,True,random-32-32-20-random-6.scen,380,True,opti
20,random-32-32-20.map,planner,1,420,391,45,45,403,391,10858,0,0,False,random-32-32-20-random-10.scen,20,True,
20,random-32-32-20.map,planner,1,420,391,45,45,403,391,10845,0,0,True,random-32-32-20-random-10.scen,20,True,opti
20,random-32-32-20.map,planner,1,420,391,45,45,403,391,10841,0,1,True,random-32-32-20-random-10.scen,20,True,opti
20,random-32-32-20.map,planner,1,420,391,45,45,403,391,10855,0,4,True,random-32-32-20-random-10.scen,20,True,opti
20,random-32-32-20.map,planner,1,420,391,45,45,403,391,10838,0,16,True,random-32-32-20-random-10.scen,20,True,opti
20,random-32-32-20.map,planner,1,420,391,45,45,403,391,10842,0,64,True,random-32-32-20-random-10.scen,20,True,opti
20,random-32-32-20.map,planner,1,420,391,45,45,403,391,10848,0,256,True,random-32-32-20-random-10.scen,20,True,opti
80,random-32-32-20.map,planner,1,2154,1669,50,50,1973,1669,10593,0,0,False,random-32-32-20-random-10.scen,80,True,
80,random-32-32-20.map,planner,1,2154,1669,50,50,1973,1669,10588,0,0,True,random-32-32-20-random-10.scen,80,True,opti
80,random-32-32-20.map,planner,1,2169,1669,52,50,1964,1669,10267,0,1,True,random-32-32-20-random-10.scen,80,True,opti
80,random-32-32-20.map,planner,1,2251,1669,54,50,2010,1669,10138,0,4,True,random-32-32-20-random-10.scen,80,True,opti
80,random-32-32-20.map,planner,1,2251,1669,54,50,2010,1669,10131,0,16,True,random-32-32-20-random-10.scen,80,True,opti
80,random-32-32-20.map,planner,1,2251,1669,54,50,2010,1669,10137,0,64,True,random-32-32-20-random-10.scen,80,True,opti
80,random-32-32-20.map,planner,1,2251,1669,54,50,2010,1669,10148,0,256,True,random-32-32-20-random-10.scen,80,True,opti
140,random-32-32-20.map,planner,1,4327,2891,50,50,3919,2891,10906,0,0,False,random-32-32-20-random-10.scen,140,True,
140,random-32-32-20.map,planner,1,4462,2891,56,50,3984,2891,10994,0,0,True,random-32-32-20-random-10.scen,140,True,opti
140,random-32-32-20.map,planner,1,4351,2891,56,50,3830,2891,10505,0,1,True,random-32-32-20-random-10.scen,140,True,opti
140,random-32-32-20.map,planner,1,4345,2891,51,50,3852,2891,10412,0,4,True,random-32-32-20-random-10.scen,140,True,opti
140,random-32-32-20.map,planner,1,4345,2891,51,50,3852,2891,10683,0,16,True,random-32-32-20-random-10.scen,140,True,opti
140,random-32-32-20.map,planner,1,4345,2891,51,50,3852,2891,10978,0,64,True,random-32-32-20-random-10.scen,140,True,opti
140,random-32-32-20.map,planner,1,4345,2891,51,50,3852,2891,10974,0,256,True,random-32-32-20-random-10.scen,140,True,opti
200,random-32-32-20.map,planner,1,7442,4255,59,56,6591,4255,10642,0,0,False,random-32-32-20-random-10.scen,200,True,
200,random-32-32-20.map,planner,1,7872,4255,60,56,6849,4255,10878,0,0,True,random-32-32-20-random-10.scen,200,True,opti
200,random-32-32-20.map,planner,1,7840,4255,71,56,6731,4255,10178,0,1,True,random-32-32-20-random-10.scen,200,True,opti
200,random-32-32-20.map,planner,1,7645,4255,71,56,6769,4255,10094,0,4,True,random-32-32-20-random-10.scen,200,True,opti
200,random-32-32-20.map,planner,1,7749,4255,65,56,6704,4255,10247,0,16,True,random-32-32-20-random-10.scen,200,True,opti
200,random-32-32-20.map,planner,1,7623,4255,77,56,6682,4255,10203,0,64,True,random-32-32-20-random-10.scen,200,True,opti
200,random-32-32-20.map,planner,1,7880,4255,71,56,6812,4255,10033,0,256,True,random-32-32-20-random-10.scen,200,True,opti
260,random-32-32-20.map,planner,1,12395,5514,73,56,10557,5514,10143,0,0,False,random-32-32-20-random-10.scen,260,True,
260,random-32-32-20.map,planner,1,12071,5514,79,56,10380,5514,10568,0,0,True,random-32-32-20-random-10.scen,260,True,opti
260,random-32-32-20.map,planner,1,12520,5514,96,56,10494,5514,10169,0,1,True,random-32-32-20-random-10.scen,260,True,opti
260,random-32-32-20.map,planner,1,11825,5514,72,56,10135,5514,10433,0,4,True,random-32-32-20-random-10.scen,260,True,opti
260,random-32-32-20.map,planner,1,11970,5514,70,56,10202,5514,10033,0,16,True,random-32-32-20-random-10.scen,260,True,opti
260,random-32-32-20.map,planner,1,12309,5514,85,56,10175,5514,10009,0,64,True,random-32-32-20-random-10.scen,260,True,opti
260,random-32-32-20.map,planner,1,12821,5514,93,56,10599,5514,10075,0,256,True,random-32-32-20-random-10.scen,260,True,opti
320,random-32-32-20.map,planner,1,18004,6809,87,56,15218,6809,10049,0,0,False,random-32-32-20-random-10.scen,320,True,
320,random-32-32-20.map,planner,1,19216,6809,101,56,15971,6809,10053,0,0,True,random-32-32-20-random-10.scen,320,True,opti
320,random-32-32-20.map,planner,1,19549,6809,141,56,15665,6809,10137,0,1,True,random-32-32-20-random-10.scen,320,True,opti
320,random-32-32-20.map,planner,1,19221,6809,138,56,15098,6809,10281,0,4,True,random-32-32-20-random-10.scen,320,True,opti
320,random-32-32-20.map,planner,1,18854,6809,153,56,15308,6809,10204,0,16,True,random-32-32-20-random-10.scen,320,True,opti
320,random-32-32-20.map,planner,0,0,6809,0,56,0,6809,10005,0,64,True,random-32-32-20-random-10.scen,320,True,opti
320,random-32-32-20.map,planner,1,19784,6809,177,56,15471,6809,10161,0,256,True,random-32-32-20-random-10.scen,320,True,opti
380,random-32-32-20.map,planner,1,24811,8148,98,56,21147,8148,10269,0,0,False,random-32-32-20-random-10.scen,380,True,
380,random-32-32-20.map,planner,1,25799,8148,160,56,21394,8148,10329,0,0,True,random-32-32-20-random-10.scen,380,True,opti
380,random-32-32-20.map,planner,1,25276,8148,147,56,21048,8148,10118,0,1,True,random-32-32-20-random-10.scen,380,True,opti
380,random-32-32-20.map,planner,1,30839,8148,197,56,23627,8148,10081,0,4,True,random-32-32-20-random-10.scen,380,True,opti
380,random-32-32-20.map,planner,0,0,8148,0,56,0,8148,10026,0,16,True,random-32-32-20-random-10.scen,380,True,opti
380,random-32-32-20.map,planner,0,0,8148,0,56,0,8148,10048,0,64,True,random-32-32-20-random-10.scen,380,True,opti
380,random-32-32-20.map,planner,0,0,8148,0,56,0,8148,10028,0,256,True,random-32-32-20-random-10.scen,380,True,opti
20,random-32-32-20.map,planner,1,553,515,46,44,553,515,10422,0,0,False,random-32-32-20-random-19.scen,20,True,
20,random-32-32-20.map,planner,1,553,515,46,44,553,515,10426,0,0,True,random-32-32-20-random-19.scen,20,True,opti
20,random-32-32-20.map,planner,1,545,515,45,44,537,515,10497,0,1,True,random-32-32-20-random-19.scen,20,True,opti
20,random-32-32-20.map,planner,1,545,515,45,44,537,515,10517,0,4,True,random-32-32-20-random-19.scen,20,True,opti
20,random-32-32-20.map,planner,1,545,515,45,44,537,515,10508,0,16,True,random-32-32-20-random-19.scen,20,True,opti
20,random-32-32-20.map,planner,1,545,515,45,44,537,515,10489,0,64,True,random-32-32-20-random-19.scen,20,True,opti
20,random-32-32-20.map,planner,1,545,515,45,44,537,515,10503,0,256,True,random-32-32-20-random-19.scen,20,True,opti
80,random-32-32-20.map,planner,1,2453,1865,49,47,2218,1865,10342,0,0,False,random-32-32-20-random-19.scen,80,True,
80,random-32-32-20.map,planner,1,2505,1865,49,47,2300,1865,10481,0,0,True,random-32-32-20-random-19.scen,80,True,opti
80,random-32-32-20.map,planner,1,2393,1865,49,47,2174,1865,10445,0,1,True,random-32-32-20-random-19.scen,80,True,opti
80,random-32-32-20.map,planner,1,2378,1865,50,47,2222,1865,10292,0,4,True,random-32-32-20-random-19.scen,80,True,opti
80,random-32-32-20.map,planner,1,2378,1865,50,47,2222,1865,10289,0,16,True,random-32-32-20-random-19.scen,80,True,opti
80,random-32-32-20.map,planner,1,2378,1865,50,47,2222,1865,10278,0,64,True,random-32-32-20-random-19.scen,80,True,opti
80,random-32-32-20.map,planner,1,2378,1865,50,47,2222,1865,10298,0,256,True,random-32-32-20-random-19.scen,80,True,opti
140,random-32-32-20.map,planner,1,4747,3163,59,58,4278,3163,10921,0,0,False,random-32-32-20-random-19.scen,140,True,
140,random-32-32-20.map,planner,1,4929,3163,62,58,4274,3163,10979,0,0,True,random-32-32-20-random-19.scen,140,True,opti
140,random-32-32-20.map,planner,1,4635,3163,58,58,4167,3163,10471,0,1,True,random-32-32-20-random-19.scen,140,True,opti
140,random-32-32-20.map,planner,1,4709,3163,61,58,4194,3163,10521,0,4,True,random-32-32-20-random-19.scen,140,True,opti
140,random-32-32-20.map,planner,1,4828,3163,65,58,4221,3163,10234,0,16,True,random-32-32-20-random-19.scen,140,True,opti
140,random-32-32-20.map,planner,1,4978,3163,67,58,4302,3163,10269,0,64,True,random-32-32-20-random-19.scen,140,True,opti
140,random-32-32-20.map,planner,1,4706,3163,63,58,4099,3163,10407,0,256,True,random-32-32-20-random-19.scen,140,True,opti
200,random-32-32-20.map,planner,1,7865,4537,67,58,6965,4537,10422,0,0,False,random-32-32-20-random-19.scen,200,True,
200,random-32-32-20.map,planner,1,8147,4537,64,58,7234,4537,10640,0,0,True,random-32-32-20-random-19.scen,200,True,opti
200,random-32-32-20.map,planner,1,7913,4537,74,58,6902,4537,10499,0,1,True,random-32-32-20-random-19.scen,200,True,opti
200,random-32-32-20.map,planner,1,7754,4537,63,58,6861,4537,10616,0,4,True,random-32-32-20-random-19.scen,200,True,opti
200,random-32-32-20.map,planner,1,7914,4537,74,58,6884,4537,10633,0,16,True,random-32-32-20-random-19.scen,200,True,opti
200,random-32-32-20.map,planner,1,7996,4537,77,58,6944,4537,10153,0,64,True,random-32-32-20-random-19.scen,200,True,opti
200,random-32-32-20.map,planner,1,7849,4537,67,58,6855,4537,10101,0,256,True,random-32-32-20-random-19.scen,200,True,opti
260,random-32-32-20.map,planner,1,12046,5856,75,58,10425,5856,10483,0,0,False,random-32-32-20-random-19.scen,260,True,
260,random-32-32-20.map,planner,1,12391,5856,86,58,10735,5856,10566,0,0,True,random-32-32-20-random-19.scen,260,True,opti
260,random-32-32-20.map,planner,1,12889,5856,108,58,10845,5856,10087,0,1,True,random-32-32-20-random-19.scen,260,True,opti
260,random-32-32-20.map,planner,1,12743,5856,109,58,10820,5856,10263,0,4,True,random-32-32-20-random-19.scen,260,True,opti
260,random-32-32-20.map,planner,1,12782,5856,123,58,10816,5856,10114,0,16,True,random-32-32-20-random-19.scen,260,True,opti
260,random-32-32-20.map,planner,1,13050,5856,112,58,11018,5856,10046,0,64,True,random-32-32-20-random-19.scen,260,True,opti
260,random-32-32-20.map,planner,1,12397,5856,96,58,10595,5856,10009,0,256,True,random-32-32-20-random-19.scen,260,True,opti
320,random-32-32-20.map,planner,1,18945,7216,91,58,15947,7216,10228,0,0,False,random-32-32-20-random-19.scen,320,True,
320,random-32-32-20.map,planner,1,20164,7216,134,58,16377,7216,10630,0,0,True,random-32-32-20-random-19.scen,320,True,opti
320,random-32-32-20.map,planner,1,20803,7216,140,58,16226,7216,10190,0,1,True,random-32-32-20-random-19.scen,320,True,opti
320,random-32-32-20.map,planner,1,19929,7216,141,58,16132,7216,10176,0,4,True,random-32-32-20-random-19.scen,320,True,opti
320,random-32-32-20.map,planner,1,19220,7216,114,58,15885,7216,10010,0,16,True,random-32-32-20-random-19.scen,320,True,opti
320,random-32-32-20.map,planner,1,20505,7216,143,58,16680,7216,10041,0,64,True,random-32-32-20-random-19.scen,320,True,opti
320,random-32-32-20.map,planner,1,21397,7216,171,58,16808,7216,10169,0,256,True,random-32-32-20-random-19.scen,320,True,opti
380,random-32-32-20.map,planner,1,28539,8557,122,58,23267,8557,10187,0,0,False,random-32-32-20-random-19.scen,380,True,
380,random-32-32-20.map,planner,1,30462,8557,182,58,23596,8557,10442,0,0,True,random-32-32-20-random-19.scen,380,True,opti
380,random-32-32-20.map,planner,1,28034,8557,153,58,22797,8557,10091,0,1,True,random-32-32-20-random-19.scen,380,True,opti
380,random-32-32-20.map,planner,1,33208,8557,235,58,24223,8557,10127,0,4,True,random-32-32-20-random-19.scen,380,True,opti
380,random-32-32-20.map,planner,1,38191,8557,295,58,26979,8557,10035,0,16,True,random-32-32-20-random-19.scen,380,True,opti
380,random-32-32-20.map,planner,0,0,8557,0,58,0,8557,10034,0,64,True,random-32-32-20-random-19.scen,380,True,opti
380,random-32-32-20.map,planner,0,0,8557,0,58,0,8557,10081,0,256,True,random-32-32-20-random-19.scen,380,True,opti
20,random-32-32-20.map,planner,1,491,460,44,44,481,460,10672,0,0,False,random-32-32-20-random-20.scen,20,True,
20,random-32-32-20.map,planner,1,491,460,44,44,481,460,10639,0,0,True,random-32-32-20-random-20.scen,20,True,opti
20,random-32-32-20.map,planner,1,483,460,46,44,482,460,10666,0,1,True,random-32-32-20-random-20.scen,20,True,opti
20,random-32-32-20.map,planner,1,479,460,45,44,479,460,10739,0,4,True,random-32-32-20-random-20.scen,20,True,opti
20,random-32-32-20.map,planner,1,479,460,45,44,479,460,10858,0,16,True,random-32-32-20-random-20.scen,20,True,opti
20,random-32-32-20.map,planner,1,479,460,45,44,479,460,10760,0,64,True,random-32-32-20-random-20.scen,20,True,opti
20,random-32-32-20.map,planner,1,479,460,45,44,479,460,10702,0,256,True,random-32-32-20-random-20.scen,20,True,opti
80,random-32-32-20.map,planner,1,2315,1778,47,45,2154,1778,10245,0,0,False,random-32-32-20-random-20.scen,80,True,
80,random-32-32-20.map,planner,1,2321,1778,46,45,2161,1778,10271,0,0,True,random-32-32-20-random-20.scen,80,True,opti
80,random-32-32-20.map,planner,1,2298,1778,48,45,2188,1778,10182,0,1,True,random-32-32-20-random-20.scen,80,True,opti
80,random-32-32-20.map,planner,1,2428,1778,49,45,2181,1778,10237,0,4,True,random-32-32-20-random-20.scen,80,True,opti
80,random-32-32-20.map,planner,1,2428,1778,49,45,2181,1778,10184,0,16,True,random-32-32-20-random-20.scen,80,True,opti
80,random-32-32-20.map,planner,1,2428,1778,49,45,2181,1778,10188,0,64,True,random-32-32-20-random-20.scen,80,True,opti
80,random-32-32-20.map,planner,1,2428,1778,49,45,2181,1778,10172,0,256,True,random-32-32-20-random-20.scen,80,True,opti
140,random-32-32-20.map,planner,1,4906,3163,50,46,4353,3163,10355,0,0,False,random-32-32-20-random-20.scen,140,True,
140,random-32-32-20.map,planner,1,4841,3163,58,46,4366,3163,11037,0,0,True,random-32-32-20-random-20.scen,140,True,opti
140,random-32-32-20.map,planner,1,4713,3163,54,46,4214,3163,10828,0,1,True,random-32-32-20-random-20.scen,140,True,opti
140,random-32-32-20.map,planner,1,4777,3163,59,46,4269,3163,10619,0,4,True,random-32-32-20-random-20.scen,140,True,opti
140,random-32-32-20.map,planner,1,4767,3163,61,46,4256,3163,11059,0,16,True,random-32-32-20-random-20.scen,140,True,opti
140,random-32-32-20.map,planner,1,4757,3163,53,46,4266,3163,10837,0,64,True,random-32-32-20-random-20.scen,140,True,opti
140,random-32-32-20.map,planner,1,4685,3163,54,46,4174,3163,10134,0,256,True,random-32-32-20-random-20.scen,140,True,opti
200,random-32-32-20.map,planner,1,8699,4490,73,46,7527,4490,10262,0,0,False,random-32-32-20-random-20.scen,200,True,
200,random-32-32-20.map,planner,1,8017,4490,59,46,7072,4490,10625,0,0,True,random-32-32-20-random-20.scen,200,True,opti
200,random-32-32-20.map,planner,1,8077,4490,76,46,7123,4490,10138,0,1,True,random-32-32-20-random-20.scen,200,True,opti
200,random-32-32-20.map,planner,1,7950,4490,76,46,7072,4490,10547,0,4,True,random-32-32-20-random-20.scen,200,True,opti
200,random-32-32-20.map,planner,1,8126,4490,64,46,7075,4490,10098,0,16,True,random-32-32-20-random-20.scen,200,True,opti
200,random-32-32-20.map,planner,1,8268,4490,68,46,7142,4490,10156,0,64,True,random-32-32-20-random-20.scen,200,True,opti
200,random-32-32-20.map,planner,1,8338,4490,71,46,7274,4490,10177,0,256,True,random-32-32-20-random-20.scen,200,True,opti
260,random-32-32-20.map,planner,1,12133,5794,70,49,10514,5794,10422,0,0,False,random-32-32-20-random-20.scen,260,True,
260,random-32-32-20.map,planner,1,12207,5794,81,49,10671,5794,10563,0,0,True,random-32-32-20-random-20.scen,260,True,opti
260,random-32-32-20.map,planner,1,12501,5794,90,49,10809,5794,10312,0,1,True,random-32-32-20-random-20.scen,260,True,opti
260,random-32-32-20.map,planner,1,12426,5794,91,49,10926,5794,10057,0,4,True,random-32-32-20-random-20.scen,260,True,opti
260,random-32-32-20.map,planner,1,13160,5794,90,49,11211,5794,10093,0,16,True,random-32-32-20-random-20.scen,260,True,opti
260,random-32-32-20.map,planner,1,12912,5794,88,49,10948,5794,10043,0,64,True,random-32-32-20-random-20.scen,260,True,opti
260,random-32-32-20.map,planner,1,13363,5794,127,49,11158,5794,10019,0,256,True,random-32-32-20-random-20.scen,260,True,opti
320,random-32-32-20.map,planner,1,18239,7423,91,50,15696,7423,10078,0,0,False,random-32-32-20-random-20.scen,320,True,
320,random-32-32-20.map,planner,1,18605,7423,100,50,15974,7423,10388,0,0,True,random-32-32-20-random-20.scen,320,True,opti
320,random-32-32-20.map,planner,1,19066,7423,137,50,15735,7423,10126,0,1,True,random-32-32-20-random-20.scen,320,True,opti
320,random-32-32-20.map,planner,1,20547,7423,144,50,16731,7423,10073,0,4,True,random-32-32-20-random-20.scen,320,True,opti
320,random-32-32-20.map,planner,0,0,7423,0,50,0,7423,10021,0,16,True,random-32-32-20-random-20.scen,320,True,opti
320,random-32-32-20.map,planner,0,0,7423,0,50,0,7423,10025,0,64,True,random-32-32-20-random-20.scen,320,True,opti
320,random-32-32-20.map,planner,0,0,7423,0,50,0,7423,10050,0,256,True,random-32-32-20-random-20.scen,320,True,opti
380,random-32-32-20.map,planner,1,25364,8660,120,50,21502,8660,10402,0,0,False,random-32-32-20-random-20.scen,380,True,
380,random-32-32-20.map,planner,1,25971,8660,135,50,21797,8660,10358,0,0,True,random-32-32-20-random-20.scen,380,True,opti
380,random-32-32-20.map,planner,1,28486,8660,171,50,22760,8660,10131,0,1,True,random-32-32-20-random-20.scen,380,True,opti
380,random-32-32-20.map,planner,1,27265,8660,166,50,22645,8660,10097,0,4,True,random-32-32-20-random-20.scen,380,True,opti
380,random-32-32-20.map,planner,1,28216,8660,180,50,22411,8660,10056,0,16,True,random-32-32-20-random-20.scen,380,True,opti
380,random-32-32-20.map,planner,0,0,8660,0,50,0,8660,10058,0,64,True,random-32-32-20-random-20.scen,380,True,opti
380,random-32-32-20.map,planner,0,0,8660,0,50,0,8660,10007,0,256,True,random-32-32-20-random-20.scen,380,True,opti
20,random-32-32-20.map,planner,1,453,393,43,41,408,393,10746,0,0,False,random-32-32-20-random-12.scen,20,True,
20,random-32-32-20.map,planner,1,453,393,43,41,408,393,10742,0,0,True,random-32-32-20-random-12.scen,20,True,opti
20,random-32-32-20.map,planner,1,450,393,41,41,407,393,10193,0,1,True,random-32-32-20-random-12.scen,20,True,opti
20,random-32-32-20.map,planner,1,450,393,41,41,407,393,10200,0,4,True,random-32-32-20-random-12.scen,20,True,opti
20,random-32-32-20.map,planner,1,450,393,41,41,407,393,10104,0,16,True,random-32-32-20-random-12.scen,20,True,opti
20,random-32-32-20.map,planner,1,450,393,41,41,407,393,10201,0,64,True,random-32-32-20-random-12.scen,20,True,opti
20,random-32-32-20.map,planner,1,450,393,41,41,407,393,10212,0,256,True,random-32-32-20-random-12.scen,20,True,opti
80,random-32-32-20.map,planner,1,2450,1914,62,60,2289,1914,10581,0,0,False,random-32-32-20-random-12.scen,80,True,
80,random-32-32-20.map,planner,1,2533,1914,60,60,2321,1914,10430,0,0,True,random-32-32-20-random-12.scen,80,True,opti
80,random-32-32-20.map,planner,1,2497,1914,60,60,2275,1914,10387,0,1,True,random-32-32-20-random-12.scen,80,True,opti
80,random-32-32-20.map,planner,1,2511,1914,60,60,2295,1914,11177,0,4,True,random-32-32-20-random-12.scen,80,True,opti
80,random-32-32-20.map,planner,1,2443,1914,60,60,2241,1914,10922,0,16,True,random-32-32-20-random-12.scen,80,True,opti
80,random-32-32-20.map,planner,1,2538,1914,60,60,2263,1914,10501,0,64,True,random-32-32-20-random-12.scen,80,True,opti
80,random-32-32-20.map,planner,1,2538,1914,60,60,2263,1914,10426,0,256,True,random-32-32-20-random-12.scen,80,True,opti
140,random-32-32-20.map,planner,1,5391,3187,62,60,4614,3187,10409,0,0,False,random-32-32-20-random-12.scen,140,True,
140,random-32-32-20.map,planner,1,5239,3187,62,60,4510,3187,10551,0,0,True,random-32-32-20-random-12.scen,140,True,opti
140,random-32-32-20.map,planner,1,5106,3187,62,60,4450,3187,10110,0,1,True,random-32-32-20-random-12.scen,140,True,opti
140,random-32-32-20.map,planner,1,5125,3187,63,60,4378,3187,10282,0,4,True,random-32-32-20-random-12.scen,140,True,opti
140,random-32-32-20.map,planner,1,5049,3187,60,60,4366,3187,10341,0,16,True,random-32-32-20-random-12.scen,140,True,opti
140,random-32-32-20.map,planner,1,4876,3187,62,60,4278,3187,10387,0,64,True,random-32-32-20-random-12.scen,140,True,opti
140,random-32-32-20.map,planner,1,5030,3187,62,60,4352,3187,10699,0,256,True,random-32-32-20-random-12.scen,140,True,opti
200,random-32-32-20.map,planner,1,8878,4574,67,60,7622,4574,10146,0,0,False,random-32-32-20-random-12.scen,200,True,
200,random-32-32-20.map,planner,1,9071,4574,78,60,7735,4574,10775,0,0,True,random-32-32-20-random-12.scen,200,True,opti
200,random-32-32-20.map,planner,1,9028,4574,74,60,7581,4574,10133,0,1,True,random-32-32-20-random-12.scen,200,True,opti
200,random-32-32-20.map,planner,1,8726,4574,69,60,7533,4574,10446,0,4,True,random-32-32-20-random-12.scen,200,True,opti
200,random-32-32-20.map,planner,1,9103,4574,93,60,7651,4574,10437,0,16,True,random-32-32-20-random-12.scen,200,True,opti
200,random-32-32-20.map,planner,1,9092,4574,81,60,7704,4574,10310,0,64,True,random-32-32-20-random-12.scen,200,True,opti
200,random-32-32-20.map,planner,1,9280,4574,84,60,7825,4574,10102,0,256,True,random-32-32-20-random-12.scen,200,True,opti
260,random-32-32-20.map,planner,1,13037,5939,76,60,11157,5939,10489,0,0,False,random-32-32-20-random-12.scen,260,True,
260,random-32-32-20.map,planner,1,13601,5939,80,60,11438,5939,10492,0,0,True,random-32-32-20-random-12.scen,260,True,opti
260,random-32-32-20.map,planner,1,13836,5939,100,60,11448,5939,10345,0,1,True,random-32-32-20-random-12.scen,260,True,opti
260,random-32-32-20.map,planner,1,13589,5939,104,60,11392,5939,10199,0,4,True,random-32-32-20-random-12.scen,260,True,opti
260,random-32-32-20.map,planner,1,13991,5939,110,60,11638,5939,10081,0,16,True,random-32-32-20-random-12.scen,260,True,opti
260,random-32-32-20.map,planner,1,14652,5939,128,60,11891,5939,10083,0,64,True,random-32-32-20-random-12.scen,260,True,opti
260,random-32-32-20.map,planner,1,15307,5939,136,60,11980,5939,10151,0,256,True,random-32-32-20-random-12.scen,260,True,opti
320,random-32-32-20.map,planner,1,20675,7283,115,60,17105,7283,10301,0,0,False,random-32-32-20-random-12.scen,320,True,
320,random-32-32-20.map,planner,1,22653,7283,128,60,18328,7283,10049,0,0,True,random-32-32-20-random-12.scen,320,True,opti
320,random-32-32-20.map,planner,1,20926,7283,127,60,17169,7283,10210,0,1,True,random-32-32-20-random-12.scen,320,True,opti
320,random-32-32-20.map,planner,1,21217,7283,117,60,17189,7283,10278,0,4,True,random-32-32-20-random-12.scen,320,True,opti
320,random-32-32-20.map,planner,1,21550,7283,152,60,17434,7283,10243,0,16,True,random-32-32-20-random-12.scen,320,True,opti
320,random-32-32-20.map,planner,0,0,7283,0,60,0,7283,10035,0,64,True,random-32-32-20-random-12.scen,320,True,opti
320,random-32-32-20.map,planner,0,0,7283,0,60,0,7283,10068,0,256,True,random-32-32-20-random-12.scen,320,True,opti
380,random-32-32-20.map,planner,1,28167,8682,114,60,23188,8682,10068,0,0,False,random-32-32-20-random-12.scen,380,True,
380,random-32-32-20.map,planner,1,30513,8682,160,60,25098,8682,10067,0,0,True,random-32-32-20-random-12.scen,380,True,opti
380,random-32-32-20.map,planner,1,30574,8682,185,60,24086,8682,10066,0,1,True,random-32-32-20-random-12.scen,380,True,opti
380,random-32-32-20.map,planner,1,29963,8682,172,60,24036,8682,10111,0,4,True,random-32-32-20-random-12.scen,380,True,opti
380,random-32-32-20.map,planner,1,34022,8682,225,60,25014,8682,10030,0,16,True,random-32-32-20-random-12.scen,380,True,opti
380,random-32-32-20.map,planner,0,0,8682,0,60,0,8682,10033,0,64,True,random-32-32-20-random-12.scen,380,True,opti
380,random-32-32-20.map,planner,0,0,8682,0,60,0,8682,10024,0,256,True,random-32-32-20-random-12.scen,380,True,opti
20,random-32-32-20.map,planner,1,585,525,46,44,542,525,10480,0,0,False,random-32-32-20-random-25.scen,20,True,
20,random-32-32-20.map,planner,1,584,525,45,44,543,525,10296,0,0,True,random-32-32-20-random-25.scen,20,True,opti
20,random-32-32-20.map,planner,1,584,525,45,44,543,525,10437,0,1,True,random-32-32-20-random-25.scen,20,True,opti
20,random-32-32-20.map,planner,1,587,525,46,44,540,525,10456,0,4,True,random-32-32-20-random-25.scen,20,True,opti
20,random-32-32-20.map,planner,1,584,525,45,44,543,525,10438,0,16,True,random-32-32-20-random-25.scen,20,True,opti
20,random-32-32-20.map,planner,1,584,525,45,44,543,525,10424,0,64,True,random-32-32-20-random-25.scen,20,True,opti
20,random-32-32-20.map,planner,1,587,525,46,44,540,525,10450,0,256,True,random-32-32-20-random-25.scen,20,True,opti
80,random-32-32-20.map,planner,1,2223,1778,51,49,2072,1778,10199,0,0,False,random-32-32-20-random-25.scen,80,True,
80,random-32-32-20.map,planner,1,2236,1778,49,49,2058,1778,11039,0,0,True,random-32-32-20-random-25.scen,80,True,opti
80,random-32-32-20.map,planner,1,2192,1778,50,49,2046,1778,10261,0,1,True,random-32-32-20-random-25.scen,80,True,opti
80,random-32-32-20.map,planner,1,2192,1778,50,49,2046,1778,10261,0,4,True,random-32-32-20-random-25.scen,80,True,opti
80,random-32-32-20.map,planner,1,2192,1778,50,49,2046,1778,10257,0,16,True,random-32-32-20-random-25.scen,80,True,opti
80,random-32-32-20.map,planner,1,2192,1778,50,49,2046,1778,10247,0,64,True,random-32-32-20-random-25.scen,80,True,opti
80,random-32-32-20.map,planner,1,2192,1778,50,49,2046,1778,10255,0,256,True,random-32-32-20-random-25.scen,80,True,opti
140,random-32-32-20.map,planner,1,4745,3174,58,49,4308,3174,10701,0,0,False,random-32-32-20-random-25.scen,140,True,
140,random-32-32-20.map,planner,1,4871,3174,57,49,4389,3174,11039,0,0,True,random-32-32-20-random-25.scen,140,True,opti
140,random-32-32-20.map,planner,1,4746,3174,54,49,4223,3174,10835,0,1,True,random-32-32-20-random-25.scen,140,True,opti
140,random-32-32-20.map,planner,1,4806,3174,53,49,4313,3174,10705,0,4,True,random-32-32-20-random-25.scen,140,True,opti
140,random-32-32-20.map,planner,1,4798,3174,57,49,4241,3174,10538,0,16,True,random-32-32-20-random-25.scen,140,True,opti
140,random-32-32-20.map,planner,1,4818,3174,56,49,4313,3174,10425,0,64,True,random-32-32-20-random-25.scen,140,True,opti
140,random-32-32-20.map,planner,1,4955,3174,60,49,4369,3174,10217,0,256,True,random-32-32-20-random-25.scen,140,True,opti
200,random-32-32-20.map,planner,1,8374,4540,71,49,7363,4540,10749,0,0,False,random-32-32-20-random-25.scen,200,True,
200,random-32-32-20.map,planner,1,8274,4540,69,49,7408,4540,10822,0,0,True,random-32-32-20-random-25.scen,200,True,opti
200,random-32-32-20.map,planner,1,8120,4540,74,49,7098,4540,10489,0,1,True,random-32-32-20-random-25.scen,200,True,opti
200,random-32-32-20.map,planner,1,8203,4540,77,49,7209,4540,10255,0,4,True,random-32-32-20-random-25.scen,200,True,opti
200,random-32-32-20.map,planner,1,8334,4540,79,49,7200,4540,10215,0,16,True,random-32-32-20-random-25.scen,200,True,opti
200,random-32-32-20.map,planner,1,8087,4540,76,49,7108,4540,10036,0,64,True,random-32-32-20-random-25.scen,200,True,opti
200,random-32-32-20.map,planner,1,8384,4540,75,49,7262,4540,10146,0,256,True,random-32-32-20-random-25.scen,200,True,opti
260,random-32-32-20.map,planner,1,12188,5754,68,49,10585,5754,10537,0,0,False,random-32-32-20-random-25.scen,260,True,
260,random-32-32-20.map,planner,1,13333,5754,84,49,11313,5754,10047,0,0,True,random-32-32-20-random-25.scen,260,True,opti
260,random-32-32-20.map,planner,1,12743,5754,91,49,10608,5754,10260,0,1,True,random-32-32-20-random-25.scen,260,True,opti
260,random-32-32-20.map,planner,1,12390,5754,108,49,10493,5754,10100,0,4,True,random-32-32-20-random-25.scen,260,True,opti
260,random-32-32-20.map,planner,1,12754,5754,98,49,10802,5754,10371,0,16,True,random-32-32-20-random-25.scen,260,True,opti
260,random-32-32-20.map,planner,1,12387,5754,80,49,10662,5754,10079,0,64,True,random-32-32-20-random-25.scen,260,True,opti
260,random-32-32-20.map,planner,1,13401,5754,123,49,10888,5754,10135,0,256,True,random-32-32-20-random-25.scen,260,True,opti
320,random-32-32-20.map,planner,1,18028,7116,87,52,15737,7116,10358,0,0,False,random-32-32-20-random-25.scen,320,True,
320,random-32-32-20.map,planner,1,19732,7116,104,52,16400,7116,10466,0,0,True,random-32-32-20-random-25.scen,320,True,opti
320,random-32-32-20.map,planner,1,20636,7116,179,52,16414,7116,10080,0,1,True,random-32-32-20-random-25.scen,320,True,opti
320,random-32-32-20.map,planner,1,20333,7116,138,52,16896,7116,10293,0,4,True,random-32-32-20-random-25.scen,320,True,opti
320,random-32-32-20.map,planner,1,21135,7116,154,52,16768,7116,10129,0,16,True,random-32-32-20-random-25.scen,320,True,opti
320,random-32-32-20.map,planner,0,0,7116,0,52,0,7116,10042,0,64,True,random-32-32-20-random-25.scen,320,True,opti
320,random-32-32-20.map,planner,0,0,7116,0,52,0,7116,10011,0,256,True,random-32-32-20-random-25.scen,320,True,opti
380,random-32-32-20.map,planner,1,25844,8417,103,52,21456,8417,10256,0,0,False,random-32-32-20-random-25.scen,380,True,
380,random-32-32-20.map,planner,1,27841,8417,115,52,22750,8417,10290,0,0,True,random-32-32-20-random-25.scen,380,True,opti
380,random-32-32-20.map,planner,1,26708,8417,134,52,22037,8417,10150,0,1,True,random-32-32-20-random-25.scen,380,True,opti
380,random-32-32-20.map,planner,1,33122,8417,221,52,24072,8417,10167,0,4,True,random-32-32-20-random-25.scen,380,True,opti
380,random-32-32-20.map,planner,0,0,8417,0,52,0,8417,10025,0,16,True,random-32-32-20-random-25.scen,380,True,opti
380,random-32-32-20.map,planner,0,0,8417,0,52,0,8417,10024,0,64,True,random-32-32-20-random-25.scen,380,True,opti
380,random-32-32-20.map,planner,0,0,8417,0,52,0,8417,10103,0,256,True,random-32-32-20-random-25.scen,380,True,opti
20,random-32-32-20.map,planner,1,520,491,48,47,514,491,10498,0,0,False,random-32-32-20-random-22.scen,20,True,
20,random-32-32-20.map,planner,1,522,491,47,47,514,491,10991,0,0,True,random-32-32-20-random-22.scen,20,True,opti
20,random-32-32-20.map,planner,1,516,491,48,47,508,491,10865,0,1,True,random-32-32-20-random-22.scen,20,True,opti
20,random-32-32-20.map,planner,1,516,491,48,47,508,491,10824,0,4,True,random-32-32-20-random-22.scen,20,True,opti
20,random-32-32-20.map,planner,1,516,491,48,47,508,491,10834,0,16,True,random-32-32-20-random-22.scen,20,True,opti
20,random-32-32-20.map,planner,1,516,491,48,47,508,491,10841,0,64,True,random-32-32-20-random-22.scen,20,True,opti
20,random-32-32-20.map,planner,1,516,491,48,47,508,491,10836,0,256,True,random-32-32-20-random-22.scen,20,True,opti
80,random-32-32-20.map,planner,1,2399,1760,50,48,2149,1760,10338,0,0,False,random-32-32-20-random-22.scen,80,True,
80,random-32-32-20.map,planner,1,2343,1760,50,48,2127,1760,10362,0,0,True,random-32-32-20-random-22.scen,80,True,opti
80,random-32-32-20.map,planner,1,2340,1760,49,48,2120,1760,10289,0,1,True,random-32-32-20-random-22.scen,80,True,opti
80,random-32-32-20.map,planner,1,2340,1760,49,48,2120,1760,10291,0,4,True,random-32-32-20-random-22.scen,80,True,opti
80,random-32-32-20.map,planner,1,2340,1760,49,48,2120,1760,10300,0,16,True,random-32-32-20-random-22.scen,80,True,opti
80,random-32-32-20.map,planner,1,2340,1760,49,48,2120,1760,10299,0,64,True,random-32-32-20-random-22.scen,80,True,opti
80,random-32-32-20.map,planner,1,2340,1760,49,48,2120,1760,10284,0,256,True,random-32-32-20-random-22.scen,80,True,opti
140,random-32-32-20.map,planner,1,4925,3106,59,48,4350,3106,11073,0,0,False,random-32-32-20-random-22.scen,140,True,
140,random-32-32-20.map,planner,1,4965,3106,55,48,4350,3106,10781,0,0,True,random-32-32-20-random-22.scen,140,True,opti
140,random-32-32-20.map,planner,1,4927,3106,59,48,4224,3106,10876,0,1,True,random-32-32-20-random-22.scen,140,True,opti
140,random-32-32-20.map,planner,1,4883,3106,76,48,4268,3106,10432,0,4,True,random-32-32-20-random-22.scen,140,True,opti
140,random-32-32-20.map,planner,1,4799,3106,68,48,4210,3106,10527,0,16,True,random-32-32-20-random-22.scen,140,True,opti
140,random-32-32-20.map,planner,1,4932,3106,59,48,4353,3106,10568,0,64,True,random-32-32-20-random-22.scen,140,True,opti
140,random-32-32-20.map,planner,1,4832,3106,51,48,4248,3106,10237,0,256,True,random-32-32-20-random-22.scen,140,True,opti
200,random-32-32-20.map,planner,1,8346,4505,67,48,7288,4505,10751,0,0,False,random-32-32-20-random-22.scen,200,True,
200,random-32-32-20.map,planner,1,8376,4505,89,48,7508,4505,10401,0,0,True,random-32-32-20-random-22.scen,200,True,opti
200,random-32-32-20.map,planner,1,8274,4505,80,48,7331,4505,10445,0,1,True,random-32-32-20-random-22.scen,200,True,opti
200,random-32-32-20.map,planner,1,8898,4505,95,48,7566,4505,10109,0,4,True,random-32-32-20-random-22.scen,200,True,opti
200,random-32-32-20.map,planner,1,8660,4505,74,48,7521,4505,10210,0,16,True,random-32-32-20-random-22.scen,200,True,opti
200,random-32-32-20.map,planner,1,8783,4505,90,48,7469,4505,10160,0,64,True,random-32-32-20-random-22.scen,200,True,opti
200,random-32-32-20.map,planner,1,8856,4505,89,48,7635,4505,10079,0,256,True,random-32-32-20-random-22.scen,200,True,opti
260,random-32-32-20.map,planner,1,13915,5837,84,49,11611,5837,10582,0,0,False,random-32-32-20-random-22.scen,260,True,
260,random-32-32-20.map,planner,1,13267,5837,90,49,11538,5837,10619,0,0,True,random-32-32-20-random-22.scen,260,True,opti
260,random-32-32-20.map,planner,1,14384,5837,113,49,11761,5837,10269,0,1,True,random-32-32-20-random-22.scen,260,True,opti
260,random-32-32-20.map,planner,1,13882,5837,101,49,11610,5837,10200,0,4,True,random-32-32-20-random-22.scen,260,True,opti
260,random-32-32-20.map,planner,1,13529,5837,81,49,11547,5837,10122,0,16,True,random-32-32-20-random-22.scen,260,True,opti
260,random-32-32-20.map,planner,1,13325,5837,102,49,11179,5837,10054,0,64,True,random-32-32-20-random-22.scen,260,True,opti
260,random-32-32-20.map,planner,1,13425,5837,107,49,11292,5837,10205,0,256,True,random-32-32-20-random-22.scen,260,True,opti
320,random-32-32-20.map,planner,1,19280,7204,93,49,16512,7204,10350,0,0,False,random-32-32-20-random-22.scen,320,True,
320,random-32-32-20.map,planner,1,20248,7204,111,49,17100,7204,10404,0,0,True,random-32-32-20-random-22.scen,320,True,opti
320,random-32-32-20.map,planner,1,19229,7204,109,49,16205,7204,10131,0,1,True,random-32-32-20-random-22.scen,320,True,opti
320,random-32-32-20.map,planner,1,19850,7204,124,49,16632,7204,10129,0,4,True,random-32-32-20-random-22.scen,320,True,opti
320,random-32-32-20.map,planner,1,19118,7204,132,49,16043,7204,10017,0,16,True,random-32-32-20-random-22.scen,320,True,opti
320,random-32-32-20.map,planner,1,20054,7204,142,49,16522,7204,10016,0,64,True,random-32-32-20-random-22.scen,320,True,opti
320,random-32-32-20.map,planner,0,0,7204,0,49,0,7204,10059,0,256,True,random-32-32-20-random-22.scen,320,True,opti
380,random-32-32-20.map,planner,1,29035,8674,117,49,24146,8674,10435,0,0,False,random-32-32-20-random-22.scen,380,True,
380,random-32-32-20.map,planner,1,28734,8674,137,49,24286,8674,10174,0,0,True,random-32-32-20-random-22.scen,380,True,opti
380,random-32-32-20.map,planner,1,28468,8674,143,49,23287,8674,10087,0,1,True,random-32-32-20-random-22.scen,380,True,opti
380,random-32-32-20.map,planner,1,28523,8674,120,49,23964,8674,10039,0,4,True,random-32-32-20-random-22.scen,380,True,opti
380,random-32-32-20.map,planner,1,30518,8674,170,49,24602,8674,10020,0,16,True,random-32-32-20-random-22.scen,380,True,opti
380,random-32-32-20.map,planner,0,0,8674,0,49,0,8674,10028,0,64,True,random-32-32-20-random-22.scen,380,True,opti
380,random-32-32-20.map,planner,0,0,8674,0,49,0,8674,10123,0,256,True,random-32-32-20-random-22.scen,380,True,opti
20,random-32-32-20.map,planner,1,518,498,41,39,515,498,11302,0,0,False,random-32-32-20-random-21.scen,20,True,
20,random-32-32-20.map,planner,1,518,498,41,39,515,498,11388,0,0,True,random-32-32-20-random-21.scen,20,True,opti
20,random-32-32-20.map,planner,1,531,498,40,39,523,498,10260,0,1,True,random-32-32-20-random-21.scen,20,True,opti
20,random-32-32-20.map,planner,1,531,498,40,39,523,498,10256,0,4,True,random-32-32-20-random-21.scen,20,True,opti
20,random-32-32-20.map,planner,1,531,498,40,39,523,498,10262,0,16,True,random-32-32-20-random-21.scen,20,True,opti
20,random-32-32-20.map,planner,1,531,498,40,39,523,498,10260,0,64,True,random-32-32-20-random-21.scen,20,True,opti
20,random-32-32-20.map,planner,1,531,498,40,39,523,498,10262,0,256,True,random-32-32-20-random-21.scen,20,True,opti
80,random-32-32-20.map,planner,1,2262,1812,41,41,2159,1812,10574,0,0,False,random-32-32-20-random-21.scen,80,True,
80,random-32-32-20.map,planner,1,2227,1812,41,41,2118,1812,10638,0,0,True,random-32-32-20-random-21.scen,80,True,opti
80,random-32-32-20.map,planner,1,2320,1812,49,41,2169,1812,10089,0,1,True,random-32-32-20-random-21.scen,80,True,opti
80,random-32-32-20.map,planner,1,2276,1812,43,41,2142,1812,10183,0,4,True,random-32-32-20-random-21.scen,80,True,opti
80,random-32-32-20.map,planner,1,2317,1812,44,41,2184,1812,10178,0,16,True,random-32-32-20-random-21.scen,80,True,opti
80,random-32-32-20.map,planner,1,2317,1812,44,41,2184,1812,10157,0,64,True,random-32-32-20-random-21.scen,80,True,opti
80,random-32-32-20.map,planner,1,2317,1812,44,41,2184,1812,10166,0,256,True,random-32-32-20-random-21.scen,80,True,opti
140,random-32-32-20.map,planner,1,4423,3074,49,43,4016,3074,10958,0,0,False,random-32-32-20-random-21.scen,140,True,
140,random-32-32-20.map,planner,1,4517,3074,50,43,4095,3074,11163,0,0,True,random-32-32-20-random-21.scen,140,True,opti
140,random-32-32-20.map,planner,1,4470,3074,56,43,4066,3074,10103,0,1,True,random-32-32-20-random-21.scen,140,True,opti
140,random-32-32-20.map,planner,1,4497,3074,53,43,4092,3074,10192,0,4,True,random-32-32-20-random-21.scen,140,True,opti
140,random-32-32-20.map,planner,1,4734,3074,62,43,4157,3074,10716,0,16,True,random-32-32-20-random-21.scen,140,True,opti
140,random-32-32-20.map,planner,1,4442,3074,52,43,4060,3074,10329,0,64,True,random-32-32-20-random-21.scen,140,True,opti
140,random-32-32-20.map,planner,1,4586,3074,57,43,4090,3074,10576,0,256,True,random-32-32-20-random-21.scen,140,True,opti
200,random-32-32-20.map,planner,1,7693,4404,69,48,6880,4404,10058,0,0,False,random-32-32-20-random-21.scen,200,True,
200,random-32-32-20.map,planner,1,7804,4404,72,48,6899,4404,10834,0,0,True,random-32-32-20-random-21.scen,200,True,opti
200,random-32-32-20.map,planner,1,7794,4404,76,48,6833,4404,10416,0,1,True,random-32-32-20-random-21.scen,200,True,opti
200,random-32-32-20.map,planner,1,7916,4404,79,48,6981,4404,10428,0,4,True,random-32-32-20-random-21.scen,200,True,opti
200,random-32-32-20.map,planner,1,7498,4404,69,48,6648,4404,10127,0,16,True,random-32-32-20-random-21.scen,200,True,opti
200,random-32-32-20.map,planner,1,7750,4404,65,48,6769,4404,10239,0,64,True,random-32-32-20-random-21.scen,200,True,opti
200,random-32-32-20.map,planner,1,7420,4404,72,48,6545,4404,10059,0,256,True,random-32-32-20-random-21.scen,200,True,opti
260,random-32-32-20.map,planner,1,11852,5627,83,48,10232,5627,10609,0,0,False,random-32-32-20-random-21.scen,260,True,
260,random-32-32-20.map,planner,1,11902,5627,82,48,10255,5627,10677,0,0,True,random-32-32-20-random-21.scen,260,True,opti
260,random-32-32-20.map,planner,1,12308,5627,90,48,10266,5627,10161,0,1,True,random-32-32-20-random-21.scen,260,True,opti
260,random-32-32-20.map,planner,1,12066,5627,81,48,10288,5627,10061,0,4,True,random-32-32-20-random-21.scen,260,True,opti
260,random-32-32-20.map,planner,1,12787,5627,107,48,10365,5627,10280,0,16,True,random-32-32-20-random-21.scen,260,True,opti
260,random-32-32-20.map,planner,1,11720,5627,85,48,10160,5627,10393,0,64,True,random-32-32-20-random-21.scen,260,True,opti
260,random-32-32-20.map,planner,1,11751,5627,78,48,10223,5627,10004,0,256,True,random-32-32-20-random-21.scen,260,True,opti
320,random-32-32-20.map,planner,1,16855,6934,85,48,14409,6934,10414,0,0,False,random-32-32-20-random-21.scen,320,True,
320,random-32-32-20.map,planner,1,17556,6934,83,48,14897,6934,10125,0,0,True,random-32-32-20-random-21.scen,320,True,opti
320,random-32-32-20.map,planner,1,16900,6934,114,48,14274,6934,10176,0,1,True,random-32-32-20-random-21.scen,320,True,opti
320,random-32-32-20.map,planner,0,0,6934,0,48,0,6934,10104,0,4,True,random-32-32-20-random-21.scen,320,True,opti
320,random-32-32-20.map,planner,1,19055,6934,142,48,15363,6934,10050,0,16,True,random-32-32-20-random-21.scen,320,True,opti
320,random-32-32-20.map,planner,1,17509,6934,111,48,14629,6934,10014,0,64,True,random-32-32-20-random-21.scen,320,True,opti
320,random-32-32-20.map,planner,0,0,6934,0,48,0,6934,10131,0,256,True,random-32-32-20-random-21.scen,320,True,opti
380,random-32-32-20.map,planner,1,24566,8339,89,48,20692,8339,10252,0,0,False,random-32-32-20-random-21.scen,380,True,
380,random-32-32-20.map,planner,1,24936,8339,128,48,20328,8339,10351,0,0,True,random-32-32-20-random-21.scen,380,True,opti
380,random-32-32-20.map,planner,0,0,8339,0,48,0,8339,10170,0,1,True,random-32-32-20-random-21.scen,380,True,opti
380,random-32-32-20.map,planner,0,0,8339,0,48,0,8339,10076,0,4,True,random-32-32-20-random-21.scen,380,True,opti
380,random-32-32-20.map,planner,0,0,8339,0,48,0,8339,10038,0,16,True,random-32-32-20-random-21.scen,380,True,opti
380,random-32-32-20.map,planner,0,0,8339,0,48,0,8339,10050,0,64,True,random-32-32-20-random-21.scen,380,True,opti
380,random-32-32-20.map,planner,0,0,8339,0,48,0,8339,10036,0,256,True,random-32-32-20-random-21.scen,380,True,opti
20,random-32-32-20.map,planner,1,448,424,39,37,438,424,10674,0,0,False,random-32-32-20-random-13.scen,20,True,
20,random-32-32-20.map,planner,1,448,424,39,37,438,424,10655,0,0,True,random-32-32-20-random-13.scen,20,True,opti
20,random-32-32-20.map,planner,1,448,424,39,37,438,424,10641,0,1,True,random-32-32-20-random-13.scen,20,True,opti
20,random-32-32-20.map,planner,1,448,424,39,37,438,424,10611,0,4,True,random-32-32-20-random-13.scen,20,True,opti
20,random-32-32-20.map,planner,1,448,424,39,37,438,424,10622,0,16,True,random-32-32-20-random-13.scen,20,True,opti
20,random-32-32-20.map,planner,1,448,424,39,37,438,424,10665,0,64,True,random-32-32-20-random-13.scen,20,True,opti
20,random-32-32-20.map,planner,1,448,424,39,37,438,424,10630,0,256,True,random-32-32-20-random-13.scen,20,True,opti
80,random-32-32-20.map,planner,1,2288,1800,55,51,2104,1800,10477,0,0,False,random-32-32-20-random-13.scen,80,True,
80,random-32-32-20.map,planner,1,2263,1800,52,51,2098,1800,10373,0,0,True,random-32-32-20-random-13.scen,80,True,opti
80,random-32-32-20.map,planner,1,2235,1800,54,51,2103,1800,10336,0,1,True,random-32-32-20-random-13.scen,80,True,opti
80,random-32-32-20.map,planner,1,2235,1800,54,51,2103,1800,10250,0,4,True,random-32-32-20-random-13.scen,80,True,opti
80,random-32-32-20.map,planner,1,2235,1800,54,51,2103,1800,10369,0,16,True,random-32-32-20-random-13.scen,80,True,opti
80,random-32-32-20.map,planner,1,2235,1800,54,51,2103,1800,10371,0,64,True,random-32-32-20-random-13.scen,80,True,opti
80,random-32-32-20.map,planner,1,2235,1800,54,51,2103,1800,10348,0,256,True,random-32-32-20-random-13.scen,80,True,opti
140,random-32-32-20.map,planner,1,4924,3239,54,51,4347,3239,10486,0,0,False,random-32-32-20-random-13.scen,140,True,
140,random-32-32-20.map,planner,1,4795,3239,61,51,4347,3239,10711,0,0,True,random-32-32-20-random-13.scen,140,True,opti
140,random-32-32-20.map,planner,1,4702,3239,53,51,4249,3239,10561,0,1,True,random-32-32-20-random-13.scen,140,True,opti
140,random-32-32-20.map,planner,1,4691,3239,59,51,4294,3239,10223,0,4,True,random-32-32-20-random-13.scen,140,True,opti
140,random-32-32-20.map,planner,1,4795,3239,58,51,4247,3239,10595,0,16,True,random-32-32-20-random-13.scen,140,True,opti
140,random-32-32-20.map,planner,1,4588,3239,56,51,4163,3239,10686,0,64,True,random-32-32-20-random-13.scen,140,True,opti
140,random-32-32-20.map,planner,1,4797,3239,58,51,4253,3239,10647,0,256,True,random-32-32-20-random-13.scen,140,True,opti
200,random-32-32-20.map,planner,1,7535,4439,53,51,6668,4439,10425,0,0,False,random-32-32-20-random-13.scen,200,True,
200,random-32-32-20.map,planner,1,7621,4439,56,51,6785,4439,10742,0,0,True,random-32-32-20-random-13.scen,200,True,opti
200,random-32-32-20.map,planner,1,7584,4439,68,51,6670,4439,10291,0,1,True,random-32-32-20-random-13.scen,200,True,opti
200,random-32-32-20.map,planner,1,7604,4439,60,51,6781,4439,10634,0,4,True,random-32-32-20-random-13.scen,200,True,opti
200,random-32-32-20.map,planner,1,7501,4439,59,51,6627,4439,10685,0,16,True,random-32-32-20-random-13.scen,200,True,opti
200,random-32-32-20.map,planner,1,7856,4439,74,51,6870,4439,10047,0,64,True,random-32-32-20-random-13.scen,200,True,opti
200,random-32-32-20.map,planner,1,7502,4439,67,51,6620,4439,10332,0,256,True,random-32-32-20-random-13.scen,200,True,opti
260,random-32-32-20.map,planner,1,11887,5858,69,51,10377,5858,10538,0,0,False,random-32-32-20-random-13.scen,260,True,
260,random-32-32-20.map,planner,1,11701,5858,67,51,10329,5858,10497,0,0,True,random-32-32-20-random-13.scen,260,True,opti
260,random-32-32-20.map,planner,1,11744,5858,96,51,10278,5858,10241,0,1,True,random-32-32-20-random-13.scen,260,True,opti
260,random-32-32-20.map,planner,1,11753,5858,80,51,10213,5858,10400,0,4,True,random-32-32-20-random-13.scen,260,True,opti
260,random-32-32-20.map,planner,1,11901,5858,92,51,10244,5858,10207,0,16,True,random-32-32-20-random-13.scen,260,True,opti
260,random-32-32-20.map,planner,1,11405,5858,82,51,10070,5858,10131,0,64,True,random-32-32-20-random-13.scen,260,True,opti
260,random-32-32-20.map,planner,0,0,5858,0,51,0,5858,10004,0,256,True,random-32-32-20-random-13.scen,260,True,opti
320,random-32-32-20.map,planner,1,17379,7189,106,56,15269,7189,10513,0,0,False,random-32-32-20-random-13.scen,320,True,
320,random-32-32-20.map,planner,1,17825,7189,82,56,15047,7189,10418,0,0,True,random-32-32-20-random-13.scen,320,True,opti
320,random-32-32-20.map,planner,1,19019,7189,149,56,15448,7189,10093,0,1,True,random-32-32-20-random-13.scen,320,True,opti
320,random-32-32-20.map,planner,1,19547,7189,128,56,15605,7189,10113,0,4,True,random-32-32-20-random-13.scen,320,True,opti
320,random-32-32-20.map,planner,1,18249,7189,112,56,15276,7189,10133,0,16,True,random-32-32-20-random-13.scen,320,True,opti
320,random-32-32-20.map,planner,1,18593,7189,132,56,15416,7189,10022,0,64,True,random-32-32-20-random-13.scen,320,True,opti
320,random-32-32-20.map,planner,1,21169,7189,152,56,16412,7189,10197,0,256,True,random-32-32-20-random-13.scen,320,True,opti
380,random-32-32-20.map,planner,1,27134,8524,111,56,22065,8524,10278,0,0,False,random-32-32-20-random-13.scen,380,True,
380,random-32-32-20.map,planner,1,28912,8524,141,56,22834,8524,10076,0,0,True,random-32-32-20-random-13.scen,380,True,opti
380,random-32-32-20.map,planner,1,29265,8524,180,56,23215,8524,10107,0,1,True,random-32-32-20-random-13.scen,380,True,opti
380,random-32-32-20.map,planner,1,28137,8524,172,56,22077,8524,10206,0,4,True,random-32-32-20-random-13.scen,380,True,opti
380,random-32-32-20.map,planner,0,0,8524,0,56,0,8524,10021,0,16,True,random-32-32-20-random-13.scen,380,True,opti
380,random-32-32-20.map,planner,1,28809,8524,165,56,22873,8524,10004,0,64,True,random-32-32-20-random-13.scen,380,True,opti
380,random-32-32-20.map,planner,0,0,8524,0,56,0,8524,10074,0,256,True,random-32-32-20-random-13.scen,380,True,opti
20,random-32-32-20.map,planner,1,445,406,40,40,432,406,10524,0,0,False,random-32-32-20-random-17.scen,20,True,
20,random-32-32-20.map,planner,1,445,406,40,40,427,406,10389,0,0,True,random-32-32-20-random-17.scen,20,True,opti
20,random-32-32-20.map,planner,1,445,406,40,40,429,406,10871,0,1,True,random-32-32-20-random-17.scen,20,True,opti
20,random-32-32-20.map,planner,1,445,406,40,40,429,406,10830,0,4,True,random-32-32-20-random-17.scen,20,True,opti
20,random-32-32-20.map,planner,1,445,406,40,40,429,406,10854,0,16,True,random-32-32-20-random-17.scen,20,True,opti
20,random-32-32-20.map,planner,1,445,406,40,40,429,406,10851,0,64,True,random-32-32-20-random-17.scen,20,True,opti
20,random-32-32-20.map,planner,1,445,406,40,40,429,406,10855,0,256,True,random-32-32-20-random-17.scen,20,True,opti
80,random-32-32-20.map,planner,1,2191,1629,46,46,1991,1629,10683,0,0,False,random-32-32-20-random-17.scen,80,True,
80,random-32-32-20.map,planner,1,2210,1629,48,46,2010,1629,10583,0,0,True,random-32-32-20-random-17.scen,80,True,opti
80,random-32-32-20.map,planner,1,2258,1629,48,46,2030,1629,10360,0,1,True,random-32-32-20-random-17.scen,80,True,opti
80,random-32-32-20.map,planner,1,2262,1629,46,46,2031,1629,10195,0,4,True,random-32-32-20-random-17.scen,80,True,opti
80,random-32-32-20.map,planner,1,2299,1629,48,46,2022,1629,10203,0,16,True,random-32-32-20-random-17.scen,80,True,opti
80,random-32-32-20.map,planner,1,2262,1629,46,46,2031,1629,10507,0,64,True,random-32-32-20-random-17.scen,80,True,opti
80,random-32-32-20.map,planner,1,2262,1629,46,46,2031,1629,10539,0,256,True,random-32-32-20-random-17.scen,80,True,opti
140,random-32-32-20.map,planner,1,5032,3010,59,53,4401,3010,10216,0,0,False,random-32-32-20-random-17.scen,140,True,
140,random-32-32-20.map,planner,1,5062,3010,57,53,4413,3010,10200,0,0,True,random-32-32-20-random-17.scen,140,True,opti
140,random-32-32-20.map,planner,1,4786,3010,57,53,4270,3010,10809,0,1,True,random-32-32-20-random-17.scen,140,True,opti
140,random-32-32-20.map,planner,1,4900,3010,57,53,4288,3010,10428,0,4,True,random-32-32-20-random-17.scen,140,True,opti
140,random-32-32-20.map,planner,1,4797,3010,56,53,4278,3010,10906,0,16,True,random-32-32-20-random-17.scen,140,True,opti
140,random-32-32-20.map,planner,1,4870,3010,56,53,4325,3010,10740,0,64,True,random-32-32-20-random-17.scen,140,True,opti
140,random-32-32-20.map,planner,1,4926,3010,59,53,4305,3010,10565,0,256,True,random-32-32-20-random-17.scen,140,True,opti
200,random-32-32-20.map,planner,1,8828,4510,65,53,7703,4510,10789,0,0,False,random-32-32-20-random-17.scen,200,True,
200,random-32-32-20.map,planner,1,9006,4510,81,53,7782,4510,10844,0,0,True,random-32-32-20-random-17.scen,200,True,opti
200,random-32-32-20.map,planner,1,8745,4510,86,53,7544,4510,10341,0,1,True,random-32-32-20-random-17.scen,200,True,opti
200,random-32-32-20.map,planner,1,8428,4510,71,53,7432,4510,10560,0,4,True,random-32-32-20-random-17.scen,200,True,opti
200,random-32-32-20.map,planner,1,8768,4510,74,53,7488,4510,10061,0,16,True,random-32-32-20-random-17.scen,200,True,opti
200,random-32-32-20.map,planner,1,8611,4510,70,53,7532,4510,10343,0,64,True,random-32-32-20-random-17.scen,200,True,opti
200,random-32-32-20.map,planner,1,8613,4510,75,53,7372,4510,10043,0,256,True,random-32-32-20-random-17.scen,200,True,opti
260,random-32-32-20.map,planner,1,13371,5826,74,53,11236,5826,10504,0,0,False,random-32-32-20-random-17.scen,260,True,
260,random-32-32-20.map,planner,1,13430,5826,94,53,11652,5826,10065,0,0,True,random-32-32-20-random-17.scen,260,True,opti
260,random-32-32-20.map,planner,1,13977,5826,112,53,11479,5826,10513,0,1,True,random-32-32-20-random-17.scen,260,True,opti
260,random-32-32-20.map,planner,1,14195,5826,113,53,11754,5826,10151,0,4,True,random-32-32-20-random-17.scen,260,True,opti
260,random-32-32-20.map,planner,1,13499,5826,117,53,11390,5826,10068,0,16,True,random-32-32-20-random-17.scen,260,True,opti
260,random-32-32-20.map,planner,1,14200,5826,129,53,11763,5826,10205,0,64,True,random-32-32-20-random-17.scen,260,True,opti
260,random-32-32-20.map,planner,1,14271,5826,130,53,11908,5826,10022,0,256,True,random-32-32-20-random-17.scen,260,True,opti
320,random-32-32-20.map,planner,1,18720,7177,94,53,15947,7177,10070,0,0,False,random-32-32-20-random-17.scen,320,True,
320,random-32-32-20.map,planner,1,19391,7177,113,53,16223,7177,10044,0,0,True,random-32-32-20-random-17.scen,320,True,opti
320,random-32-32-20.map,planner,1,20417,7177,150,53,16649,7177,10096,0,1,True,random-32-32-20-random-17.scen,320,True,opti
320,random-32-32-20.map,planner,1,18622,7177,110,53,15727,7177,10033,0,4,True,random-32-32-20-random-17.scen,320,True,opti
320,random-32-32-20.map,planner,1,20516,7177,123,53,16564,7177,10083,0,16,True,random-32-32-20-random-17.scen,320,True,opti
320,random-32-32-20.map,planner,1,20883,7177,118,53,17301,7177,10022,0,64,True,random-32-32-20-random-17.scen,320,True,opti
320,random-32-32-20.map,planner,1,21938,7177,158,53,17011,7177,10138,0,256,True,random-32-32-20-random-17.scen,320,True,opti
380,random-32-32-20.map,planner,1,27254,8449,106,53,22501,8449,10233,0,0,False,random-32-32-20-random-17.scen,380,True,
380,random-32-32-20.map,planner,1,26708,8449,132,53,22269,8449,10378,0,0,True,random-32-32-20-random-17.scen,380,True,opti
380,random-32-32-20.map,planner,1,31845,8449,232,53,24247,8449,10117,0,1,True,random-32-32-20-random-17.scen,380,True,opti
380,random-32-32-20.map,planner,1,30549,8449,195,53,23519,8449,10061,0,4,True,random-32-32-20-random-17.scen,380,True,opti
380,random-32-32-20.map,planner,1,31428,8449,210,53,23930,8449,10045,0,16,True,random-32-32-20-random-17.scen,380,True,opti
380,random-32-32-20.map,planner,1,32037,8449,213,53,24209,8449,10009,0,64,True,random-32-32-20-random-17.scen,380,True,opti
380,random-32-32-20.map,planner,0,0,8449,0,53,0,8449,10037,0,256,True,random-32-32-20-random-17.scen,380,True,opti
20,random-32-32-20.map,planner,1,429,400,45,45,409,400,10532,0,0,False,random-32-32-20-random-9.scen,20,True,
20,random-32-32-20.map,planner,1,429,400,45,45,409,400,10490,0,0,True,random-32-32-20-random-9.scen,20,True,opti
20,random-32-32-20.map,planner,1,429,400,45,45,409,400,10386,0,1,True,random-32-32-20-random-9.scen,20,True,opti
20,random-32-32-20.map,planner,1,429,400,45,45,409,400,10397,0,4,True,random-32-32-20-random-9.scen,20,True,opti
20,random-32-32-20.map,planner,1,429,400,45,45,409,400,10377,0,16,True,random-32-32-20-random-9.scen,20,True,opti
20,random-32-32-20.map,planner,1,429,400,45,45,409,400,10366,0,64,True,random-32-32-20-random-9.scen,20,True,opti
20,random-32-32-20.map,planner,1,429,400,45,45,409,400,10402,0,256,True,random-32-32-20-random-9.scen,20,True,opti
80,random-32-32-20.map,planner,1,2494,1788,52,50,2147,1788,10343,0,0,False,random-32-32-20-random-9.scen,80,True,
80,random-32-32-20.map,planner,1,2545,1788,67,50,2206,1788,10264,0,0,True,random-32-32-20-random-9.scen,80,True,opti
80,random-32-32-20.map,planner,1,2561,1788,65,50,2194,1788,10259,0,1,True,random-32-32-20-random-9.scen,80,True,opti
80,random-32-32-20.map,planner,1,2561,1788,65,50,2194,1788,10259,0,4,True,random-32-32-20-random-9.scen,80,True,opti
80,random-32-32-20.map,planner,1,2561,1788,65,50,2194,1788,10230,0,16,True,random-32-32-20-random-9.scen,80,True,opti
80,random-32-32-20.map,planner,1,2561,1788,65,50,2194,1788,10259,0,64,True,random-32-32-20-random-9.scen,80,True,opti
80,random-32-32-20.map,planner,1,2561,1788,65,50,2194,1788,10239,0,256,True,random-32-32-20-random-9.scen,80,True,opti
140,random-32-32-20.map,planner,1,5163,3144,59,50,4490,3144,10680,0,0,False,random-32-32-20-random-9.scen,140,True,
140,random-32-32-20.map,planner,1,5111,3144,63,50,4487,3144,10924,0,0,True,random-32-32-20-random-9.scen,140,True,opti
140,random-32-32-20.map,planner,1,4996,3144,65,50,4362,3144,10744,0,1,True,random-32-32-20-random-9.scen,140,True,opti
140,random-32-32-20.map,planner,1,5200,3144,77,50,4416,3144,10665,0,4,True,random-32-32-20-random-9.scen,140,True,opti
140,random-32-32-20.map,planner,1,5168,3144,71,50,4418,3144,10125,0,16,True,random-32-32-20-random-9.scen,140,True,opti
140,random-32-32-20.map,planner,1,4946,3144,67,50,4376,3144,10434,0,64,True,random-32-32-20-random-9.scen,140,True,opti
140,random-32-32-20.map,planner,1,5024,3144,52,50,4379,3144,10358,0,256,True,random-32-32-20-random-9.scen,140,True,opti
200,random-32-32-20.map,planner,1,8377,4431,75,50,7252,4431,10644,0,0,False,random-32-32-20-random-9.scen,200,True,
200,random-32-32-20.map,planner,1,8449,4431,87,50,7431,4431,10408,0,0,True,random-32-32-20-random-9.scen,200,True,opti
200,random-32-32-20.map,planner,1,8367,4431,84,50,7292,4431,10426,0,1,True,random-32-32-20-random-9.scen,200,True,opti
200,random-32-32-20.map,planner,1,8558,4431,91,50,7361,4431,10064,0,4,True,random-32-32-20-random-9.scen,200,True,opti
200,random-32-32-20.map,planner,1,8616,4431,88,50,7310,4431,10067,0,16,True,random-32-32-20-random-9.scen,200,True,opti
200,random-32-32-20.map,planner,1,8471,4431,85,50,7325,4431,10204,0,64,True,random-32-32-20-random-9.scen,200,True,opti
200,random-32-32-20.map,planner,1,8672,4431,88,50,7424,4431,10040,0,256,True,random-32-32-20-random-9.scen,200,True,opti
260,random-32-32-20.map,planner,1,12838,5868,81,52,10941,5868,10333,0,0,False,random-32-32-20-random-9.scen,260,True,
260,random-32-32-20.map,planner,1,13253,5868,94,52,11278,5868,10292,0,0,True,random-32-32-20-random-9.scen,260,True,opti
260,random-32-32-20.map,planner,1,13167,5868,104,52,11170,5868,10458,0,1,True,random-32-32-20-random-9.scen,260,True,opti
260,random-32-32-20.map,planner,1,13668,5868,107,52,11399,5868,10159,0,4,True,random-32-32-20-random-9.scen,260,True,opti
260,random-32-32-20.map,planner,1,13202,5868,91,52,11067,5868,10150,0,16,True,random-32-32-20-random-9.scen,260,True,opti
260,random-32-32-20.map,planner,1,14511,5868,139,52,11731,5868,10051,0,64,True,random-32-32-20-random-9.scen,260,True,opti
260,random-32-32-20.map,planner,1,15289,5868,123,52,12257,5868,10107,0,256,True,random-32-32-20-random-9.scen,260,True,opti
320,random-32-32-20.map,planner,1,20221,7154,97,52,16709,7154,10158,0,0,False,random-32-32-20-random-9.scen,320,True,
320,random-32-32-20.map,planner,1,20275,7154,138,52,16740,7154,10323,0,0,True,random-32-32-20-random-9.scen,320,True,opti
320,random-32-32-20.map,planner,1,19636,7154,119,52,16489,7154,10185,0,1,True,random-32-32-20-random-9.scen,320,True,opti
320,random-32-32-20.map,planner,1,20012,7154,155,52,16384,7154,10289,0,4,True,random-32-32-20-random-9.scen,320,True,opti
320,random-32-32-20.map,planner,1,20730,7154,138,52,16897,7154,10090,0,16,True,random-32-32-20-random-9.scen,320,True,opti
320,random-32-32-20.map,planner,0,0,7154,0,52,0,7154,10040,0,64,True,random-32-32-20-random-9.scen,320,True,opti
320,random-32-32-20.map,planner,0,0,7154,0,52,0,7154,10137,0,256,True,random-32-32-20-random-9.scen,320,True,opti
380,random-32-32-20.map,planner,1,26754,8458,106,52,22565,8458,10062,0,0,False,random-32-32-20-random-9.scen,380,True,
380,random-32-32-20.map,planner,1,30693,8458,156,52,24002,8458,10060,0,0,True,random-32-32-20-random-9.scen,380,True,opti
380,random-32-32-20.map,planner,1,30609,8458,195,52,23628,8458,10119,0,1,True,random-32-32-20-random-9.scen,380,True,opti
380,random-32-32-20.map,planner,1,30916,8458,198,52,23578,8458,10157,0,4,True,random-32-32-20-random-9.scen,380,True,opti
380,random-32-32-20.map,planner,1,31216,8458,197,52,23915,8458,10037,0,16,True,random-32-32-20-random-9.scen,380,True,opti
380,random-32-32-20.map,planner,0,0,8458,0,52,0,8458,10015,0,64,True,random-32-32-20-random-9.scen,380,True,opti
380,random-32-32-20.map,planner,0,0,8458,0,52,0,8458,10037,0,256,True,random-32-32-20-random-9.scen,380,True,opti
20,random-32-32-20.map,planner,1,475,427,39,39,451,427,10166,0,0,False,random-32-32-20-random-15.scen,20,True,
20,random-32-32-20.map,planner,1,475,427,39,39,451,427,10171,0,0,True,random-32-32-20-random-15.scen,20,True,opti
20,random-32-32-20.map,planner,1,433,427,40,39,433,427,10683,0,1,True,random-32-32-20-random-15.scen,20,True,opti
20,random-32-32-20.map,planner,1,433,427,40,39,433,427,10672,0,4,True,random-32-32-20-random-15.scen,20,True,opti
20,random-32-32-20.map,planner,1,433,427,40,39,433,427,10697,0,16,True,random-32-32-20-random-15.scen,20,True,opti
20,random-32-32-20.map,planner,1,433,427,40,39,433,427,10689,0,64,True,random-32-32-20-random-15.scen,20,True,opti
20,random-32-32-20.map,planner,1,433,427,40,39,433,427,10677,0,256,True,random-32-32-20-random-15.scen,20,True,opti
80,random-32-32-20.map,planner,1,2324,1723,43,41,2113,1723,10369,0,0,False,random-32-32-20-random-15.scen,80,True,
80,random-32-32-20.map,planner,1,2366,1723,43,41,2176,1723,10387,0,0,True,random-32-32-20-random-15.scen,80,True,opti
80,random-32-32-20.map,planner,1,2279,1723,44,41,2105,1723,10369,0,1,True,random-32-32-20-random-15.scen,80,True,opti
80,random-32-32-20.map,planner,1,2301,1723,43,41,2125,1723,10284,0,4,True,random-32-32-20-random-15.scen,80,True,opti
80,random-32-32-20.map,planner,1,2272,1723,59,41,2075,1723,10217,0,16,True,random-32-32-20-random-15.scen,80,True,opti
80,random-32-32-20.map,planner,1,2243,1723,42,41,2090,1723,10816,0,64,True,random-32-32-20-random-15.scen,80,True,opti
80,random-32-32-20.map,planner,1,2313,1723,45,41,2127,1723,10185,0,256,True,random-32-32-20-random-15.scen,80,True,opti
140,random-32-32-20.map,planner,1,4995,3121,57,52,4399,3121,10253,0,0,False,random-32-32-20-random-15.scen,140,True,
140,random-32-32-20.map,planner,1,5491,3121,70,52,4700,3121,10468,0,0,True,random-32-32-20-random-15.scen,140,True,opti
140,random-32-32-20.map,planner,1,4842,3121,58,52,4398,3121,10592,0,1,True,random-32-32-20-random-15.scen,140,True,opti
140,random-32-32-20.map,planner,1,4903,3121,54,52,4328,3121,10693,0,4,True,random-32-32-20-random-15.scen,140,True,opti
140,random-32-32-20.map,planner,1,4784,3121,56,52,4289,3121,10017,0,16,True,random-32-32-20-random-15.scen,140,True,opti
140,random-32-32-20.map,planner,1,4911,3121,56,52,4369,3121,10184,0,64,True,random-32-32-20-random-15.scen,140,True,opti
140,random-32-32-20.map,planner,1,5016,3121,54,52,4401,3121,10524,0,256,True,random-32-32-20-random-15.scen,140,True,opti
200,random-32-32-20.map,planner,1,8617,4489,64,52,7591,4489,10799,0,0,False,random-32-32-20-random-15.scen,200,True,
200,random-32-32-20.map,planner,1,8378,4489,66,52,7449,4489,10145,0,0,True,random-32-32-20-random-15.scen,200,True,opti
200,random-32-32-20.map,planner,1,8638,4489,72,52,7413,4489,10195,0,1,True,random-32-32-20-random-15.scen,200,True,opti
200,random-32-32-20.map,planner,1,8716,4489,73,52,7405,4489,10395,0,4,True,random-32-32-20-random-15.scen,200,True,opti
200,random-32-32-20.map,planner,1,8509,4489,78,52,7368,4489,10741,0,16,True,random-32-32-20-random-15.scen,200,True,opti
200,random-32-32-20.map,planner,1,8908,4489,87,52,7607,4489,10333,0,64,True,random-32-32-20-random-15.scen,200,True,opti
200,random-32-32-20.map,planner,1,8759,4489,82,52,7544,4489,10092,0,256,True,random-32-32-20-random-15.scen,200,True,opti
260,random-32-32-20.map,planner,1,14016,5829,81,52,11799,5829,10619,0,0,False,random-32-32-20-random-15.scen,260,True,
260,random-32-32-20.map,planner,1,14496,5829,98,52,12121,5829,10159,0,0,True,random-32-32-20-random-15.scen,260,True,opti
260,random-32-32-20.map,planner,1,15330,5829,159,52,11796,5829,10283,0,1,True,random-32-32-20-random-15.scen,260,True,opti
260,random-32-32-20.map,planner,1,14702,5829,127,52,11925,5829,10233,0,4,True,random-32-32-20-random-15.scen,260,True,opti
260,random-32-32-20.map,planner,1,14241,5829,130,52,11636,5829,10202,0,16,True,random-32-32-20-random-15.scen,260,True,opti
260,random-32-32-20.map,planner,1,14102,5829,104,52,11828,5829,10069,0,64,True,random-32-32-20-random-15.scen,260,True,opti
260,random-32-32-20.map,planner,1,15488,5829,137,52,12136,5829,10053,0,256,True,random-32-32-20-random-15.scen,260,True,opti
320,random-32-32-20.map,planner,1,19381,7205,102,53,16433,7205,10424,0,0,False,random-32-32-20-random-15.scen,320,True,
320,random-32-32-20.map,planner,1,20102,7205,118,53,16643,7205,10386,0,0,True,random-32-32-20-random-15.scen,320,True,opti
320,random-32-32-20.map,planner,1,20713,7205,130,53,16729,7205,10126,0,1,True,random-32-32-20-random-15.scen,320,True,opti
320,random-32-32-20.map,planner,1,21356,7205,155,53,17093,7205,10081,0,4,True,random-32-32-20-random-15.scen,320,True,opti
320,random-32-32-20.map,planner,1,20758,7205,153,53,16913,7205,10137,0,16,True,random-32-32-20-random-15.scen,320,True,opti
320,random-32-32-20.map,planner,1,21367,7205,155,53,17402,7205,10033,0,64,True,random-32-32-20-random-15.scen,320,True,opti
320,random-32-32-20.map,planner,0,0,7205,0,53,0,7205,10008,0,256,True,random-32-32-20-random-15.scen,320,True,opti
380,random-32-32-20.map,planner,1,28454,8555,120,53,23552,8555,10391,0,0,False,random-32-32-20-random-15.scen,380,True,
380,random-32-32-20.map,planner,1,28080,8555,153,53,23046,8555,10493,0,0,True,random-32-32-20-random-15.scen,380,True,opti
380,random-32-32-20.map,planner,1,31369,8555,194,53,23886,8555,10227,0,1,True,random-32-32-20-random-15.scen,380,True,opti
380,random-32-32-20.map,planner,1,31047,8555,184,53,24580,8555,10070,0,4,True,random-32-32-20-random-15.scen,380,True,opti
380,random-32-32-20.map,planner,1,29464,8555,179,53,23469,8555,10032,0,16,True,random-32-32-20-random-15.scen,380,True,opti
380,random-32-32-20.map,planner,0,0,8555,0,53,0,8555,10043,0,64,True,random-32-32-20-random-15.scen,380,True,opti
380,random-32-32-20.map,planner,0,0,8555,0,53,0,8555,10011,0,256,True,random-32-32-20-random-15.scen,380,True,opti
20,random-32-32-20.map,planner,1,437,395,39,37,415,395,10332,0,0,False,random-32-32-20-random-7.scen,20,True,
20,random-32-32-20.map,planner,1,437,395,39,37,415,395,10325,0,0,True,random-32-32-20-random-7.scen,20,True,opti
20,random-32-32-20.map,planner,1,437,395,39,37,415,395,10328,0,1,True,random-32-32-20-random-7.scen,20,True,opti
20,random-32-32-20.map,planner,1,437,395,39,37,415,395,10345,0,4,True,random-32-32-20-random-7.scen,20,True,opti
20,random-32-32-20.map,planner,1,437,395,39,37,415,395,10318,0,16,True,random-32-32-20-random-7.scen,20,True,opti
20,random-32-32-20.map,planner,1,437,395,39,37,415,395,10315,0,64,True,random-32-32-20-random-7.scen,20,True,opti
20,random-32-32-20.map,planner,1,437,395,39,37,415,395,10317,0,256,True,random-32-32-20-random-7.scen,20,True,opti
80,random-32-32-20.map,planner,1,2435,1801,47,47,2152,1801,10365,0,0,False,random-32-32-20-random-7.scen,80,True,
80,random-32-32-20.map,planner,1,2435,1801,47,47,2152,1801,10361,0,0,True,random-32-32-20-random-7.scen,80,True,opti
80,random-32-32-20.map,planner,1,2487,1801,50,47,2189,1801,10364,0,1,True,random-32-32-20-random-7.scen,80,True,opti
80,random-32-32-20.map,planner,1,2411,1801,49,47,2145,1801,10457,0,4,True,random-32-32-20-random-7.scen,80,True,opti
80,random-32-32-20.map,planner,1,2503,1801,48,47,2192,1801,10118,0,16,True,random-32-32-20-random-7.scen,80,True,opti
80,random-32-32-20.map,planner,1,2414,1801,53,47,2171,1801,10371,0,64,True,random-32-32-20-random-7.scen,80,True,opti
80,random-32-32-20.map,planner,1,2415,1801,49,47,2176,1801,10458,0,256,True,random-32-32-20-random-7.scen,80,True,opti
140,random-32-32-20.map,planner,1,4766,3012,54,48,4227,3012,10461,0,0,False,random-32-32-20-random-7.scen,140,True,
140,random-32-32-20.map,planner,1,4746,3012,57,48,4258,3012,10869,0,0,True,random-32-32-20-random-7.scen,140,True,opti
140,random-32-32-20.map,planner,1,4856,3012,53,48,4212,3012,10248,0,1,True,random-32-32-20-random-7.scen,140,True,opti
140,random-32-32-20.map,planner,1,4662,3012,49,48,4174,3012,10619,0,4,True,random-32-32-20-random-7.scen,140,True,opti
140,random-32-32-20.map,planner,1,4794,3012,60,48,4186,3012,10524,0,16,True,random-32-32-20-random-7.scen,140,True,opti
140,random-32-32-20.map,planner,1,4708,3012,52,48,4199,3012,10422,0,64,True,random-32-32-20-random-7.scen,140,True,opti
140,random-32-32-20.map,planner,1,4736,3012,55,48,4163,3012,10563,0,256,True,random-32-32-20-random-7.scen,140,True,opti
200,random-32-32-20.map,planner,1,8049,4287,61,48,7150,4287,10049,0,0,False,random-32-32-20-random-7.scen,200,True,
200,random-32-32-20.map,planner,1,7685,4287,60,48,6922,4287,10089,0,0,True,random-32-32-20-random-7.scen,200,True,opti
200,random-32-32-20.map,planner,1,7647,4287,62,48,6751,4287,10540,0,1,True,random-32-32-20-random-7.scen,200,True,opti
200,random-32-32-20.map,planner,1,7792,4287,68,48,6870,4287,10647,0,4,True,random-32-32-20-random-7.scen,200,True,opti
200,random-32-32-20.map,planner,1,7771,4287,73,48,6911,4287,10234,0,16,True,random-32-32-20-random-7.scen,200,True,opti
200,random-32-32-20.map,planner,1,7693,4287,59,48,6880,4287,10173,0,64,True,random-32-32-20-random-7.scen,200,True,opti
200,random-32-32-20.map,planner,1,7810,4287,77,48,6795,4287,10027,0,256,True,random-32-32-20-random-7.scen,200,True,opti
260,random-32-32-20.map,planner,1,13524,5797,81,56,11548,5797,10539,0,0,False,random-32-32-20-random-7.scen,260,True,
260,random-32-32-20.map,planner,1,12992,5797,73,56,11232,5797,10516,0,0,True,random-32-32-20-random-7.scen,260,True,opti
260,random-32-32-20.map,planner,1,14473,5797,127,56,11907,5797,10056,0,1,True,random-32-32-20-random-7.scen,260,True,opti
260,random-32-32-20.map,planner,1,12701,5797,88,56,10843,5797,10385,0,4,True,random-32-32-20-random-7.scen,260,True,opti
260,random-32-32-20.map,planner,1,13234,5797,98,56,10959,5797,10258,0,16,True,random-32-32-20-random-7.scen,260,True,opti
260,random-32-32-20.map,planner,1,13099,5797,94,56,11161,5797,10043,0,64,True,random-32-32-20-random-7.scen,260,True,opti
260,random-32-32-20.map,planner,1,13501,5797,112,56,11174,5797,10221,0,256,True,random-32-32-20-random-7.scen,260,True,opti
320,random-32-32-20.map,planner,1,18805,7247,87,56,16337,7247,10456,0,0,False,random-32-32-20-random-7.scen,320,True,
320,random-32-32-20.map,planner,1,20100,7247,98,56,16922,7247,10187,0,0,True,random-32-32-20-random-7.scen,320,True,opti
320,random-32-32-20.map,planner,1,19546,7247,100,56,16340,7247,10246,0,1,True,random-32-32-20-random-7.scen,320,True,opti
320,random-32-32-20.map,planner,1,20029,7247,113,56,16271,7247,10046,0,4,True,random-32-32-20-random-7.scen,320,True,opti
320,random-32-32-20.map,planner,1,20642,7247,135,56,16626,7247,10152,0,16,True,random-32-32-20-random-7.scen,320,True,opti
320,random-32-32-20.map,planner,1,21476,7247,149,56,16848,7247,10034,0,64,True,random-32-32-20-random-7.scen,320,True,opti
320,random-32-32-20.map,planner,0,0,7247,0,56,0,7247,10098,0,256,True,random-32-32-20-random-7.scen,320,True,opti
380,random-32-32-20.map,planner,1,26725,8520,104,56,22526,8520,10224,0,0,False,random-32-32-20-random-7.scen,380,True,
380,random-32-32-20.map,planner,1,28192,8520,129,56,23424,8520,10243,0,0,True,random-32-32-20-random-7.scen,380,True,opti
380,random-32-32-20.map,planner,1,28252,8520,160,56,23037,8520,10234,0,1,True,random-32-32-20-random-7.scen,380,True,opti
380,random-32-32-20.map,planner,1,34039,8520,225,56,24599,8520,10064,0,4,True,random-32-32-20-random-7.scen,380,True,opti
380,random-32-32-20.map,planner,1,32907,8520,217,56,24314,8520,10036,0,16,True,random-32-32-20-random-7.scen,380,True,opti
380,random-32-32-20.map,planner,1,36310,8520,207,56,26648,8520,10044,0,64,True,random-32-32-20-random-7.scen,380,True,opti
380,random-32-32-20.map,planner,0,0,8520,0,56,0,8520,10157,0,256,True,random-32-32-20-random-7.scen,380,True,opti
20,random-32-32-20.map,planner,1,440,432,40,38,440,432,10409,0,0,False,random-32-32-20-random-14.scen,20,True,
20,random-32-32-20.map,planner,1,440,432,40,38,440,432,10405,0,0,True,random-32-32-20-random-14.scen,20,True,opti
20,random-32-32-20.map,planner,1,436,432,38,38,436,432,11168,0,1,True,random-32-32-20-random-14.scen,20,True,opti
20,random-32-32-20.map,planner,1,436,432,38,38,436,432,11238,0,4,True,random-32-32-20-random-14.scen,20,True,opti
20,random-32-32-20.map,planner,1,436,432,38,38,436,432,11206,0,16,True,random-32-32-20-random-14.scen,20,True,opti
20,random-32-32-20.map,planner,1,436,432,38,38,436,432,11152,0,64,True,random-32-32-20-random-14.scen,20,True,opti
20,random-32-32-20.map,planner,1,436,432,38,38,436,432,11119,0,256,True,random-32-32-20-random-14.scen,20,True,opti
80,random-32-32-20.map,planner,1,2288,1770,44,44,2094,1770,10255,0,0,False,random-32-32-20-random-14.scen,80,True,
80,random-32-32-20.map,planner,1,2298,1770,44,44,2118,1770,10226,0,0,True,random-32-32-20-random-14.scen,80,True,opti
80,random-32-32-20.map,planner,1,2248,1770,46,44,2087,1770,10990,0,1,True,random-32-32-20-random-14.scen,80,True,opti
80,random-32-32-20.map,planner,1,2248,1770,46,44,2087,1770,11003,0,4,True,random-32-32-20-random-14.scen,80,True,opti
80,random-32-32-20.map,planner,1,2248,1770,46,44,2087,1770,10949,0,16,True,random-32-32-20-random-14.scen,80,True,opti
80,random-32-32-20.map,planner,1,2248,1770,46,44,2087,1770,11007,0,64,True,random-32-32-20-random-14.scen,80,True,opti
80,random-32-32-20.map,planner,1,2248,1770,46,44,2087,1770,11048,0,256,True,random-32-32-20-random-14.scen,80,True,opti
140,random-32-32-20.map,planner,1,4773,3213,54,54,4268,3213,10422,0,0,False,random-32-32-20-random-14.scen,140,True,
140,random-32-32-20.map,planner,1,4898,3213,54,54,4285,3213,10531,0,0,True,random-32-32-20-random-14.scen,140,True,opti
140,random-32-32-20.map,planner,1,4744,3213,55,54,4207,3213,10260,0,1,True,random-32-32-20-random-14.scen,140,True,opti
140,random-32-32-20.map,planner,1,4696,3213,56,54,4196,3213,10370,0,4,True,random-32-32-20-random-14.scen,140,True,opti
140,random-32-32-20.map,planner,1,4737,3213,54,54,4237,3213,10969,0,16,True,random-32-32-20-random-14.scen,140,True,opti
140,random-32-32-20.map,planner,1,4530,3213,55,54,4084,3213,10506,0,64,True,random-32-32-20-random-14.scen,140,True,opti
140,random-32-32-20.map,planner,1,4850,3213,58,54,4255,3213,10754,0,256,True,random-32-32-20-random-14.scen,140,True,opti
200,random-32-32-20.map,planner,1,7933,4505,64,54,6966,4505,10889,0,0,False,random-32-32-20-random-14.scen,200,True,
200,random-32-32-20.map,planner,1,8007,4505,89,54,6896,4505,10760,0,0,True,random-32-32-20-random-14.scen,200,True,opti
200,random-32-32-20.map,planner,1,7742,4505,66,54,6874,4505,10357,0,1,True,random-32-32-20-random-14.scen,200,True,opti
200,random-32-32-20.map,planner,1,7781,4505,82,54,6786,4505,10621,0,4,True,random-32-32-20-random-14.scen,200,True,opti
200,random-32-32-20.map,planner,1,7395,4505,62,54,6497,4505,10327,0,16,True,random-32-32-20-random-14.scen,200,True,opti
200,random-32-32-20.map,planner,0,0,4505,0,54,0,4505,10036,0,64,True,random-32-32-20-random-14.scen,200,True,opti
200,random-32-32-20.map,planner,0,0,4505,0,54,0,4505,10105,0,256,True,random-32-32-20-random-14.scen,200,True,opti
260,random-32-32-20.map,planner,1,11597,5769,68,54,10082,5769,10580,0,0,False,random-32-32-20-random-14.scen,260,True,
260,random-32-32-20.map,planner,1,12005,5769,93,54,10244,5769,10108,0,0,True,random-32-32-20-random-14.scen,260,True,opti
260,random-32-32-20.map,planner,1,11693,5769,88,54,9997,5769,10162,0,1,True,random-32-32-20-random-14.scen,260,True,opti
260,random-32-32-20.map,planner,1,11648,5769,92,54,9900,5769,10336,0,4,True,random-32-32-20-random-14.scen,260,True,opti
260,random-32-32-20.map,planner,1,11897,5769,88,54,10093,5769,10146,0,16,True,random-32-32-20-random-14.scen,260,True,opti
260,random-32-32-20.map,planner,1,11729,5769,84,54,10094,5769,10080,0,64,True,random-32-32-20-random-14.scen,260,True,opti
260,random-32-32-20.map,planner,0,0,5769,0,54,0,5769,10161,0,256,True,random-32-32-20-random-14.scen,260,True,opti
320,random-32-32-20.map,planner,1,17568,7085,81,54,14933,7085,10476,0,0,False,random-32-32-20-random-14.scen,320,True,
320,random-32-32-20.map,planner,1,18189,7085,110,54,15299,7085,10498,0,0,True,random-32-32-20-random-14.scen,320,True,opti
320,random-32-32-20.map,planner,1,17848,7085,112,54,14772,7085,10465,0,1,True,random-32-32-20-random-14.scen,320,True,opti
320,random-32-32-20.map,planner,1,18708,7085,125,54,14896,7085,10082,0,4,True,random-32-32-20-random-14.scen,320,True,opti
320,random-32-32-20.map,planner,1,18469,7085,114,54,15305,7085,10072,0,16,True,random-32-32-20-random-14.scen,320,True,opti
320,random-32-32-20.map,planner,0,0,7085,0,54,0,7085,10054,0,64,True,random-32-32-20-random-14.scen,320,True,opti
320,random-32-32-20.map,planner,0,0,7085,0,54,0,7085,10188,0,256,True,random-32-32-20-random-14.scen,320,True,opti
380,random-32-32-20.map,planner,1,23774,8543,89,54,20392,8543,10213,0,0,False,random-32-32-20-random-14.scen,380,True,
380,random-32-32-20.map,planner,1,24454,8543,101,54,21047,8543,10042,0,0,True,random-32-32-20-random-14.scen,380,True,opti
380,random-32-32-20.map,planner,1,26087,8543,131,54,21749,8543,10116,0,1,True,random-32-32-20-random-14.scen,380,True,opti
380,random-32-32-20.map,planner,0,0,8543,0,54,0,8543,10092,0,4,True,random-32-32-20-random-14.scen,380,True,opti
380,random-32-32-20.map,planner,0,0,8543,0,54,0,8543,10034,0,16,True,random-32-32-20-random-14.scen,380,True,opti
380,random-32-32-20.map,planner,0,0,8543,0,54,0,8543,10017,0,64,True,random-32-32-20-random-14.scen,380,True,opti
380,random-32-32-20.map,planner,0,0,8543,0,54,0,8543,10101,0,256,True,random-32-32-20-random-14.scen,380,True,opti
20,random-32-32-20.map,planner,1,504,489,51,51,504,489,11161,0,0,False,random-32-32-20-random-18.scen,20,True,
20,random-32-32-20.map,planner,1,504,489,51,51,504,489,11139,0,0,True,random-32-32-20-random-18.scen,20,True,opti
20,random-32-32-20.map,planner,1,507,489,51,51,504,489,10538,0,1,True,random-32-32-20-random-18.scen,20,True,opti
20,random-32-32-20.map,planner,1,507,489,51,51,504,489,10477,0,4,True,random-32-32-20-random-18.scen,20,True,opti
20,random-32-32-20.map,planner,1,507,489,51,51,504,489,10537,0,16,True,random-32-32-20-random-18.scen,20,True,opti
20,random-32-32-20.map,planner,1,507,489,51,51,504,489,10541,0,64,True,random-32-32-20-random-18.scen,20,True,opti
20,random-32-32-20.map,planner,1,507,489,51,51,504,489,10530,0,256,True,random-32-32-20-random-18.scen,20,True,opti
80,random-32-32-20.map,planner,1,2502,1754,52,51,2071,1754,10366,0,0,False,random-32-32-20-random-18.scen,80,True,
80,random-32-32-20.map,planner,1,2436,1754,51,51,2142,1754,10191,0,0,True,random-32-32-20-random-18.scen,80,True,opti
80,random-32-32-20.map,planner,1,2504,1754,51,51,2099,1754,10921,0,1,True,random-32-32-20-random-18.scen,80,True,opti
80,random-32-32-20.map,planner,1,2467,1754,53,51,2093,1754,10406,0,4,True,random-32-32-20-random-18.scen,80,True,opti
80,random-32-32-20.map,planner,1,2504,1754,51,51,2099,1754,10118,0,16,True,random-32-32-20-random-18.scen,80,True,opti
80,random-32-32-20.map,planner,1,2504,1754,51,51,2099,1754,10121,0,64,True,random-32-32-20-random-18.scen,80,True,opti
80,random-32-32-20.map,planner,1,2504,1754,51,51,2099,1754,10121,0,256,True,random-32-32-20-random-18.scen,80,True,opti
140,random-32-32-20.map,planner,1,4771,3098,55,51,4229,3098,10717,0,0,False,random-32-32-20-random-18.scen,140,True,
140,random-32-32-20.map,planner,1,4867,3098,51,51,4310,3098,10164,0,0,True,random-32-32-20-random-18.scen,140,True,opti
140,random-32-32-20.map,planner,1,4720,3098,52,51,4142,3098,10197,0,1,True,random-32-32-20-random-18.scen,140,True,opti
140,random-32-32-20.map,planner,1,4691,3098,53,51,4204,3098,10300,0,4,True,random-32-32-20-random-18.scen,140,True,opti
140,random-32-32-20.map,planner,1,4683,3098,54,51,4118,3098,10243,0,16,True,random-32-32-20-random-18.scen,140,True,opti
140,random-32-32-20.map,planner,1,4724,3098,61,51,4134,3098,10172,0,64,True,random-32-32-20-random-18.scen,140,True,opti
140,random-32-32-20.map,planner,1,4648,3098,55,51,4086,3098,10071,0,256,True,random-32-32-20-random-18.scen,140,True,opti
200,random-32-32-20.map,planner,1,7805,4505,59,51,6980,4505,10460,0,0,False,random-32-32-20-random-18.scen,200,True,
200,random-32-32-20.map,planner,1,7969,4505,60,51,7027,4505,10703,0,0,True,random-32-32-20-random-18.scen,200,True,opti
200,random-32-32-20.map,planner,1,7843,4505,64,51,7006,4505,10298,0,1,True,random-32-32-20-random-18.scen,200,True,opti
200,random-32-32-20.map,planner,1,7980,4505,70,51,7057,4505,10155,0,4,True,random-32-32-20-random-18.scen,200,True,opti
200,random-32-32-20.map,planner,1,8188,4505,81,51,7048,4505,10194,0,16,True,random-32-32-20-random-18.scen,200,True,opti
200,random-32-32-20.map,planner,1,7752,4505,63,51,6774,4505,10261,0,64,True,random-32-32-20-random-18.scen,200,True,opti
200,random-32-32-20.map,planner,1,7796,4505,70,51,6966,4505,10171,0,256,True,random-32-32-20-random-18.scen,200,True,opti
260,random-32-32-20.map,planner,1,12643,5798,87,51,10920,5798,10469,0,0,False,random-32-32-20-random-18.scen,260,True,
260,random-32-32-20.map,planner,1,12733,5798,87,51,11192,5798,10545,0,0,True,random-32-32-20-random-18.scen,260,True,opti
260,random-32-32-20.map,planner,1,12879,5798,101,51,10785,5798,10216,0,1,True,random-32-32-20-random-18.scen,260,True,opti
260,random-32-32-20.map,planner,1,12894,5798,102,51,11068,5798,10248,0,4,True,random-32-32-20-random-18.scen,260,True,opti
260,random-32-32-20.map,planner,1,13201,5798,91,51,11140,5798,10163,0,16,True,random-32-32-20-random-18.scen,260,True,opti
260,random-32-32-20.map,planner,1,13107,5798,101,51,11225,5798,10040,0,64,True,random-32-32-20-random-18.scen,260,True,opti
260,random-32-32-20.map,planner,0,0,5798,0,51,0,5798,10075,0,256,True,random-32-32-20-random-18.scen,260,True,opti
320,random-32-32-20.map,planner,1,19097,7278,91,51,16606,7278,10207,0,0,False,random-32-32-20-random-18.scen,320,True,
320,random-32-32-20.map,planner,1,19110,7278,120,51,16651,7278,10087,0,0,True,random-32-32-20-random-18.scen,320,True,opti
320,random-32-32-20.map,planner,1,18642,7278,142,51,15814,7278,10113,0,1,True,random-32-32-20-random-18.scen,320,True,opti
320,random-32-32-20.map,planner,1,19359,7278,148,51,16527,7278,10090,0,4,True,random-32-32-20-random-18.scen,320,True,opti
320,random-32-32-20.map,planner,1,19141,7278,137,51,16117,7278,10030,0,16,True,random-32-32-20-random-18.scen,320,True,opti
320,random-32-32-20.map,planner,0,0,7278,0,51,0,7278,10020,0,64,True,random-32-32-20-random-18.scen,320,True,opti
320,random-32-32-20.map,planner,0,0,7278,0,51,0,7278,10100,0,256,True,random-32-32-20-random-18.scen,320,True,opti
380,random-32-32-20.map,planner,1,25041,8678,113,51,21809,8678,10131,0,0,False,random-32-32-20-random-18.scen,380,True,
380,random-32-32-20.map,planner,1,27240,8678,117,51,23496,8678,10088,0,0,True,random-32-32-20-random-18.scen,380,True,opti
380,random-32-32-20.map,planner,1,30075,8678,188,51,23659,8678,10155,0,1,True,random-32-32-20-random-18.scen,380,True,opti
380,random-32-32-20.map,planner,1,28790,8678,171,51,23040,8678,10222,0,4,True,random-32-32-20-random-18.scen,380,True,opti
380,random-32-32-20.map,planner,1,33444,8678,237,51,24739,8678,10015,0,16,True,random-32-32-20-random-18.scen,380,True,opti
380,random-32-32-20.map,planner,0,0,8678,0,51,0,8678,10006,0,64,True,random-32-32-20-random-18.scen,380,True,opti
380,random-32-32-20.map,planner,0,0,8678,0,51,0,8678,10114,0,256,True,random-32-32-20-random-18.scen,380,True,opti
20,random-32-32-20.map,planner,1,484,482,43,43,484,482,11162,0,0,False,random-32-32-20-random-23.scen,20,True,
20,random-32-32-20.map,planner,1,484,482,43,43,484,482,11145,0,0,True,random-32-32-20-random-23.scen,20,True,opti
20,random-32-32-20.map,planner,1,484,482,43,43,484,482,11291,0,1,True,random-32-32-20-random-23.scen,20,True,opti
20,random-32-32-20.map,planner,1,484,482,43,43,484,482,11271,0,4,True,random-32-32-20-random-23.scen,20,True,opti
20,random-32-32-20.map,planner,1,484,482,43,43,484,482,11164,0,16,True,random-32-32-20-random-23.scen,20,True,opti
20,random-32-32-20.map,planner,1,484,482,43,43,484,482,11261,0,64,True,random-32-32-20-random-23.scen,20,True,opti
20,random-32-32-20.map,planner,1,484,482,43,43,484,482,11254,0,256,True,random-32-32-20-random-23.scen,20,True,opti
80,random-32-32-20.map,planner,1,2468,1803,50,49,2223,1803,10556,0,0,False,random-32-32-20-random-23.scen,80,True,
80,random-32-32-20.map,planner,1,2495,1803,50,49,2208,1803,10305,0,0,True,random-32-32-20-random-23.scen,80,True,opti
80,random-32-32-20.map,planner,1,2463,1803,56,49,2171,1803,10343,0,1,True,random-32-32-20-random-23.scen,80,True,opti
80,random-32-32-20.map,planner,1,2485,1803,49,49,2223,1803,10210,0,4,True,random-32-32-20-random-23.scen,80,True,opti
80,random-32-32-20.map,planner,1,2494,1803,52,49,2169,1803,10563,0,16,True,random-32-32-20-random-23.scen,80,True,opti
80,random-32-32-20.map,planner,1,2535,1803,51,49,2187,1803,10139,0,64,True,random-32-32-20-random-23.scen,80,True,opti
80,random-32-32-20.map,planner,1,2428,1803,50,49,2168,1803,10432,0,256,True,random-32-32-20-random-23.scen,80,True,opti
140,random-32-32-20.map,planner,1,4994,3135,52,49,4383,3135,10862,0,0,False,random-32-32-20-random-23.scen,140,True,
140,random-32-32-20.map,planner,1,5079,3135,55,49,4447,3135,10702,0,0,True,random-32-32-20-random-23.scen,140,True,opti
140,random-32-32-20.map,planner,1,5232,3135,60,49,4406,3135,10537,0,1,True,random-32-32-20-random-23.scen,140,True,opti
140,random-32-32-20.map,planner,1,4995,3135,55,49,4364,3135,10502,0,4,True,random-32-32-20-random-23.scen,140,True,opti
140,random-32-32-20.map,planner,1,5158,3135,55,49,4421,3135,10873,0,16,True,random-32-32-20-random-23.scen,140,True,opti
140,random-32-32-20.map,planner,1,4987,3135,54,49,4324,3135,10528,0,64,True,random-32-32-20-random-23.scen,140,True,opti
140,random-32-32-20.map,planner,1,5043,3135,54,49,4377,3135,10662,0,256,True,random-32-32-20-random-23.scen,140,True,opti
200,random-32-32-20.map,planner,1,8363,4436,62,49,7238,4436,10804,0,0,False,random-32-32-20-random-23.scen,200,True,
200,random-32-32-20.map,planner,1,8537,4436,65,49,7349,4436,10345,0,0,True,random-32-32-20-random-23.scen,200,True,opti
200,random-32-32-20.map,planner,1,8643,4436,71,49,7463,4436,10623,0,1,True,random-32-32-20-random-23.scen,200,True,opti
200,random-32-32-20.map,planner,1,8808,4436,69,49,7340,4436,10405,0,4,True,random-32-32-20-random-23.scen,200,True,opti
200,random-32-32-20.map,planner,1,9233,4436,88,49,7738,4436,10701,0,16,True,random-32-32-20-random-23.scen,200,True,opti
200,random-32-32-20.map,planner,1,8521,4436,82,49,7205,4436,10519,0,64,True,random-32-32-20-random-23.scen,200,True,opti
200,random-32-32-20.map,planner,1,9472,4436,120,49,7628,4436,10220,0,256,True,random-32-32-20-random-23.scen,200,True,opti
260,random-32-32-20.map,planner,1,13313,5847,75,51,11308,5847,10674,0,0,False,random-32-32-20-random-23.scen,260,True,
260,random-32-32-20.map,planner,1,13298,5847,80,51,11412,5847,10582,0,0,True,random-32-32-20-random-23.scen,260,True,opti
260,random-32-32-20.map,planner,1,13269,5847,92,51,11077,5847,10036,0,1,True,random-32-32-20-random-23.scen,260,True,opti
260,random-32-32-20.map,planner,1,12785,5847,93,51,10959,5847,10108,0,4,True,random-32-32-20-random-23.scen,260,True,opti
260,random-32-32-20.map,planner,1,13048,5847,90,51,10907,5847,10024,0,16,True,random-32-32-20-random-23.scen,260,True,opti
260,random-32-32-20.map,planner,1,13039,5847,92,51,10981,5847,10125,0,64,True,random-32-32-20-random-23.scen,260,True,opti
260,random-32-32-20.map,planner,1,13426,5847,107,51,11304,5847,10210,0,256,True,random-32-32-20-random-23.scen,260,True,opti
320,random-32-32-20.map,planner,1,17324,7142,77,51,15238,7142,10293,0,0,False,random-32-32-20-random-23.scen,320,True,
320,random-32-32-20.map,planner,1,20226,7142,102,51,16301,7142,10172,0,0,True,random-32-32-20-random-23.scen,320,True,opti
320,random-32-32-20.map,planner,1,18918,7142,122,51,15767,7142,10155,0,1,True,random-32-32-20-random-23.scen,320,True,opti
320,random-32-32-20.map,planner,1,18787,7142,121,51,15596,7142,10105,0,4,True,random-32-32-20-random-23.scen,320,True,opti
320,random-32-32-20.map,planner,1,18706,7142,101,51,15650,7142,10027,0,16,True,random-32-32-20-random-23.scen,320,True,opti
320,random-32-32-20.map,planner,1,19047,7142,133,51,15554,7142,10032,0,64,True,random-32-32-20-random-23.scen,320,True,opti
320,random-32-32-20.map,planner,1,18672,7142,117,51,15861,7142,10010,0,256,True,random-32-32-20-random-23.scen,320,True,opti
380,random-32-32-20.map,planner,1,26842,8462,101,51,21890,8462,10377,0,0,False,random-32-32-20-random-23.scen,380,True,
380,random-32-32-20.map,planner,1,27798,8462,139,51,22987,8462,10344,0,0,True,random-32-32-20-random-23.scen,380,True,opti
380,random-32-32-20.map,planner,1,28153,8462,195,51,22187,8462,10164,0,1,True,random-32-32-20-random-23.scen,380,True,opti
380,random-32-32-20.map,planner,1,30537,8462,203,51,23068,8462,10196,0,4,True,random-32-32-20-random-23.scen,380,True,opti
380,random-32-32-20.map,planner,1,32126,8462,202,51,23098,8462,10331,0,16,True,random-32-32-20-random-23.scen,380,True,opti
380,random-32-32-20.map,planner,1,29985,8462,176,51,23152,8462,10013,0,64,True,random-32-32-20-random-23.scen,380,True,opti
380,random-32-32-20.map,planner,0,0,8462,0,51,0,8462,10117,0,256,True,random-32-32-20-random-23.scen,380,True,opti
20,random-32-32-20.map,planner,1,586,574,48,48,586,574,10668,0,0,False,random-32-32-20-random-5.scen,20,True,
20,random-32-32-20.map,planner,1,583,574,50,48,583,574,10751,0,0,True,random-32-32-20-random-5.scen,20,True,opti
20,random-32-32-20.map,planner,1,586,574,48,48,585,574,10861,0,1,True,random-32-32-20-random-5.scen,20,True,opti
20,random-32-32-20.map,planner,1,586,574,48,48,585,574,10859,0,4,True,random-32-32-20-random-5.scen,20,True,opti
20,random-32-32-20.map,planner,1,586,574,48,48,585,574,10859,0,16,True,random-32-32-20-random-5.scen,20,True,opti
20,random-32-32-20.map,planner,1,586,574,48,48,585,574,10889,0,64,True,random-32-32-20-random-5.scen,20,True,opti
20,random-32-32-20.map,planner,1,586,574,48,48,585,574,10888,0,256,True,random-32-32-20-random-5.scen,20,True,opti
80,random-32-32-20.map,planner,1,2494,1882,48,48,2353,1882,10353,0,0,False,random-32-32-20-random-5.scen,80,True,
80,random-32-32-20.map,planner,1,2442,1882,48,48,2282,1882,11098,0,0,True,random-32-32-20-random-5.scen,80,True,opti
80,random-32-32-20.map,planner,1,2304,1882,50,48,2184,1882,10129,0,1,True,random-32-32-20-random-5.scen,80,True,opti
80,random-32-32-20.map,planner,1,2304,1882,50,48,2184,1882,10128,0,4,True,random-32-32-20-random-5.scen,80,True,opti
80,random-32-32-20.map,planner,1,2304,1882,50,48,2184,1882,10139,0,16,True,random-32-32-20-random-5.scen,80,True,opti
80,random-32-32-20.map,planner,1,2304,1882,50,48,2184,1882,10131,0,64,True,random-32-32-20-random-5.scen,80,True,opti
80,random-32-32-20.map,planner,1,2304,1882,50,48,2184,1882,10142,0,256,True,random-32-32-20-random-5.scen,80,True,opti
140,random-32-32-20.map,planner,1,4769,3200,58,58,4395,3200,11081,0,0,False,random-32-32-20-random-5.scen,140,True,
140,random-32-32-20.map,planner,1,4835,3200,63,58,4416,3200,10112,0,0,True,random-32-32-20-random-5.scen,140,True,opti
140,random-32-32-20.map,planner,1,4902,3200,77,58,4408,3200,10372,0,1,True,random-32-32-20-random-5.scen,140,True,opti
140,random-32-32-20.map,planner,1,4835,3200,63,58,4322,3200,10636,0,4,True,random-32-32-20-random-5.scen,140,True,opti
140,random-32-32-20.map,planner,1,4846,3200,61,58,4381,3200,10395,0,16,True,random-32-32-20-random-5.scen,140,True,opti
140,random-32-32-20.map,planner,1,4874,3200,60,58,4401,3200,10349,0,64,True,random-32-32-20-random-5.scen,140,True,opti
140,random-32-32-20.map,planner,1,4913,3200,70,58,4439,3200,10402,0,256,True,random-32-32-20-random-5.scen,140,True,opti
200,random-32-32-20.map,planner,1,8446,4588,66,58,7542,4588,10714,0,0,False,random-32-32-20-random-5.scen,200,True,
200,random-32-32-20.map,planner,1,8828,4588,78,58,7699,4588,10773,0,0,True,random-32-32-20-random-5.scen,200,True,opti
200,random-32-32-20.map,planner,1,8653,4588,69,58,7546,4588,10153,0,1,True,random-32-32-20-random-5.scen,200,True,opti
200,random-32-32-20.map,planner,1,8577,4588,70,58,7626,4588,10114,0,4,True,random-32-32-20-random-5.scen,200,True,opti
200,random-32-32-20.map,planner,1,8962,4588,92,58,7788,4588,10178,0,16,True,random-32-32-20-random-5.scen,200,True,opti
200,random-32-32-20.map,planner,1,8823,4588,96,58,7621,4588,10047,0,64,True,random-32-32-20-random-5.scen,200,True,opti
200,random-32-32-20.map,planner,0,0,4588,0,58,0,4588,10098,0,256,True,random-32-32-20-random-5.scen,200,True,opti
260,random-32-32-20.map,planner,1,13675,6045,86,58,11773,6045,10375,0,0,False,random-32-32-20-random-5.scen,260,True,
260,random-32-32-20.map,planner,1,13666,6045,91,58,11995,6045,10111,0,0,True,random-32-32-20-random-5.scen,260,True,opti
260,random-32-32-20.map,planner,1,14694,6045,124,58,12436,6045,10139,0,1,True,random-32-32-20-random-5.scen,260,True,opti
260,random-32-32-20.map,planner,1,14353,6045,101,58,12121,6045,10018,0,4,True,random-32-32-20-random-5.scen,260,True,opti
260,random-32-32-20.map,planner,1,14320,6045,108,58,12015,6045,10102,0,16,True,random-32-32-20-random-5.scen,260,True,opti
260,random-32-32-20.map,planner,0,0,6045,0,58,0,6045,10020,0,64,True,random-32-32-20-random-5.scen,260,True,opti
260,random-32-32-20.map,planner,0,0,6045,0,58,0,6045,10046,0,256,True,random-32-32-20-random-5.scen,260,True,opti
320,random-32-32-20.map,planner,1,19813,7367,110,58,16491,7367,10389,0,0,False,random-32-32-20-random-5.scen,320,True,
320,random-32-32-20.map,planner,1,22028,7367,134,58,17663,7367,10482,0,0,True,random-32-32-20-random-5.scen,320,True,opti
320,random-32-32-20.map,planner,1,23316,7367,186,58,18128,7367,10173,0,1,True,random-32-32-20-random-5.scen,320,True,opti
320,random-32-32-20.map,planner,1,22939,7367,183,58,17742,7367,10126,0,4,True,random-32-32-20-random-5.scen,320,True,opti
320,random-32-32-20.map,planner,0,0,7367,0,58,0,7367,10019,0,16,True,random-32-32-20-random-5.scen,320,True,opti
320,random-32-32-20.map,planner,0,0,7367,0,58,0,7367,10019,0,64,True,random-32-32-20-random-5.scen,320,True,opti
320,random-32-32-20.map,planner,0,0,7367,0,58,0,7367,10012,0,256,True,random-32-32-20-random-5.scen,320,True,opti
380,random-32-32-20.map,planner,1,27285,8654,120,58,23154,8654,10375,0,0,False,random-32-32-20-random-5.scen,380,True,
380,random-32-32-20.map,planner,1,29002,8654,124,58,23975,8654,10232,0,0,True,random-32-32-20-random-5.scen,380,True,opti
380,random-32-32-20.map,planner,1,29245,8654,165,58,23181,8654,10273,0,1,True,random-32-32-20-random-5.scen,380,True,opti
380,random-32-32-20.map,planner,0,0,8654,0,58,0,8654,10067,0,4,True,random-32-32-20-random-5.scen,380,True,opti
380,random-32-32-20.map,planner,0,0,8654,0,58,0,8654,10029,0,16,True,random-32-32-20-random-5.scen,380,True,opti
380,random-32-32-20.map,planner,0,0,8654,0,58,0,8654,10026,0,64,True,random-32-32-20-random-5.scen,380,True,opti
380,random-32-32-20.map,planner,0,0,8654,0,58,0,8654,10001,0,256,True,random-32-32-20-random-5.scen,380,True,opti
20,random-32-32-20.map,planner,1,444,438,39,39,444,438,10629,0,0,False,random-32-32-20-random-8.scen,20,True,
20,random-32-32-20.map,planner,1,444,438,39,39,444,438,10639,0,0,True,random-32-32-20-random-8.scen,20,True,opti
20,random-32-32-20.map,planner,1,444,438,39,39,444,438,10588,0,1,True,random-32-32-20-random-8.scen,20,True,opti
20,random-32-32-20.map,planner,1,444,438,39,39,444,438,10587,0,4,True,random-32-32-20-random-8.scen,20,True,opti
20,random-32-32-20.map,planner,1,444,438,39,39,444,438,10530,0,16,True,random-32-32-20-random-8.scen,20,True,opti
20,random-32-32-20.map,planner,1,444,438,39,39,444,438,10580,0,64,True,random-32-32-20-random-8.scen,20,True,opti
20,random-32-32-20.map,planner,1,444,438,39,39,444,438,10510,0,256,True,random-32-32-20-random-8.scen,20,True,opti
80,random-32-32-20.map,planner,1,2347,1804,47,43,2167,1804,10510,0,0,False,random-32-32-20-random-8.scen,80,True,
80,random-32-32-20.map,planner,1,2359,1804,49,43,2179,1804,10054,0,0,True,random-32-32-20-random-8.scen,80,True,opti
80,random-32-32-20.map,planner,1,2314,1804,47,43,2135,1804,10660,0,1,True,random-32-32-20-random-8.scen,80,True,opti
80,random-32-32-20.map,planner,1,2314,1804,47,43,2135,1804,10622,0,4,True,random-32-32-20-random-8.scen,80,True,opti
80,random-32-32-20.map,planner,1,2314,1804,47,43,2135,1804,10611,0,16,True,random-32-32-20-random-8.scen,80,True,opti
80,random-32-32-20.map,planner,1,2314,1804,47,43,2135,1804,10609,0,64,True,random-32-32-20-random-8.scen,80,True,opti
80,random-32-32-20.map,planner,1,2314,1804,47,43,2135,1804,10617,0,256,True,random-32-32-20-random-8.scen,80,True,opti
140,random-32-32-20.map,planner,1,5122,3145,66,50,4505,3145,10216,0,0,False,random-32-32-20-random-8.scen,140,True,
140,random-32-32-20.map,planner,1,5104,3145,53,50,4539,3145,11011,0,0,True,random-32-32-20-random-8.scen,140,True,opti
140,random-32-32-20.map,planner,1,4840,3145,62,50,4333,3145,10383,0,1,True,random-32-32-20-random-8.scen,140,True,opti
140,random-32-32-20.map,planner,1,4750,3145,55,50,4273,3145,10577,0,4,True,random-32-32-20-random-8.scen,140,True,opti
140,random-32-32-20.map,planner,1,4825,3145,54,50,4341,3145,10053,0,16,True,random-32-32-20-random-8.scen,140,True,opti
140,random-32-32-20.map,planner,1,4831,3145,60,50,4326,3145,10175,0,64,True,random-32-32-20-random-8.scen,140,True,opti
140,random-32-32-20.map,planner,1,4964,3145,62,50,4431,3145,10164,0,256,True,random-32-32-20-random-8.scen,140,True,opti
200,random-32-32-20.map,planner,1,8051,4489,66,56,7040,4489,10621,0,0,False,random-32-32-20-random-8.scen,200,True,
200,random-32-32-20.map,planner,1,7762,4489,62,56,6849,4489,10816,0,0,True,random-32-32-20-random-8.scen,200,True,opti
200,random-32-32-20.map,planner,1,8411,4489,81,56,7208,4489,10356,0,1,True,random-32-32-20-random-8.scen,200,True,opti
200,random-32-32-20.map,planner,1,7982,4489,73,56,7069,4489,10096,0,4,True,random-32-32-20-random-8.scen,200,True,opti
200,random-32-32-20.map,planner,1,8411,4489,79,56,7152,4489,10207,0,16,True,random-32-32-20-random-8.scen,200,True,opti
200,random-32-32-20.map,planner,1,8046,4489,71,56,7012,4489,10125,0,64,True,random-32-32-20-random-8.scen,200,True,opti
200,random-32-32-20.map,planner,1,8254,4489,87,56,7135,4489,10168,0,256,True,random-32-32-20-random-8.scen,200,True,opti
260,random-32-32-20.map,planner,1,13228,5741,73,56,11206,5741,10178,0,0,False,random-32-32-20-random-8.scen,260,True,
260,random-32-32-20.map,planner,1,12339,5741,70,56,10814,5741,10213,0,0,True,random-32-32-20-random-8.scen,260,True,opti
260,random-32-32-20.map,planner,1,12682,5741,87,56,10877,5741,10415,0,1,True,random-32-32-20-random-8.scen,260,True,opti
260,random-32-32-20.map,planner,1,12378,5741,83,56,10612,5741,10334,0,4,True,random-32-32-20-random-8.scen,260,True,opti
260,random-32-32-20.map,planner,1,12266,5741,83,56,10519,5741,10092,0,16,True,random-32-32-20-random-8.scen,260,True,opti
260,random-32-32-20.map,planner,1,12781,5741,93,56,10836,5741,10081,0,64,True,random-32-32-20-random-8.scen,260,True,opti
260,random-32-32-20.map,planner,1,14075,5741,129,56,11581,5741,10151,0,256,True,random-32-32-20-random-8.scen,260,True,opti
320,random-32-32-20.map,planner,1,18559,7221,95,56,15904,7221,10496,0,0,False,random-32-32-20-random-8.scen,320,True,
320,random-32-32-20.map,planner,1,19436,7221,129,56,16254,7221,10370,0,0,True,random-32-32-20-random-8.scen,320,True,opti
320,random-32-32-20.map,planner,1,19518,7221,131,56,16362,7221,10174,0,1,True,random-32-32-20-random-8.scen,320,True,opti
320,random-32-32-20.map,planner,1,19672,7221,145,56,16155,7221,10264,0,4,True,random-32-32-20-random-8.scen,320,True,opti
320,random-32-32-20.map,planner,1,19954,7221,134,56,16298,7221,10158,0,16,True,random-32-32-20-random-8.scen,320,True,opti
320,random-32-32-20.map,planner,0,0,7221,0,56,0,7221,10041,0,64,True,random-32-32-20-random-8.scen,320,True,opti
320,random-32-32-20.map,planner,0,0,7221,0,56,0,7221,10122,0,256,True,random-32-32-20-random-8.scen,320,True,opti
380,random-32-32-20.map,planner,1,29128,8565,126,56,23730,8565,10098,0,0,False,random-32-32-20-random-8.scen,380,True,
380,random-32-32-20.map,planner,1,28921,8565,172,56,23318,8565,10126,0,0,True,random-32-32-20-random-8.scen,380,True,opti
380,random-32-32-20.map,planner,1,29036,8565,153,56,23990,8565,10180,0,1,True,random-32-32-20-random-8.scen,380,True,opti
380,random-32-32-20.map,planner,0,0,8565,0,56,0,8565,10072,0,4,True,random-32-32-20-random-8.scen,380,True,opti
380,random-32-32-20.map,planner,0,0,8565,0,56,0,8565,10026,0,16,True,random-32-32-20-random-8.scen,380,True,opti
380,random-32-32-20.map,planner,0,0,8565,0,56,0,8565,10023,0,64,True,random-32-32-20-random-8.scen,380,True,opti
380,random-32-32-20.map,planner,0,0,8565,0,56,0,8565,10016,0,256,True,random-32-32-20-random-8.scen,380,True,opti
20,random-32-32-20.map,planner,1,419,402,37,37,411,402,10582,0,0,False,random-32-32-20-random-16.scen,20,True,
20,random-32-32-20.map,planner,1,419,402,37,37,411,402,10576,0,0,True,random-32-32-20-random-16.scen,20,True,opti
20,random-32-32-20.map,planner,1,421,402,38,37,411,402,10741,0,1,True,random-32-32-20-random-16.scen,20,True,opti
20,random-32-32-20.map,planner,1,421,402,38,37,411,402,10758,0,4,True,random-32-32-20-random-16.scen,20,True,opti
20,random-32-32-20.map,planner,1,421,402,38,37,411,402,10745,0,16,True,random-32-32-20-random-16.scen,20,True,opti
20,random-32-32-20.map,planner,1,421,402,38,37,411,402,10752,0,64,True,random-32-32-20-random-16.scen,20,True,opti
20,random-32-32-20.map,planner,1,421,402,38,37,411,402,10776,0,256,True,random-32-32-20-random-16.scen,20,True,opti
80,random-32-32-20.map,planner,1,2222,1648,44,44,2036,1648,10149,0,0,False,random-32-32-20-random-16.scen,80,True,
80,random-32-32-20.map,planner,1,2353,1648,44,44,2071,1648,10120,0,0,True,random-32-32-20-random-16.scen,80,True,opti
80,random-32-32-20.map,planner,1,2143,1648,45,44,1988,1648,10491,0,1,True,random-32-32-20-random-16.scen,80,True,opti
80,random-32-32-20.map,planner,1,2257,1648,46,44,2030,1648,10131,0,4,True,random-32-32-20-random-16.scen,80,True,opti
80,random-32-32-20.map,planner,1,2257,1648,46,44,2030,1648,10294,0,16,True,random-32-32-20-random-16.scen,80,True,opti
80,random-32-32-20.map,planner,1,2201,1648,46,44,2005,1648,10361,0,64,True,random-32-32-20-random-16.scen,80,True,opti
80,random-32-32-20.map,planner,1,2201,1648,46,44,2005,1648,10356,0,256,True,random-32-32-20-random-16.scen,80,True,opti
140,random-32-32-20.map,planner,1,4898,2963,59,57,4215,2963,10406,0,0,False,random-32-32-20-random-16.scen,140,True,
140,random-32-32-20.map,planner,1,4818,2963,58,57,4203,2963,10258,0,0,True,random-32-32-20-random-16.scen,140,True,opti
140,random-32-32-20.map,planner,1,4954,2963,59,57,4255,2963,10094,0,1,True,random-32-32-20-random-16.scen,140,True,opti
140,random-32-32-20.map,planner,1,4913,2963,59,57,4204,2963,10338,0,4,True,random-32-32-20-random-16.scen,140,True,opti
140,random-32-32-20.map,planner,1,5003,2963,74,57,4209,2963,10535,0,16,True,random-32-32-20-random-16.scen,140,True,opti
140,random-32-32-20.map,planner,1,4871,2963,59,57,4218,2963,10468,0,64,True,random-32-32-20-random-16.scen,140,True,opti
140,random-32-32-20.map,planner,1,4811,2963,57,57,4153,2963,10394,0,256,True,random-32-32-20-random-16.scen,140,True,opti
200,random-32-32-20.map,planner,1,8552,4445,63,57,7318,4445,10582,0,0,False,random-32-32-20-random-16.scen,200,True,
200,random-32-32-20.map,planner,1,8459,4445,73,57,7419,4445,10209,0,0,True,random-32-32-20-random-16.scen,200,True,opti
200,random-32-32-20.map,planner,1,8409,4445,73,57,7376,4445,10586,0,1,True,random-32-32-20-random-16.scen,200,True,opti
200,random-32-32-20.map,planner,1,8478,4445,77,57,7404,4445,10156,0,4,True,random-32-32-20-random-16.scen,200,True,opti
200,random-32-32-20.map,planner,1,8362,4445,79,57,7232,4445,10271,0,16,True,random-32-32-20-random-16.scen,200,True,opti
200,random-32-32-20.map,planner,1,8731,4445,78,57,7452,4445,10352,0,64,True,random-32-32-20-random-16.scen,200,True,opti
200,random-32-32-20.map,planner,1,8391,4445,79,57,7290,4445,10220,0,256,True,random-32-32-20-random-16.scen,200,True,opti
260,random-32-32-20.map,planner,1,12586,5742,76,57,10925,5742,10451,0,0,False,random-32-32-20-random-16.scen,260,True,
260,random-32-32-20.map,planner,1,12517,5742,87,57,10829,5742,10216,0,0,True,random-32-32-20-random-16.scen,260,True,opti
260,random-32-32-20.map,planner,1,12633,5742,93,57,10789,5742,10372,0,1,True,random-32-32-20-random-16.scen,260,True,opti
260,random-32-32-20.map,planner,1,12991,5742,107,57,10834,5742,10174,0,4,True,random-32-32-20-random-16.scen,260,True,opti
260,random-32-32-20.map,planner,1,12561,5742,90,57,10816,5742,10141,0,16,True,random-32-32-20-random-16.scen,260,True,opti
260,random-32-32-20.map,planner,1,12283,5742,89,57,10545,5742,10293,0,64,True,random-32-32-20-random-16.scen,260,True,opti
260,random-32-32-20.map,planner,1,13407,5742,102,57,10879,5742,10046,0,256,True,random-32-32-20-random-16.scen,260,True,opti
320,random-32-32-20.map,planner,1,18948,7072,97,57,15930,7072,10204,0,0,False,random-32-32-20-random-16.scen,320,True,
320,random-32-32-20.map,planner,1,19397,7072,103,57,16415,7072,10532,0,0,True,random-32-32-20-random-16.scen,320,True,opti
320,random-32-32-20.map,planner,1,19530,7072,122,57,16291,7072,10067,0,1,True,random-32-32-20-random-16.scen,320,True,opti
320,random-32-32-20.map,planner,1,18582,7072,101,57,15732,7072,10247,0,4,True,random-32-32-20-random-16.scen,320,True,opti
320,random-32-32-20.map,planner,1,18630,7072,128,57,15574,7072,10067,0,16,True,random-32-32-20-random-16.scen,320,True,opti
320,random-32-32-20.map,planner,1,19579,7072,147,57,16147,7072,10049,0,64,True,random-32-32-20-random-16.scen,320,True,opti
320,random-32-32-20.map,planner,1,20755,7072,166,57,16712,7072,10185,0,256,True,random-32-32-20-random-16.scen,320,True,opti
380,random-32-32-20.map,planner,1,26052,8481,119,59,21709,8481,10269,0,0,False,random-32-32-20-random-16.scen,380,True,
380,random-32-32-20.map,planner,1,28488,8481,175,59,23174,8481,10160,0,0,True,random-32-32-20-random-16.scen,380,True,opti
380,random-32-32-20.map,planner,1,26973,8481,158,59,22150,8481,10149,0,1,True,random-32-32-20-random-16.scen,380,True,opti
380,random-32-32-20.map,planner,0,0,8481,0,59,0,8481,10079,0,4,True,random-32-32-20-random-16.scen,380,True,opti
380,random-32-32-20.map,planner,1,29147,8481,179,59,23118,8481,10052,0,16,True,random-32-32-20-random-16.scen,380,True,opti
380,random-32-32-20.map,planner,0,0,8481,0,59,0,8481,10017,0,64,True,random-32-32-20-random-16.scen,380,True,opti
380,random-32-32-20.map,planner,0,0,8481,0,59,0,8481,10143,0,256,True,random-32-32-20-random-16.scen,380,True,opti
20,random-32-32-20.map,planner,1,475,446,46,45,456,446,11139,0,0,False,random-32-32-20-random-11.scen,20,True,
20,random-32-32-20.map,planner,1,475,446,46,45,456,446,11132,0,0,True,random-32-32-20-random-11.scen,20,True,opti
20,random-32-32-20.map,planner,1,475,446,45,45,457,446,10709,0,1,True,random-32-32-20-random-11.scen,20,True,opti
20,random-32-32-20.map,planner,1,475,446,45,45,457,446,10707,0,4,True,random-32-32-20-random-11.scen,20,True,opti
20,random-32-32-20.map,planner,1,475,446,45,45,457,446,10717,0,16,True,random-32-32-20-random-11.scen,20,True,opti
20,random-32-32-20.map,planner,1,475,446,45,45,457,446,10716,0,64,True,random-32-32-20-random-11.scen,20,True,opti
20,random-32-32-20.map,planner,1,475,446,45,45,457,446,10697,0,256,True,random-32-32-20-random-11.scen,20,True,opti
80,random-32-32-20.map,planner,1,2417,1822,55,55,2181,1822,10710,0,0,False,random-32-32-20-random-11.scen,80,True,
80,random-32-32-20.map,planner,1,2409,1822,57,55,2180,1822,10210,0,0,True,random-32-32-20-random-11.scen,80,True,opti
80,random-32-32-20.map,planner,1,2324,1822,55,55,2157,1822,10431,0,1,True,random-32-32-20-random-11.scen,80,True,opti
80,random-32-32-20.map,planner,1,2324,1822,55,55,2157,1822,10448,0,4,True,random-32-32-20-random-11.scen,80,True,opti
80,random-32-32-20.map,planner,1,2324,1822,55,55,2157,1822,10439,0,16,True,random-32-32-20-random-11.scen,80,True,opti
80,random-32-32-20.map,planner,1,2324,1822,55,55,2157,1822,10434,0,64,True,random-32-32-20-random-11.scen,80,True,opti
80,random-32-32-20.map,planner,1,2324,1822,55,55,2157,1822,10468,0,256,True,random-32-32-20-random-11.scen,80,True,opti
140,random-32-32-20.map,planner,1,4876,3100,57,55,4310,3100,11053,0,0,False,random-32-32-20-random-11.scen,140,True,
140,random-32-32-20.map,planner,1,5020,3100,65,55,4460,3100,10491,0,0,True,random-32-32-20-random-11.scen,140,True,opti
140,random-32-32-20.map,planner,1,4806,3100,57,55,4300,3100,10119,0,1,True,random-32-32-20-random-11.scen,140,True,opti
140,random-32-32-20.map,planner,1,4831,3100,58,55,4285,3100,10785,0,4,True,random-32-32-20-random-11.scen,140,True,opti
140,random-32-32-20.map,planner,1,4827,3100,68,55,4288,3100,10316,0,16,True,random-32-32-20-random-11.scen,140,True,opti
140,random-32-32-20.map,planner,1,4750,3100,66,55,4226,3100,10741,0,64,True,random-32-32-20-random-11.scen,140,True,opti
140,random-32-32-20.map,planner,1,4771,3100,57,55,4274,3100,10678,0,256,True,random-32-32-20-random-11.scen,140,True,opti
200,random-32-32-20.map,planner,1,7968,4368,62,55,7054,4368,10370,0,0,False,random-32-32-20-random-11.scen,200,True,
200,random-32-32-20.map,planner,1,8148,4368,77,55,7050,4368,10265,0,0,True,random-32-32-20-random-11.scen,200,True,opti
200,random-32-32-20.map,planner,1,8154,4368,72,55,7053,4368,10641,0,1,True,random-32-32-20-random-11.scen,200,True,opti
200,random-32-32-20.map,planner,1,8302,4368,74,55,7161,4368,10068,0,4,True,random-32-32-20-random-11.scen,200,True,opti
200,random-32-32-20.map,planner,1,8251,4368,67,55,6999,4368,10114,0,16,True,random-32-32-20-random-11.scen,200,True,opti
200,random-32-32-20.map,planner,1,8302,4368,80,55,6932,4368,10385,0,64,True,random-32-32-20-random-11.scen,200,True,opti
200,random-32-32-20.map,planner,1,8508,4368,86,55,7178,4368,10028,0,256,True,random-32-32-20-random-11.scen,200,True,opti
260,random-32-32-20.map,planner,1,12393,5639,70,55,10409,5639,10555,0,0,False,random-32-32-20-random-11.scen,260,True,
260,random-32-32-20.map,planner,1,12757,5639,89,55,10789,5639,10588,0,0,True,random-32-32-20-random-11.scen,260,True,opti
260,random-32-32-20.map,planner,1,12923,5639,106,55,10918,5639,10442,0,1,True,random-32-32-20-random-11.scen,260,True,opti
260,random-32-32-20.map,planner,1,13375,5639,105,55,11164,5639,10350,0,4,True,random-32-32-20-random-11.scen,260,True,opti
260,random-32-32-20.map,planner,1,12914,5639,116,55,10903,5639,10112,0,16,True,random-32-32-20-random-11.scen,260,True,opti
260,random-32-32-20.map,planner,1,13997,5639,117,55,11197,5639,10046,0,64,True,random-32-32-20-random-11.scen,260,True,opti
260,random-32-32-20.map,planner,0,0,5639,0,55,0,5639,10019,0,256,True,random-32-32-20-random-11.scen,260,True,opti
320,random-32-32-20.map,planner,1,19450,7069,90,55,16045,7069,10174,0,0,False,random-32-32-20-random-11.scen,320,True,
320,random-32-32-20.map,planner,1,19920,7069,120,55,16174,7069,10434,0,0,True,random-32-32-20-random-11.scen,320,True,opti
320,random-32-32-20.map,planner,1,20812,7069,141,55,16006,7069,10054,0,1,True,random-32-32-20-random-11.scen,320,True,opti
320,random-32-32-20.map,planner,1,20697,7069,124,55,16312,7069,10118,0,4,True,random-32-32-20-random-11.scen,320,True,opti
320,random-32-32-20.map,planner,1,21882,7069,160,55,16455,7069,10084,0,16,True,random-32-32-20-random-11.scen,320,True,opti
320,random-32-32-20.map,planner,1,27209,7069,241,55,17944,7069,10031,0,64,True,random-32-32-20-random-11.scen,320,True,opti
320,random-32-32-20.map,planner,0,0,7069,0,55,0,7069,10132,0,256,True,random-32-32-20-random-11.scen,320,True,opti
380,random-32-32-20.map,planner,1,27378,8376,105,55,22244,8376,10318,0,0,False,random-32-32-20-random-11.scen,380,True,
380,random-32-32-20.map,planner,1,28326,8376,126,55,22961,8376,10243,0,0,True,random-32-32-20-random-11.scen,380,True,opti
380,random-32-32-20.map,planner,1,29648,8376,162,55,23659,8376,10090,0,1,True,random-32-32-20-random-11.scen,380,True,opti
380,random-32-32-20.map,planner,1,32495,8376,217,55,24235,8376,10090,0,4,True,random-32-32-20-random-11.scen,380,True,opti
380,random-32-32-20.map,planner,1,29301,8376,200,55,22953,8376,10036,0,16,True,random-32-32-20-random-11.scen,380,True,opti
380,random-32-32-20.map,planner,1,30459,8376,200,55,22830,8376,10031,0,64,True,random-32-32-20-random-11.scen,380,True,opti
380,random-32-32-20.map,planner,0,0,8376,0,55,0,8376,10076,0,256,True,random-32-32-20-random-11.scen,380,True,opti
